season,gameId,date,goalieId,oppId,shotsAgainst,goalsAgainst,xGA,GSAx,name
20232024,2023020001,2023-10-10,8477424,18,33,4,3.545,-0.455,Juuse Saros
20232024,2023020001,2023-10-10,8477992,14,31,3,2.991,-0.009,Jonas Johansson
20232024,2023020002,2023-10-10,8475852,16,41,2,3.343,1.343,Petr Mrazek
20232024,2023020002,2023-10-10,8477465,5,35,3,3.223,0.223,Tristan Jarry
20232024,2023020003,2023-10-10,8475831,55,27,3,2.704,-0.296,Philipp Grubauer
20232024,2023020003,2023-10-10,8478499,54,33,1,3.496,2.496,Adin Hill
20232024,2023020004,2023-10-11,8475883,12,30,3,2.876,-0.124,Frederik Andersen
20232024,2023020004,2023-10-11,8476914,9,42,5,3.677,-1.323,Joonas Korpisalo
20232024,2023020005,2023-10-11,8474596,8,42,5,5.112,0.112,Jake Allen
20232024,2023020005,2023-10-11,8478492,10,24,5,1.8,-3.2,Ilya Samsonov
20232024,2023020006,2023-10-11,8476999,6,21,1,1.747,0.747,Linus Ullmark
20232024,2023020006,2023-10-11,8482821,16,32,2,3.255,1.255,Arvid Soderblom
20232024,2023020007,2023-10-11,8474593,20,37,3,4.74,1.74,Jacob Markstrom
20232024,2023020007,2023-10-11,8476945,52,21,4,2.301,-1.699,Connor Hellebuyck
20232024,2023020008,2023-10-11,8475660,26,36,4,3.449,-0.551,Cam Talbot
20232024,2023020008,2023-10-11,8480382,21,36,2,3.529,1.529,Alexandar Georgiev
20232024,2023020009,2023-10-11,8475789,22,16,4,2.92,-1.08,Jack Campbell
20232024,2023020009,2023-10-11,8477967,23,22,1,2.259,1.259,Thatcher Demko
20232024,2023020009,2023-10-11,8479193,23,5,0,0.16,0.16,Casey DeSmith
20232024,2023020009,2023-10-11,8479973,22,16,4,1.402,-2.598,Stuart Skinner
20232024,2023020010,2023-10-12,8478048,3,25,1,1.701,0.701,Igor Shesterkin
20232024,2023020010,2023-10-12,8482221,7,30,4,3.335,-0.665,Devon Levi
20232024,2023020011,2023-10-12,8478007,29,35,2,3.167,1.167,Elvis Merzlikins
20232024,2023020011,2023-10-12,8479394,4,33,2,3.04,1.04,Carter Hart
20232024,2023020012,2023-10-12,8477970,1,35,3,3.745,0.745,Vitek Vanecek
20232024,2023020012,2023-10-12,8478024,17,26,3,2.612,-0.388,Ville Husso
20232024,2023020013,2023-10-12,8476412,19,34,1,3.251,2.251,Jordan Binnington
20232024,2023020013,2023-10-12,8479979,25,24,1,2.257,1.257,Jake Oettinger
20232024,2023020014,2023-10-12,8475683,13,21,2,1.405,-0.595,Sergei Bobrovsky
20232024,2023020014,2023-10-12,8479406,30,41,0,4.793,4.793,Filip Gustavsson
20232024,2023020015,2023-10-12,8475831,55,34,2,3.583,1.583,Philipp Grubauer
20232024,2023020015,2023-10-12,8477424,18,23,0,1.945,1.945,Juuse Saros
20232024,2023020016,2023-10-12,8478039,28,32,4,3.109,-0.891,Kaapo Kahkonen
20232024,2023020016,2023-10-12,8480313,54,23,1,1.855,0.855,Logan Thompson
20232024,2023020017,2023-10-13,8478872,53,36,3,3.987,0.987,Karel Vejmelka
20232024,2023020017,2023-10-13,8481033,1,33,3,3.702,0.702,Akira Schmid
20232024,2023020018,2023-10-13,8477465,5,19,0,1.368,1.368,Tristan Jarry
20232024,2023020018,2023-10-13,8479292,15,35,4,3.677,-0.323,Charlie Lindgren
20232024,2023020019,2023-10-14,8476341,9,21,2,2.289,0.289,Anton Forsberg
20232024,2023020019,2023-10-14,8479394,4,31,5,2.484,-2.516,Carter Hart
20232024,2023020020,2023-10-14,8475683,13,34,5,3.431,-1.569,Sergei Bobrovsky
20232024,2023020020,2023-10-14,8476945,52,33,4,3.957,-0.043,Connor Hellebuyck
20232024,2023020021,2023-10-14,8477424,18,30,3,3.763,0.763,Juuse Saros
20232024,2023020021,2023-10-14,8480280,6,36,2,4.038,2.038,Jeremy Swayman
20232024,2023020022,2023-10-14,8477484,29,17,2,2.141,0.141,Spencer Martin
20232024,2023020022,2023-10-14,8478007,29,25,1,2.401,1.401,Elvis Merzlikins
20232024,2023020022,2023-10-14,8478048,3,21,5,1.734,-3.266,Igor Shesterkin
20232024,2023020023,2023-10-14,8477992,14,41,5,4.407,-0.593,Jonas Johansson
20232024,2023020023,2023-10-14,8478024,17,25,4,1.849,-2.151,Ville Husso
20232024,2023020024,2023-10-14,8475852,16,36,3,4.088,1.088,Petr Mrazek
20232024,2023020024,2023-10-14,8478470,8,30,2,4.127,2.127,Samuel Montembeault
20232024,2023020025,2023-10-14,8474593,20,28,4,3.648,-0.352,Jacob Markstrom
20232024,2023020025,2023-10-14,8477968,5,36,2,2.477,0.477,Alex Nedeljkovic
20232024,2023020026,2023-10-14,8478492,10,32,4,2.564,-1.436,Ilya Samsonov
20232024,2023020026,2023-10-14,8479406,30,33,7,4.062,-2.938,Filip Gustavsson
20232024,2023020027,2023-10-14,8478009,2,28,2,2.036,0.036,Ilya Sorokin
20232024,2023020027,2023-10-14,8482221,7,29,3,2.178,-0.822,Devon Levi
20232024,2023020028,2023-10-14,8476412,19,31,1,3.229,2.229,Jordan Binnington
20232024,2023020028,2023-10-14,8478916,55,25,1,1.809,0.809,Joey Daccord
20232024,2023020029,2023-10-14,8479193,23,40,3,4.868,1.868,Casey DeSmith
20232024,2023020029,2023-10-14,8479973,22,16,4,1.236,-2.764,Stuart Skinner
20232024,2023020030,2023-10-14,8478406,28,52,1,4.631,3.631,Mackenzie Blackwood
20232024,2023020030,2023-10-14,8480382,21,21,1,2.35,1.35,Alexandar Georgiev
20232024,2023020031,2023-10-14,8476434,24,37,3,3.141,0.141,John Gibson
20232024,2023020031,2023-10-14,8478499,54,23,1,2.14,1.14,Adin Hill
20232024,2023020032,2023-10-14,8475883,12,30,5,3.184,-1.816,Frederik Andersen
20232024,2023020032,2023-10-14,8477831,26,19,5,2.137,-2.863,Pheonix Copley
20232024,2023020033,2023-10-15,8476914,9,24,2,2.361,0.361,Joonas Korpisalo
20232024,2023020033,2023-10-15,8477035,14,37,4,2.337,-1.663,Matt Tomkins
20232024,2023020034,2023-10-15,8477293,12,23,4,2.188,-1.812,Antti Raanta
20232024,2023020034,2023-10-15,8480843,24,35,3,3.179,0.179,Lukas Dostal
20232024,2023020035,2023-10-16,8473503,17,23,0,1.729,1.729,James Reimer
20232024,2023020035,2023-10-16,8477484,29,28,4,3.711,-0.289,Spencer Martin
20232024,2023020036,2023-10-16,8475683,13,34,3,4.013,1.013,Sergei Bobrovsky
20232024,2023020036,2023-10-16,8477970,1,30,4,2.673,-1.327,Vitek Vanecek
20232024,2023020037,2023-10-16,8478048,3,27,1,3.841,2.841,Igor Shesterkin
20232024,2023020037,2023-10-16,8478971,53,28,2,2.822,0.822,Connor Ingram
20232024,2023020038,2023-10-16,8479361,10,30,3,3.537,0.537,Joseph Woll
20232024,2023020038,2023-10-16,8482821,16,36,1,3.682,2.682,Arvid Soderblom
20232024,2023020039,2023-10-16,8474593,20,23,2,3.082,1.082,Jacob Markstrom
20232024,2023020039,2023-10-16,8475311,15,40,2,3.368,1.368,Darcy Kuemper
20232024,2023020040,2023-10-17,8477992,14,31,3,2.244,-0.756,Jonas Johansson
20232024,2023020040,2023-10-17,8482221,7,25,2,2.711,0.711,Devon Levi
20232024,2023020041,2023-10-17,8470594,30,28,2,2.586,0.586,Marc-Andre Fleury
20232024,2023020041,2023-10-17,8478470,8,35,5,3.869,-1.131,Samuel Montembeault
20232024,2023020042,2023-10-17,8477967,23,42,2,4.93,2.93,Thatcher Demko
20232024,2023020042,2023-10-17,8479394,4,26,0,2.084,2.084,Carter Hart
20232024,2023020043,2023-10-17,8478009,2,14,0,1.032,1.032,Ilya Sorokin
20232024,2023020043,2023-10-17,8478872,53,34,1,2.209,1.209,Karel Vejmelka
20232024,2023020044,2023-10-17,8475789,22,44,1,4.09,3.09,Jack Campbell
20232024,2023020044,2023-10-17,8477424,18,11,4,1.312,-2.688,Juuse Saros
20232024,2023020044,2023-10-17,8480947,18,19,2,1.556,-0.444,Kevin Lankinen
20232024,2023020045,2023-10-17,8475660,26,27,1,3.162,2.162,Cam Talbot
20232024,2023020045,2023-10-17,8476945,52,29,5,3.112,-1.888,Connor Hellebuyck
20232024,2023020046,2023-10-17,8475831,55,27,3,2.448,-0.552,Philipp Grubauer
20232024,2023020046,2023-10-17,8480382,21,38,1,2.935,1.935,Alexandar Georgiev
20232024,2023020047,2023-10-17,8475883,12,2,1,0.4,-0.6,Frederik Andersen
20232024,2023020047,2023-10-17,8477293,12,14,2,1.511,-0.489,Antti Raanta
20232024,2023020047,2023-10-17,8478406,28,42,6,3.825,-2.175,Mackenzie Blackwood
20232024,2023020048,2023-10-17,8478499,54,26,2,1.945,-0.055,Adin Hill
20232024,2023020048,2023-10-17,8479979,25,34,2,3.095,1.095,Jake Oettinger
20232024,2023020049,2023-10-18,8475311,15,29,6,2.633,-3.367,Darcy Kuemper
20232024,2023020049,2023-10-18,8476341,9,24,1,1.384,0.384,Anton Forsberg
20232024,2023020050,2023-10-18,8477465,5,27,4,2.817,-1.183,Tristan Jarry
20232024,2023020050,2023-10-18,8478024,17,33,3,3.252,0.252,Ville Husso
20232024,2023020051,2023-10-19,8478435,20,27,3,2.452,-0.548,Dan Vladar
20232024,2023020051,2023-10-19,8482221,7,36,4,2.834,-1.166,Devon Levi
20232024,2023020052,2023-10-19,8475683,13,30,1,3.307,2.307,Sergei Bobrovsky
20232024,2023020052,2023-10-19,8478492,10,23,2,2.279,0.279,Ilya Samsonov
20232024,2023020053,2023-10-19,8471734,3,9,0,1.526,1.526,Jonathan Quick
20232024,2023020053,2023-10-19,8477424,18,24,1,1.573,0.573,Juuse Saros
20232024,2023020053,2023-10-19,8478048,3,18,4,2.25,-1.75,Igor Shesterkin
20232024,2023020054,2023-10-19,8475789,22,32,4,4.149,0.149,Jack Campbell
20232024,2023020054,2023-10-19,8479394,4,23,1,2.436,1.436,Carter Hart
20232024,2023020055,2023-10-19,8477967,23,36,4,3.89,-0.11,Thatcher Demko
20232024,2023020055,2023-10-19,8477992,14,29,3,2.759,-0.241,Jonas Johansson
20232024,2023020056,2023-10-19,8470594,30,25,5,2.65,-2.35,Marc-Andre Fleury
20232024,2023020056,2023-10-19,8475660,26,32,3,2.884,-0.116,Cam Talbot
20232024,2023020057,2023-10-19,8478971,53,26,2,2.193,0.193,Connor Ingram
20232024,2023020057,2023-10-19,8480981,19,42,6,4.097,-1.903,Joel Hofer
20232024,2023020058,2023-10-19,8476316,52,26,4,2.177,-1.823,Laurent Brossoit
20232024,2023020058,2023-10-19,8480313,54,39,3,3.999,0.999,Logan Thompson
20232024,2023020059,2023-10-19,8476434,24,24,3,2.571,-0.429,John Gibson
20232024,2023020059,2023-10-19,8479979,25,29,2,2.65,0.65,Jake Oettinger
20232024,2023020060,2023-10-19,8477293,12,18,4,2.562,-1.438,Antti Raanta
20232024,2023020060,2023-10-19,8478916,55,36,4,2.323,-1.677,Joey Daccord
20232024,2023020060,2023-10-19,8481611,12,17,2,1.91,-0.09,Pyotr Kochetkov
20232024,2023020061,2023-10-19,8475852,16,41,4,5.065,1.065,Petr Mrazek
20232024,2023020061,2023-10-19,8480382,21,18,0,1.841,1.841,Alexandar Georgiev
20232024,2023020062,2023-10-19,8476999,6,27,1,1.642,0.642,Linus Ullmark
20232024,2023020062,2023-10-19,8478039,28,36,3,5.16,2.16,Kaapo Kahkonen
20232024,2023020063,2023-10-20,8474593,20,28,2,2.312,0.312,Jacob Markstrom
20232024,2023020063,2023-10-20,8477484,29,37,1,2.869,1.869,Spencer Martin
20232024,2023020064,2023-10-20,8478009,2,39,5,3.178,-1.822,Ilya Sorokin
20232024,2023020064,2023-10-20,8481033,1,32,4,2.907,-1.093,Akira Schmid
20232024,2023020065,2023-10-21,8476914,9,23,5,3.2,-1.8,Joonas Korpisalo
20232024,2023020065,2023-10-21,8478024,17,37,2,3.763,1.763,Ville Husso
20232024,2023020066,2023-10-21,8478872,53,33,1,3.705,2.705,Karel Vejmelka
20232024,2023020066,2023-10-21,8480843,24,27,2,2.771,0.771,Lukas Dostal
20232024,2023020067,2023-10-21,8473575,2,42,3,4.246,1.246,Semyon Varlamov
20232024,2023020067,2023-10-21,8477480,7,25,1,2.708,1.708,Eric Comrie
20232024,2023020068,2023-10-21,8475683,13,30,4,2.048,-1.952,Sergei Bobrovsky
20232024,2023020068,2023-10-21,8479193,23,37,3,3.614,0.614,Casey DeSmith
20232024,2023020069,2023-10-21,8474596,8,33,2,3.714,1.714,Jake Allen
20232024,2023020069,2023-10-21,8475311,15,28,3,3.353,0.353,Darcy Kuemper
20232024,2023020070,2023-10-21,8477992,14,52,4,6.584,2.584,Jonas Johansson
20232024,2023020070,2023-10-21,8478492,10,4,3,0.426,-2.574,Ilya Samsonov
20232024,2023020070,2023-10-21,8479361,10,27,0,3.614,3.614,Joseph Woll
20232024,2023020071,2023-10-21,8478499,54,24,3,2.207,-0.793,Adin Hill
20232024,2023020071,2023-10-21,8482821,16,24,5,3.29,-1.71,Arvid Soderblom
20232024,2023020072,2023-10-21,8475809,25,40,4,2.289,-1.711,Scott Wedgewood
20232024,2023020072,2023-10-21,8481035,4,25,5,2.956,-2.044,Samuel Ersson
20232024,2023020073,2023-10-21,8478007,29,28,4,2.592,-1.408,Elvis Merzlikins
20232024,2023020073,2023-10-21,8479406,30,54,5,5.716,0.716,Filip Gustavsson
20232024,2023020074,2023-10-21,8477424,18,32,1,2.355,1.355,Juuse Saros
20232024,2023020074,2023-10-21,8478406,28,34,5,4.216,-0.784,Mackenzie Blackwood
20232024,2023020075,2023-10-21,8476412,19,33,2,3.704,1.704,Jordan Binnington
20232024,2023020075,2023-10-21,8477465,5,21,4,2.798,-1.202,Tristan Jarry
20232024,2023020076,2023-10-21,8480382,21,27,4,2.482,-1.518,Alexandar Georgiev
20232024,2023020076,2023-10-21,8481611,12,27,6,3.05,-2.95,Pyotr Kochetkov
20232024,2023020077,2023-10-21,8476945,52,40,2,3.102,1.102,Connor Hellebuyck
20232024,2023020077,2023-10-21,8479973,22,27,3,2.9,-0.1,Stuart Skinner
20232024,2023020078,2023-10-21,8471734,3,19,1,1.32,0.32,Jonathan Quick
20232024,2023020078,2023-10-21,8475831,55,27,4,2.555,-1.445,Philipp Grubauer
20232024,2023020079,2023-10-21,8475660,26,25,4,2.146,-1.854,Cam Talbot
20232024,2023020079,2023-10-21,8480280,6,34,2,3.137,1.137,Jeremy Swayman
20232024,2023020080,2023-10-22,8473503,17,31,2,2.407,0.407,James Reimer
20232024,2023020080,2023-10-22,8478435,20,30,6,3.116,-2.884,Dan Vladar
20232024,2023020081,2023-10-22,8476434,24,25,2,2.79,0.79,John Gibson
20232024,2023020081,2023-10-22,8476999,6,31,1,2.173,1.173,Linus Ullmark
20232024,2023020082,2023-10-23,8474596,8,37,1,3.851,2.851,Jake Allen
20232024,2023020082,2023-10-23,8477480,7,27,3,3.439,0.439,Eric Comrie
20232024,2023020083,2023-10-24,8475311,15,17,4,2.23,-1.77,Darcy Kuemper
20232024,2023020083,2023-10-24,8479361,10,38,1,3.927,2.927,Joseph Woll
20232024,2023020084,2023-10-24,8478007,29,27,3,2.513,-0.487,Elvis Merzlikins
20232024,2023020084,2023-10-24,8480843,24,37,2,3.488,1.488,Lukas Dostal
20232024,2023020085,2023-10-24,8476341,9,18,5,1.799,-3.201,Anton Forsberg
20232024,2023020085,2023-10-24,8476914,9,5,0,0.549,0.549,Joonas Korpisalo
20232024,2023020085,2023-10-24,8480045,7,38,4,3.839,-0.161,Ukko-Pekka Luukkonen
20232024,2023020086,2023-10-24,8477992,14,32,0,2.518,2.518,Jonas Johansson
20232024,2023020086,2023-10-24,8481611,12,23,3,2.312,-0.688,Pyotr Kochetkov
20232024,2023020087,2023-10-24,8477970,1,29,2,3.37,1.37,Vitek Vanecek
20232024,2023020087,2023-10-24,8480051,8,33,4,3.747,-0.253,Cayden Primeau
20232024,2023020088,2023-10-24,8477968,5,34,4,3.784,-0.216,Alex Nedeljkovic
20232024,2023020088,2023-10-24,8479979,25,39,1,4.939,3.939,Jake Oettinger
20232024,2023020089,2023-10-24,8476932,13,28,1,1.616,0.616,Anthony Stolarz
20232024,2023020089,2023-10-24,8478406,28,35,2,4.064,2.064,Mackenzie Blackwood
20232024,2023020090,2023-10-24,8478009,2,37,5,2.913,-2.087,Ilya Sorokin
20232024,2023020090,2023-10-24,8480382,21,32,4,2.877,-1.123,Alexandar Georgiev
20232024,2023020091,2023-10-24,8478024,17,38,5,4.245,-0.755,Ville Husso
20232024,2023020091,2023-10-24,8478916,55,27,4,3.175,-0.825,Joey Daccord
20232024,2023020092,2023-10-24,8475852,16,43,3,3.573,0.573,Petr Mrazek
20232024,2023020092,2023-10-24,8480280,6,23,0,2.005,2.005,Jeremy Swayman
20232024,2023020093,2023-10-24,8476412,19,29,3,2.464,-0.536,Jordan Binnington
20232024,2023020093,2023-10-24,8476945,52,20,2,2.122,0.122,Connor Hellebuyck
20232024,2023020094,2023-10-24,8475789,22,31,6,4.974,-1.026,Jack Campbell
20232024,2023020094,2023-10-24,8479406,30,28,4,2.677,-1.323,Filip Gustavsson
20232024,2023020095,2023-10-24,8477424,18,24,3,2.123,-0.877,Juuse Saros
20232024,2023020095,2023-10-24,8477967,23,18,2,1.705,-0.295,Thatcher Demko
20232024,2023020096,2023-10-24,8474593,20,20,3,2.27,-0.73,Jacob Markstrom
20232024,2023020096,2023-10-24,8478048,3,26,1,2.252,1.252,Igor Shesterkin
20232024,2023020097,2023-10-24,8477831,26,27,3,4.195,1.195,Pheonix Copley
20232024,2023020097,2023-10-24,8478872,53,18,2,2.385,0.385,Karel Vejmelka
20232024,2023020097,2023-10-24,8478971,53,9,3,0.859,-2.141,Connor Ingram
20232024,2023020098,2023-10-24,8479394,4,29,3,2.985,-0.015,Carter Hart
20232024,2023020098,2023-10-24,8480313,54,28,2,2.508,0.508,Logan Thompson
20232024,2023020099,2023-10-25,8477970,1,16,2,1.758,-0.242,Vitek Vanecek
20232024,2023020099,2023-10-25,8481033,1,8,3,0.828,-2.172,Akira Schmid
20232024,2023020099,2023-10-25,8482411,15,22,4,3.496,-0.504,Hunter Shepard
20232024,2023020100,2023-10-26,8476434,24,30,3,3.577,0.577,John Gibson
20232024,2023020100,2023-10-26,8476999,6,32,4,3.083,-0.917,Linus Ullmark
20232024,2023020101,2023-10-26,8475883,12,26,2,2.501,0.501,Frederik Andersen
20232024,2023020101,2023-10-26,8478916,55,45,3,3.022,0.022,Joey Daccord
20232024,2023020102,2023-10-26,8473503,17,28,3,2.877,-0.123,James Reimer
20232024,2023020102,2023-10-26,8476945,52,36,1,3.322,2.322,Connor Hellebuyck
20232024,2023020103,2023-10-26,8478007,29,29,4,4.001,0.001,Elvis Merzlikins
20232024,2023020103,2023-10-26,8478470,8,36,3,3.903,0.903,Samuel Montembeault
20232024,2023020104,2023-10-26,8479394,4,28,2,2.379,0.379,Carter Hart
20232024,2023020104,2023-10-26,8479406,30,35,6,3.16,-2.84,Filip Gustavsson
20232024,2023020105,2023-10-26,8477465,5,31,0,2.756,2.756,Tristan Jarry
20232024,2023020105,2023-10-26,8480382,21,24,4,2.207,-1.793,Alexandar Georgiev
20232024,2023020105,2023-10-26,8481031,21,5,0,0.219,0.219,Ivan Prosvetov
20232024,2023020106,2023-10-26,8477992,14,23,0,1.973,1.973,Jonas Johansson
20232024,2023020106,2023-10-26,8478039,28,10,1,1.399,0.399,Kaapo Kahkonen
20232024,2023020106,2023-10-26,8478406,28,21,5,3.154,-1.846,Mackenzie Blackwood
20232024,2023020107,2023-10-26,8476914,9,38,3,3.709,0.709,Joonas Korpisalo
20232024,2023020107,2023-10-26,8478009,2,47,2,4.199,2.199,Ilya Sorokin
20232024,2023020108,2023-10-26,8475809,25,23,3,1.741,-1.259,Scott Wedgewood
20232024,2023020108,2023-10-26,8479361,10,32,1,3.242,2.242,Joseph Woll
20232024,2023020109,2023-10-26,8474593,20,34,2,3.695,1.695,Jacob Markstrom
20232024,2023020109,2023-10-26,8480981,19,27,0,2.456,2.456,Joel Hofer
20232024,2023020110,2023-10-26,8471734,3,29,0,2.713,2.713,Jonathan Quick
20232024,2023020110,2023-10-26,8479973,22,32,3,2.575,-0.425,Stuart Skinner
20232024,2023020111,2023-10-27,8475852,16,21,3,2.319,-0.681,Petr Mrazek
20232024,2023020111,2023-10-27,8478499,54,24,4,1.768,-2.232,Adin Hill
20232024,2023020112,2023-10-27,8477293,12,20,0,1.7,1.7,Antti Raanta
20232024,2023020112,2023-10-27,8478039,28,40,3,5.207,2.207,Kaapo Kahkonen
20232024,2023020113,2023-10-27,8477480,7,18,2,2.169,0.169,Eric Comrie
20232024,2023020113,2023-10-27,8477970,1,27,4,2.878,-1.122,Vitek Vanecek
20232024,2023020113,2023-10-27,8480045,7,21,3,1.7,-1.3,Ukko-Pekka Luukkonen
20232024,2023020114,2023-10-27,8470594,30,33,2,3.039,1.039,Marc-Andre Fleury
20232024,2023020114,2023-10-27,8475311,15,41,2,4.234,2.234,Darcy Kuemper
20232024,2023020115,2023-10-27,8475660,26,18,1,2.028,1.028,Cam Talbot
20232024,2023020115,2023-10-27,8477831,26,6,3,0.837,-2.163,Pheonix Copley
20232024,2023020115,2023-10-27,8478872,53,41,5,3.114,-1.886,Karel Vejmelka
20232024,2023020116,2023-10-27,8476412,19,35,5,3.514,-1.486,Jordan Binnington
20232024,2023020116,2023-10-27,8477967,23,22,0,1.462,1.462,Thatcher Demko
20232024,2023020117,2023-10-28,8480843,24,30,4,2.436,-1.564,Lukas Dostal
20232024,2023020117,2023-10-28,8481035,4,25,7,3.023,-3.977,Samuel Ersson
20232024,2023020118,2023-10-28,8475683,13,33,2,2.871,0.871,Sergei Bobrovsky
20232024,2023020118,2023-10-28,8478916,55,37,3,2.638,-0.362,Joey Daccord
20232024,2023020119,2023-10-28,8478024,17,30,3,2.667,-0.333,Ville Husso
20232024,2023020119,2023-10-28,8480280,6,24,1,1.689,0.689,Jeremy Swayman
20232024,2023020120,2023-10-28,8473575,2,34,0,4.775,4.775,Semyon Varlamov
20232024,2023020120,2023-10-28,8477484,29,34,2,4.155,2.155,Spencer Martin
20232024,2023020121,2023-10-28,8474596,8,45,3,3.906,0.906,Jake Allen
20232024,2023020121,2023-10-28,8476316,52,29,3,2.603,-0.397,Laurent Brossoit
20232024,2023020122,2023-10-28,8477424,18,35,2,3.349,1.349,Juuse Saros
20232024,2023020122,2023-10-28,8478492,10,24,3,2.477,-0.523,Ilya Samsonov
20232024,2023020123,2023-10-28,8476433,5,17,2,2.478,0.478,Magnus Hellberg
20232024,2023020123,2023-10-28,8476914,9,43,2,4.777,2.777,Joonas Korpisalo
20232024,2023020123,2023-10-28,8477465,5,9,3,0.893,-2.107,Tristan Jarry
20232024,2023020124,2023-10-28,8478048,3,33,3,3.659,0.659,Igor Shesterkin
20232024,2023020124,2023-10-28,8479193,23,24,4,2.217,-1.783,Casey DeSmith
20232024,2023020125,2023-10-28,8475660,26,30,3,4.315,1.315,Cam Talbot
20232024,2023020125,2023-10-28,8480313,54,40,3,4.065,1.065,Logan Thompson
20232024,2023020126,2023-10-29,8480045,7,23,0,2.068,2.068,Ukko-Pekka Luukkonen
20232024,2023020126,2023-10-29,8480382,21,28,3,2.578,-0.422,Alexandar Georgiev
20232024,2023020127,2023-10-29,8470594,30,30,4,2.215,-1.785,Marc-Andre Fleury
20232024,2023020127,2023-10-29,8477970,1,34,3,3.384,0.384,Vitek Vanecek
20232024,2023020128,2023-10-29,8475311,15,31,1,2.831,1.831,Darcy Kuemper
20232024,2023020128,2023-10-29,8478406,28,41,2,3.549,1.549,Mackenzie Blackwood
20232024,2023020129,2023-10-29,8474593,20,32,4,4.033,0.033,Jacob Markstrom
20232024,2023020129,2023-10-29,8479973,22,26,2,2.867,0.867,Stuart Skinner
20232024,2023020130,2023-10-30,8475683,13,26,3,3.065,0.065,Sergei Bobrovsky
20232024,2023020130,2023-10-30,8476999,6,37,2,3.034,1.034,Linus Ullmark
20232024,2023020131,2023-10-30,8475883,12,28,2,3.438,1.438,Frederik Andersen
20232024,2023020131,2023-10-30,8479394,4,32,3,2.111,-0.889,Carter Hart
20232024,2023020132,2023-10-30,8476434,24,7,1,0.593,-0.407,John Gibson
20232024,2023020132,2023-10-30,8477465,5,27,4,2.615,-1.385,Tristan Jarry
20232024,2023020132,2023-10-30,8480843,24,35,2,5.855,3.855,Lukas Dostal
20232024,2023020133,2023-10-30,8475831,55,37,3,3.126,0.126,Philipp Grubauer
20232024,2023020133,2023-10-30,8477992,14,43,4,4.411,0.411,Jonas Johansson
20232024,2023020134,2023-10-30,8478009,2,36,4,3.561,-0.439,Ilya Sorokin
20232024,2023020134,2023-10-30,8478024,17,40,3,3.797,0.797,Ville Husso
20232024,2023020135,2023-10-30,8476945,52,26,3,2.423,-0.577,Connor Hellebuyck
20232024,2023020135,2023-10-30,8478048,3,29,2,2.857,0.857,Igor Shesterkin
20232024,2023020136,2023-10-30,8478007,29,32,4,2.969,-1.031,Elvis Merzlikins
20232024,2023020136,2023-10-30,8479979,25,25,3,2.482,-0.518,Jake Oettinger
20232024,2023020137,2023-10-30,8475852,16,11,1,1.648,0.648,Petr Mrazek
20232024,2023020137,2023-10-30,8478971,53,30,1,2.159,1.159,Connor Ingram
20232024,2023020137,2023-10-30,8482821,16,22,7,3.321,-3.679,Arvid Soderblom
20232024,2023020138,2023-10-30,8478470,8,25,2,2.205,0.205,Samuel Montembeault
20232024,2023020138,2023-10-30,8478499,54,39,2,2.99,0.99,Adin Hill
20232024,2023020139,2023-10-31,8475660,26,30,1,2.26,1.26,Cam Talbot
20232024,2023020139,2023-10-31,8479361,10,27,4,2.417,-1.583,Joseph Woll
20232024,2023020140,2023-10-31,8477967,23,29,2,3.078,1.078,Thatcher Demko
20232024,2023020140,2023-10-31,8480947,18,26,4,3.298,-0.702,Kevin Lankinen
20232024,2023020141,2023-11-01,8479394,4,5,2,0.735,-1.265,Carter Hart
20232024,2023020141,2023-11-01,8480045,7,40,2,2.924,0.924,Ukko-Pekka Luukkonen
20232024,2023020141,2023-11-01,8481035,4,9,2,0.721,-1.279,Samuel Ersson
20232024,2023020142,2023-11-01,8474593,20,30,4,3.835,-0.165,Jacob Markstrom
20232024,2023020142,2023-11-01,8479979,25,47,3,4.583,1.583,Jake Oettinger
20232024,2023020143,2023-11-01,8476412,19,28,4,3.042,-0.958,Jordan Binnington
20232024,2023020143,2023-11-01,8481031,21,28,1,2.293,1.293,Ivan Prosvetov
20232024,2023020144,2023-11-01,8478872,53,29,4,2.964,-1.036,Karel Vejmelka
20232024,2023020144,2023-11-01,8480843,24,35,3,3.691,0.691,Lukas Dostal
20232024,2023020145,2023-11-02,8478492,10,40,2,4.149,2.149,Ilya Samsonov
20232024,2023020145,2023-11-02,8480280,6,35,2,3.024,1.024,Jeremy Swayman
20232024,2023020146,2023-11-02,8477035,14,27,3,2.238,-0.762,Matt Tomkins
20232024,2023020146,2023-11-02,8478007,29,29,2,2.893,0.893,Elvis Merzlikins
20232024,2023020147,2023-11-02,8473503,17,26,1,2.273,1.273,James Reimer
20232024,2023020147,2023-11-02,8475683,13,22,0,1.615,1.615,Sergei Bobrovsky
20232024,2023020148,2023-11-02,8475883,12,26,2,2.984,0.984,Frederik Andersen
20232024,2023020148,2023-11-02,8478048,3,27,1,2.476,1.476,Igor Shesterkin
20232024,2023020149,2023-11-02,8475660,26,26,2,2.6,0.6,Cam Talbot
20232024,2023020149,2023-11-02,8476914,9,38,3,4.326,1.326,Joonas Korpisalo
20232024,2023020150,2023-11-02,8473575,2,32,0,3.011,3.011,Semyon Varlamov
20232024,2023020150,2023-11-02,8475311,15,21,3,1.785,-1.215,Darcy Kuemper
20232024,2023020151,2023-11-02,8477970,1,25,3,2.199,-0.801,Vitek Vanecek
20232024,2023020151,2023-11-02,8479406,30,38,5,3.889,-1.111,Filip Gustavsson
20232024,2023020152,2023-11-02,8475809,25,49,3,5.507,2.507,Scott Wedgewood
20232024,2023020152,2023-11-02,8479973,22,27,4,3.08,-0.92,Stuart Skinner
20232024,2023020153,2023-11-02,8474596,8,35,3,4.129,1.129,Jake Allen
20232024,2023020153,2023-11-02,8478971,53,30,2,2.409,0.409,Connor Ingram
20232024,2023020154,2023-11-02,8475831,55,34,2,2.967,0.967,Philipp Grubauer
20232024,2023020154,2023-11-02,8477424,18,31,4,2.346,-1.654,Juuse Saros
20232024,2023020155,2023-11-02,8476945,52,25,4,2.725,-1.275,Connor Hellebuyck
20232024,2023020155,2023-11-02,8480313,54,31,2,2.886,0.886,Logan Thompson
20232024,2023020156,2023-11-02,8477967,23,31,1,3.195,2.195,Thatcher Demko
20232024,2023020156,2023-11-02,8478039,28,19,6,1.9,-4.1,Kaapo Kahkonen
20232024,2023020156,2023-11-02,8478406,28,14,4,1.806,-2.194,Mackenzie Blackwood
20232024,2023020157,2023-11-03,8480045,7,19,5,1.793,-3.207,Ukko-Pekka Luukkonen
20232024,2023020157,2023-11-03,8481035,4,22,1,2.082,1.082,Samuel Ersson
20232024,2023020158,2023-11-03,8476412,19,34,1,3.16,2.16,Jordan Binnington
20232024,2023020158,2023-11-03,8481033,1,33,2,2.193,0.193,Akira Schmid
20232024,2023020159,2023-11-04,8475789,22,34,5,3.638,-1.362,Jack Campbell
20232024,2023020159,2023-11-04,8480947,18,35,2,3.077,1.077,Kevin Lankinen
20232024,2023020160,2023-11-04,8476945,52,25,3,3.436,0.436,Connor Hellebuyck
20232024,2023020160,2023-11-04,8478872,53,27,5,3.357,-1.643,Karel Vejmelka
20232024,2023020161,2023-11-04,8476999,6,40,5,4.239,-0.761,Linus Ullmark
20232024,2023020161,2023-11-04,8478024,17,30,4,2.578,-1.422,Ville Husso
20232024,2023020162,2023-11-04,8476341,9,17,3,2.158,-0.842,Anton Forsberg
20232024,2023020162,2023-11-04,8476914,9,21,3,2.271,-0.729,Joonas Korpisalo
20232024,2023020162,2023-11-04,8477992,14,28,4,2.769,-1.231,Jonas Johansson
20232024,2023020163,2023-11-04,8475660,26,24,0,2.211,2.211,Cam Talbot
20232024,2023020163,2023-11-04,8477361,4,30,5,2.463,-2.537,Cal Petersen
20232024,2023020164,2023-11-04,8478470,8,34,5,3.348,-1.652,Samuel Montembeault
20232024,2023020164,2023-11-04,8480981,19,33,3,2.878,-0.122,Joel Hofer
20232024,2023020165,2023-11-04,8479361,10,40,5,4.722,-0.278,Joseph Woll
20232024,2023020165,2023-11-04,8482221,7,28,4,2.855,-1.145,Devon Levi
20232024,2023020166,2023-11-04,8478007,29,27,2,2.498,0.498,Elvis Merzlikins
20232024,2023020166,2023-11-04,8479292,15,35,1,3.167,2.167,Charlie Lindgren
20232024,2023020167,2023-11-04,8477293,12,25,3,2.95,-0.05,Antti Raanta
20232024,2023020167,2023-11-04,8478009,2,46,4,2.818,-1.182,Ilya Sorokin
20232024,2023020168,2023-11-04,8475852,16,40,2,3.999,1.999,Petr Mrazek
20232024,2023020168,2023-11-04,8476932,13,24,4,2.543,-1.457,Anthony Stolarz
20232024,2023020169,2023-11-04,8470594,30,14,1,0.728,-0.272,Marc-Andre Fleury
20232024,2023020169,2023-11-04,8471734,3,39,4,4.239,0.239,Jonathan Quick
20232024,2023020169,2023-11-04,8479406,30,4,3,0.389,-2.611,Filip Gustavsson
20232024,2023020170,2023-11-04,8475831,55,29,4,2.915,-1.085,Philipp Grubauer
20232024,2023020170,2023-11-04,8478435,20,20,3,1.93,-1.07,Dan Vladar
20232024,2023020171,2023-11-04,8477465,5,26,2,1.973,-0.027,Tristan Jarry
20232024,2023020171,2023-11-04,8478406,28,18,6,1.936,-4.064,Mackenzie Blackwood
20232024,2023020171,2023-11-04,8480992,28,17,4,1.763,-2.237,Magnus Chrona
20232024,2023020172,2023-11-04,8477967,23,27,0,3.409,3.409,Thatcher Demko
20232024,2023020172,2023-11-04,8479979,25,28,2,3.128,1.128,Jake Oettinger
20232024,2023020173,2023-11-04,8478499,54,41,0,3.058,3.058,Adin Hill
20232024,2023020173,2023-11-04,8480382,21,34,7,2.977,-4.023,Alexandar Georgiev
20232024,2023020174,2023-11-05,8477970,1,34,2,2.457,0.457,Vitek Vanecek
20232024,2023020174,2023-11-05,8482821,16,40,3,4.269,1.269,Arvid Soderblom
20232024,2023020175,2023-11-05,8476434,24,32,2,3.188,1.188,John Gibson
20232024,2023020175,2023-11-05,8480313,54,22,3,2.53,-0.47,Logan Thompson
20232024,2023020176,2023-11-06,8475683,13,23,4,2.485,-1.515,Sergei Bobrovsky
20232024,2023020176,2023-11-06,8477484,29,36,2,2.448,0.448,Spencer Martin
20232024,2023020176,2023-11-06,8478007,29,10,3,1.512,-1.488,Elvis Merzlikins
20232024,2023020177,2023-11-06,8477992,14,34,6,2.716,-3.284,Jonas Johansson
20232024,2023020177,2023-11-06,8478492,10,12,4,1.283,-2.717,Ilya Samsonov
20232024,2023020177,2023-11-06,8479361,10,19,1,1.711,0.711,Joseph Woll
20232024,2023020178,2023-11-06,8479979,25,29,3,2.491,-0.509,Jake Oettinger
20232024,2023020178,2023-11-06,8480280,6,37,2,3.797,1.797,Jeremy Swayman
20232024,2023020179,2023-11-06,8477967,23,43,2,3.932,1.932,Thatcher Demko
20232024,2023020179,2023-11-06,8479973,22,36,6,3.962,-2.038,Stuart Skinner
20232024,2023020180,2023-11-07,8477293,12,21,2,1.913,-0.087,Antti Raanta
20232024,2023020180,2023-11-07,8480045,7,27,3,2.983,-0.017,Ukko-Pekka Luukkonen
20232024,2023020181,2023-11-07,8474596,8,9,4,0.898,-3.102,Jake Allen
20232024,2023020181,2023-11-07,8477035,14,26,3,3.215,0.215,Matt Tomkins
20232024,2023020181,2023-11-07,8478470,8,23,1,2.999,1.999,Samuel Montembeault
20232024,2023020182,2023-11-07,8470594,30,29,2,2.448,0.448,Marc-Andre Fleury
20232024,2023020182,2023-11-07,8473575,2,31,4,2.39,-1.61,Semyon Varlamov
20232024,2023020183,2023-11-07,8471734,3,28,3,3.146,0.146,Jonathan Quick
20232024,2023020183,2023-11-07,8478024,17,32,5,3.181,-1.819,Ville Husso
20232024,2023020184,2023-11-07,8476412,19,36,4,3.277,-0.723,Jordan Binnington
20232024,2023020184,2023-11-07,8476945,52,22,2,2.356,0.356,Connor Hellebuyck
20232024,2023020185,2023-11-07,8478916,55,27,3,2.192,-0.808,Joey Daccord
20232024,2023020185,2023-11-07,8478971,53,38,3,4.023,1.023,Connor Ingram
20232024,2023020186,2023-11-07,8474593,20,18,2,1.795,-0.205,Jacob Markstrom
20232024,2023020186,2023-11-07,8477424,18,38,3,4.072,1.072,Juuse Saros
20232024,2023020187,2023-11-07,8476433,5,11,0,0.842,0.842,Magnus Hellberg
20232024,2023020187,2023-11-07,8476434,24,35,1,2.749,1.749,John Gibson
20232024,2023020187,2023-11-07,8477465,5,20,0,1.009,1.009,Tristan Jarry
20232024,2023020188,2023-11-07,8477970,1,31,5,3.821,-1.179,Vitek Vanecek
20232024,2023020188,2023-11-07,8480382,21,23,3,1.642,-1.358,Alexandar Georgiev
20232024,2023020189,2023-11-07,8478406,28,39,1,3.616,2.616,Mackenzie Blackwood
20232024,2023020189,2023-11-07,8481035,4,19,2,1.753,-0.247,Samuel Ersson
20232024,2023020190,2023-11-08,8476914,9,30,3,2.747,-0.253,Joonas Korpisalo
20232024,2023020190,2023-11-08,8479361,10,31,6,2.877,-3.123,Joseph Woll
20232024,2023020191,2023-11-08,8475311,15,25,4,3.306,-0.694,Darcy Kuemper
20232024,2023020191,2023-11-08,8475683,13,28,3,2.45,-0.55,Sergei Bobrovsky
20232024,2023020192,2023-11-08,8475660,26,38,1,3.267,2.267,Cam Talbot
20232024,2023020192,2023-11-08,8478499,54,32,3,3.41,0.41,Adin Hill
20232024,2023020193,2023-11-09,8476999,6,29,2,3.147,1.147,Linus Ullmark
20232024,2023020193,2023-11-09,8478009,2,34,4,2.801,-1.199,Ilya Sorokin
20232024,2023020194,2023-11-09,8477484,29,30,4,3.424,-0.576,Spencer Martin
20232024,2023020194,2023-11-09,8479979,25,29,2,2.221,0.221,Jake Oettinger
20232024,2023020195,2023-11-09,8473503,17,27,3,2.093,-0.907,James Reimer
20232024,2023020195,2023-11-09,8480051,8,29,2,2.273,0.273,Cayden Primeau
20232024,2023020196,2023-11-09,8470594,30,27,3,2.909,-0.091,Marc-Andre Fleury
20232024,2023020196,2023-11-09,8475839,3,26,1,2.157,1.157,Louis Domingue
20232024,2023020197,2023-11-09,8476341,9,16,5,1.45,-3.55,Anton Forsberg
20232024,2023020197,2023-11-09,8479193,23,30,2,1.607,-0.393,Casey DeSmith
20232024,2023020198,2023-11-09,8475852,16,33,3,4.209,1.209,Petr Mrazek
20232024,2023020198,2023-11-09,8477992,14,29,5,3.694,-1.306,Jonas Johansson
20232024,2023020199,2023-11-09,8478872,53,33,2,3.25,1.25,Karel Vejmelka
20232024,2023020199,2023-11-09,8480981,19,20,1,1.51,0.51,Joel Hofer
20232024,2023020200,2023-11-09,8476316,52,23,3,2.299,-0.701,Laurent Brossoit
20232024,2023020200,2023-11-09,8477424,18,36,5,3.871,-1.129,Juuse Saros
20232024,2023020201,2023-11-09,8475831,55,26,3,1.784,-1.216,Philipp Grubauer
20232024,2023020201,2023-11-09,8481031,21,22,4,2.403,-1.597,Ivan Prosvetov
20232024,2023020202,2023-11-09,8476433,5,36,3,3.46,0.46,Magnus Hellberg
20232024,2023020202,2023-11-09,8477831,26,20,4,2.024,-1.976,Pheonix Copley
20232024,2023020203,2023-11-09,8478406,28,41,2,4.446,2.446,Mackenzie Blackwood
20232024,2023020203,2023-11-09,8479973,22,18,3,2.274,-0.726,Stuart Skinner
20232024,2023020204,2023-11-10,8479406,30,25,3,2.224,-0.776,Filip Gustavsson
20232024,2023020204,2023-11-10,8482221,7,35,2,4.144,2.144,Devon Levi
20232024,2023020205,2023-11-10,8475683,13,30,2,2.301,0.301,Sergei Bobrovsky
20232024,2023020205,2023-11-10,8477293,12,34,4,2.661,-1.339,Antti Raanta
20232024,2023020206,2023-11-10,8477970,1,5,2,0.515,-1.485,Vitek Vanecek
20232024,2023020206,2023-11-10,8479292,15,26,2,2.605,0.605,Charlie Lindgren
20232024,2023020206,2023-11-10,8481033,1,21,1,2.239,1.239,Akira Schmid
20232024,2023020207,2023-11-10,8478435,20,36,4,3.308,-0.692,Dan Vladar
20232024,2023020207,2023-11-10,8479361,10,28,4,2.912,-1.088,Joseph Woll
20232024,2023020208,2023-11-10,8480843,24,35,5,3.617,-1.383,Lukas Dostal
20232024,2023020208,2023-11-10,8481035,4,38,3,4.061,1.061,Samuel Ersson
20232024,2023020209,2023-11-10,8478039,28,39,5,3.924,-1.076,Kaapo Kahkonen
20232024,2023020209,2023-11-10,8478499,54,20,0,1.277,1.277,Adin Hill
20232024,2023020210,2023-11-11,8477484,29,28,5,3.028,-1.972,Spencer Martin
20232024,2023020210,2023-11-11,8478024,17,22,4,2.073,-1.927,Ville Husso
20232024,2023020211,2023-11-11,8475809,25,33,2,2.068,0.068,Scott Wedgewood
20232024,2023020211,2023-11-11,8476945,52,29,3,2.425,-0.575,Connor Hellebuyck
20232024,2023020212,2023-11-11,8478470,8,28,2,3.627,1.627,Samuel Montembeault
20232024,2023020212,2023-11-11,8480280,6,27,3,3.732,0.732,Jeremy Swayman
20232024,2023020213,2023-11-11,8476914,9,25,1,2.471,1.471,Joonas Korpisalo
20232024,2023020213,2023-11-11,8481692,20,38,4,2.85,-1.15,Dustin Wolf
20232024,2023020214,2023-11-11,8477992,14,32,4,2.09,-1.91,Jonas Johansson
20232024,2023020214,2023-11-11,8481611,12,22,0,2.501,2.501,Pyotr Kochetkov
20232024,2023020215,2023-11-11,8477967,23,22,5,2.44,-2.56,Thatcher Demko
20232024,2023020215,2023-11-11,8478492,10,33,2,2.955,0.955,Ilya Samsonov
20232024,2023020216,2023-11-11,8473575,2,27,3,2.316,-0.684,Semyon Varlamov
20232024,2023020216,2023-11-11,8482411,15,37,1,2.463,1.463,Hunter Shepard
20232024,2023020217,2023-11-11,8477465,5,35,0,2.291,2.291,Tristan Jarry
20232024,2023020217,2023-11-11,8480045,7,38,3,3.154,0.154,Ukko-Pekka Luukkonen
20232024,2023020218,2023-11-11,8477424,18,24,6,2.306,-3.694,Juuse Saros
20232024,2023020218,2023-11-11,8478971,53,42,5,4.182,-0.818,Connor Ingram
20232024,2023020219,2023-11-11,8476412,19,38,2,2.78,0.78,Jordan Binnington
20232024,2023020219,2023-11-11,8480382,21,28,6,3.331,-2.669,Alexandar Georgiev
20232024,2023020219,2023-11-11,8481031,21,14,2,2.734,0.734,Ivan Prosvetov
20232024,2023020220,2023-11-11,8475831,55,17,4,2.398,-1.602,Philipp Grubauer
20232024,2023020220,2023-11-11,8478916,55,9,0,0.331,0.331,Joey Daccord
20232024,2023020220,2023-11-11,8479973,22,18,1,1.328,0.328,Stuart Skinner
20232024,2023020221,2023-11-11,8475660,26,26,4,2.598,-1.402,Cam Talbot
20232024,2023020221,2023-11-11,8477361,4,37,2,2.251,0.251,Cal Petersen
20232024,2023020222,2023-11-12,8475683,13,26,3,2.043,-0.957,Sergei Bobrovsky
20232024,2023020222,2023-11-12,8482821,16,31,4,2.966,-1.034,Arvid Soderblom
20232024,2023020223,2023-11-12,8470594,30,37,8,4.586,-3.414,Marc-Andre Fleury
20232024,2023020223,2023-11-12,8479979,25,26,3,2.534,-0.466,Jake Oettinger
20232024,2023020224,2023-11-12,8474596,8,35,3,3.009,0.009,Jake Allen
20232024,2023020224,2023-11-12,8479193,23,32,2,3.602,1.602,Casey DeSmith
20232024,2023020225,2023-11-12,8471734,3,28,3,3.749,0.749,Jonathan Quick
20232024,2023020225,2023-11-12,8478007,29,40,3,3.725,0.725,Elvis Merzlikins
20232024,2023020226,2023-11-12,8476434,24,26,1,1.979,0.979,John Gibson
20232024,2023020226,2023-11-12,8478406,28,44,4,5.396,1.396,Mackenzie Blackwood
20232024,2023020227,2023-11-13,8478009,2,31,3,2.688,-0.312,Ilya Sorokin
20232024,2023020227,2023-11-13,8479973,22,33,1,2.748,1.748,Stuart Skinner
20232024,2023020228,2023-11-13,8478916,55,31,5,2.688,-2.312,Joey Daccord
20232024,2023020228,2023-11-13,8480382,21,19,1,1.2,0.2,Alexandar Georgiev
20232024,2023020229,2023-11-14,8476999,6,34,2,3.998,1.998,Linus Ullmark
20232024,2023020229,2023-11-14,8480045,7,14,0,1.416,1.416,Ukko-Pekka Luukkonen
20232024,2023020229,2023-11-14,8482221,7,18,5,2.355,-2.645,Devon Levi
20232024,2023020230,2023-11-14,8477465,5,30,3,2.665,-0.335,Tristan Jarry
20232024,2023020230,2023-11-14,8478007,29,40,4,3.734,-0.266,Elvis Merzlikins
20232024,2023020231,2023-11-14,8474593,20,35,1,3.504,2.504,Jacob Markstrom
20232024,2023020231,2023-11-14,8478470,8,29,2,1.81,-0.19,Samuel Montembeault
20232024,2023020232,2023-11-14,8479292,15,35,0,3.625,3.625,Charlie Lindgren
20232024,2023020232,2023-11-14,8480313,54,30,2,2.601,0.601,Logan Thompson
20232024,2023020233,2023-11-14,8478872,53,36,4,3.594,-0.406,Karel Vejmelka
20232024,2023020233,2023-11-14,8479979,25,26,3,2.639,-0.361,Jake Oettinger
20232024,2023020234,2023-11-14,8476434,24,30,2,3.456,1.456,John Gibson
20232024,2023020234,2023-11-14,8477424,18,20,3,1.749,-1.251,Juuse Saros
20232024,2023020235,2023-11-14,8476412,19,30,0,1.865,1.865,Jordan Binnington
20232024,2023020235,2023-11-14,8477992,14,28,4,2.884,-1.116,Jonas Johansson
20232024,2023020236,2023-11-14,8476945,52,34,3,4.141,1.141,Connor Hellebuyck
20232024,2023020236,2023-11-14,8481033,1,30,5,2.882,-2.118,Akira Schmid
20232024,2023020237,2023-11-14,8476932,13,22,3,2.922,-0.078,Anthony Stolarz
20232024,2023020237,2023-11-14,8478406,28,30,4,3.558,-0.442,Mackenzie Blackwood
20232024,2023020238,2023-11-15,8479394,4,32,1,3.628,2.628,Carter Hart
20232024,2023020238,2023-11-15,8481611,12,24,3,1.894,-1.106,Pyotr Kochetkov
20232024,2023020239,2023-11-15,8478916,55,31,4,2.986,-1.014,Joey Daccord
20232024,2023020239,2023-11-15,8479973,22,35,3,3.687,0.687,Stuart Skinner
20232024,2023020240,2023-11-15,8480382,21,17,2,1.293,-0.707,Alexandar Georgiev
20232024,2023020240,2023-11-15,8480843,24,38,8,4.678,-3.322,Lukas Dostal
20232024,2023020241,2023-11-15,8477967,23,33,3,2.303,-0.697,Thatcher Demko
20232024,2023020241,2023-11-15,8478009,2,43,4,4.599,0.599,Ilya Sorokin
20232024,2023020242,2023-11-16,8473503,17,34,5,4.831,-0.169,James Reimer
20232024,2023020242,2023-11-16,8476914,9,41,4,3.492,-0.508,Joonas Korpisalo
20232024,2023020243,2023-11-16,8478007,29,32,3,4.024,1.024,Elvis Merzlikins
20232024,2023020243,2023-11-16,8478971,53,41,2,4.289,2.289,Connor Ingram
20232024,2023020244,2023-11-16,8478499,54,28,5,2.874,-2.126,Adin Hill
20232024,2023020244,2023-11-16,8480051,8,42,6,4.783,-1.217,Cayden Primeau
20232024,2023020245,2023-11-16,8477465,5,31,5,2.88,-2.12,Tristan Jarry
20232024,2023020245,2023-11-16,8477970,1,23,2,2.543,0.543,Vitek Vanecek
20232024,2023020246,2023-11-16,8475852,16,31,3,3.716,0.716,Petr Mrazek
20232024,2023020246,2023-11-16,8477992,14,14,2,2.555,0.555,Jonas Johansson
20232024,2023020247,2023-11-16,8474593,20,22,2,1.721,-0.279,Jacob Markstrom
20232024,2023020247,2023-11-16,8479193,23,38,4,3.502,-0.498,Casey DeSmith
20232024,2023020248,2023-11-16,8473575,2,32,3,2.232,-0.768,Semyon Varlamov
20232024,2023020248,2023-11-16,8475831,55,23,3,2.218,-0.782,Philipp Grubauer
20232024,2023020249,2023-11-16,8475660,26,31,1,2.501,1.501,Cam Talbot
20232024,2023020249,2023-11-16,8475683,13,27,2,2.297,0.297,Sergei Bobrovsky
20232024,2023020250,2023-11-16,8476412,19,14,1,1.334,0.334,Jordan Binnington
20232024,2023020250,2023-11-16,8478039,28,45,1,3.948,2.948,Kaapo Kahkonen
20232024,2023020250,2023-11-16,8480981,19,21,4,2.335,-1.665,Joel Hofer
20232024,2023020251,2023-11-17,8478492,10,29,2,2.94,0.94,Ilya Samsonov
20232024,2023020251,2023-11-17,8479312,17,29,3,2.62,-0.38,Alex Lyon
20232024,2023020252,2023-11-17,8476945,52,28,2,4.248,2.248,Connor Hellebuyck
20232024,2023020252,2023-11-17,8477480,7,18,3,2.327,-0.673,Eric Comrie
20232024,2023020253,2023-11-17,8476434,24,35,2,3.254,1.254,John Gibson
20232024,2023020253,2023-11-17,8476932,13,35,1,3.29,2.29,Anthony Stolarz
20232024,2023020254,2023-11-18,8476341,9,25,1,2.119,1.119,Anton Forsberg
20232024,2023020254,2023-11-18,8479406,30,31,1,2.512,1.512,Filip Gustavsson
20232024,2023020255,2023-11-18,8479394,4,31,3,2.657,-0.343,Carter Hart
20232024,2023020255,2023-11-18,8480313,54,38,4,3.147,-0.853,Logan Thompson
20232024,2023020256,2023-11-18,8480947,18,31,2,2.65,0.65,Kevin Lankinen
20232024,2023020256,2023-11-18,8482821,16,30,3,2.537,-0.463,Arvid Soderblom
20232024,2023020257,2023-11-18,8477992,14,42,4,5.291,1.291,Jonas Johansson
20232024,2023020257,2023-11-18,8479973,22,23,5,2.38,-2.62,Stuart Skinner
20232024,2023020258,2023-11-18,8474596,8,44,5,4.787,-0.213,Jake Allen
20232024,2023020258,2023-11-18,8480280,6,22,2,2.287,0.287,Jeremy Swayman
20232024,2023020259,2023-11-18,8477293,12,28,2,3.514,1.514,Antti Raanta
20232024,2023020259,2023-11-18,8477465,5,33,3,3.261,0.261,Tristan Jarry
20232024,2023020260,2023-11-18,8474593,20,33,4,4.052,0.052,Jacob Markstrom
20232024,2023020260,2023-11-18,8478009,2,39,4,4.28,0.28,Ilya Sorokin
20232024,2023020261,2023-11-18,8477970,1,34,4,4.177,0.177,Vitek Vanecek
20232024,2023020261,2023-11-18,8478048,3,33,3,2.189,-0.811,Igor Shesterkin
20232024,2023020262,2023-11-18,8476316,52,18,2,1.302,-0.698,Laurent Brossoit
20232024,2023020262,2023-11-18,8478872,53,25,4,1.785,-2.215,Karel Vejmelka
20232024,2023020263,2023-11-18,8478007,29,26,4,2.257,-1.743,Elvis Merzlikins
20232024,2023020263,2023-11-18,8479292,15,36,3,3.109,0.109,Charlie Lindgren
20232024,2023020264,2023-11-18,8479979,25,37,5,4.127,-0.873,Jake Oettinger
20232024,2023020264,2023-11-18,8480382,21,28,3,3.911,0.911,Alexandar Georgiev
20232024,2023020265,2023-11-18,8475831,55,24,3,2.193,-0.807,Philipp Grubauer
20232024,2023020265,2023-11-18,8477967,23,26,4,3.031,-0.969,Thatcher Demko
20232024,2023020266,2023-11-18,8475660,26,30,1,2.912,1.912,Cam Talbot
20232024,2023020266,2023-11-18,8476412,19,31,5,2.885,-2.115,Jordan Binnington
20232024,2023020267,2023-11-19,8470594,30,25,4,2.348,-1.652,Marc-Andre Fleury
20232024,2023020267,2023-11-19,8479361,10,36,3,3.571,0.571,Joseph Woll
20232024,2023020268,2023-11-19,8477484,29,26,4,2.459,-1.541,Spencer Martin
20232024,2023020268,2023-11-19,8481035,4,22,2,2.041,0.041,Samuel Ersson
20232024,2023020269,2023-11-19,8477968,5,38,0,3.56,3.56,Alex Nedeljkovic
20232024,2023020269,2023-11-19,8478499,54,31,2,3.084,1.084,Adin Hill
20232024,2023020270,2023-11-19,8475852,16,20,3,1.791,-1.209,Petr Mrazek
20232024,2023020270,2023-11-19,8480045,7,26,2,1.692,-0.308,Ukko-Pekka Luukkonen
20232024,2023020271,2023-11-19,8476434,24,32,3,4.138,1.138,John Gibson
20232024,2023020271,2023-11-19,8480981,19,31,1,3.138,2.138,Joel Hofer
20232024,2023020272,2023-11-20,8475683,13,29,3,2.189,-0.811,Sergei Bobrovsky
20232024,2023020272,2023-11-20,8475717,22,32,4,3.369,-0.631,Calvin Pickard
20232024,2023020273,2023-11-20,8477992,14,27,4,2.186,-1.814,Jonas Johansson
20232024,2023020273,2023-11-20,8480280,6,47,5,4.956,-0.044,Jeremy Swayman
20232024,2023020274,2023-11-20,8475809,25,33,3,2.902,-0.098,Scott Wedgewood
20232024,2023020274,2023-11-20,8478048,3,34,4,3.799,-0.201,Igor Shesterkin
20232024,2023020275,2023-11-20,8477424,18,29,3,2.421,-0.579,Juuse Saros
20232024,2023020275,2023-11-20,8480382,21,30,4,4.195,0.195,Alexandar Georgiev
20232024,2023020276,2023-11-20,8477831,26,31,1,3.562,2.562,Pheonix Copley
20232024,2023020276,2023-11-20,8478971,53,25,4,1.878,-2.122,Connor Ingram
20232024,2023020277,2023-11-20,8475831,55,7,2,0.38,-1.62,Philipp Grubauer
20232024,2023020277,2023-11-20,8478435,20,31,3,3.324,0.324,Dan Vladar
20232024,2023020277,2023-11-20,8478916,55,24,2,1.855,-0.145,Joey Daccord
20232024,2023020278,2023-11-20,8477967,23,28,1,2.62,1.62,Thatcher Demko
20232024,2023020278,2023-11-20,8478406,28,37,3,4.129,1.129,Mackenzie Blackwood
20232024,2023020279,2023-11-22,8475717,22,14,1,1.644,0.644,Calvin Pickard
20232024,2023020279,2023-11-22,8477293,12,8,1,0.498,-0.502,Antti Raanta
20232024,2023020279,2023-11-22,8479973,22,12,4,0.934,-3.066,Stuart Skinner
20232024,2023020279,2023-11-22,8481611,12,15,2,1.738,-0.262,Pyotr Kochetkov
20232024,2023020280,2023-11-22,8475852,16,18,5,1.688,-3.312,Petr Mrazek
20232024,2023020280,2023-11-22,8478007,29,36,3,3.834,0.834,Elvis Merzlikins
20232024,2023020280,2023-11-22,8482821,16,8,2,0.943,-1.057,Arvid Soderblom
20232024,2023020281,2023-11-22,8477970,1,28,4,2.515,-1.485,Vitek Vanecek
20232024,2023020281,2023-11-22,8479312,17,16,0,1.232,1.232,Alex Lyon
20232024,2023020282,2023-11-22,8475683,13,25,3,2.456,-0.544,Sergei Bobrovsky
20232024,2023020282,2023-11-22,8476999,6,28,1,2.779,1.779,Linus Ullmark
20232024,2023020283,2023-11-22,8471734,3,32,0,2.694,2.694,Jonathan Quick
20232024,2023020283,2023-11-22,8477465,5,36,1,3.326,2.326,Tristan Jarry
20232024,2023020284,2023-11-22,8476945,52,33,2,3.276,1.276,Connor Hellebuyck
20232024,2023020284,2023-11-22,8477992,14,32,3,3.639,0.639,Jonas Johansson
20232024,2023020285,2023-11-22,8475311,15,27,3,2.548,-0.452,Darcy Kuemper
20232024,2023020285,2023-11-22,8482221,7,30,4,3.02,-0.98,Devon Levi
20232024,2023020286,2023-11-22,8478009,2,36,2,2.43,0.43,Ilya Sorokin
20232024,2023020286,2023-11-22,8479394,4,25,3,1.976,-1.024,Carter Hart
20232024,2023020287,2023-11-22,8476412,19,13,5,1.36,-3.64,Jordan Binnington
20232024,2023020287,2023-11-22,8478872,53,11,4,0.821,-3.179,Karel Vejmelka
20232024,2023020287,2023-11-22,8478971,53,20,2,2.198,0.198,Connor Ingram
20232024,2023020287,2023-11-22,8480981,19,12,0,0.978,0.978,Joel Hofer
20232024,2023020288,2023-11-22,8474593,20,45,4,5.003,1.003,Jacob Markstrom
20232024,2023020288,2023-11-22,8477424,18,26,2,3.308,1.308,Juuse Saros
20232024,2023020289,2023-11-22,8478499,54,32,1,3.242,2.242,Adin Hill
20232024,2023020289,2023-11-22,8479979,25,26,2,3.081,1.081,Jake Oettinger
20232024,2023020290,2023-11-22,8476434,24,28,4,3.112,-0.888,John Gibson
20232024,2023020290,2023-11-22,8478470,8,33,3,2.451,-0.549,Samuel Montembeault
20232024,2023020291,2023-11-22,8477967,23,24,4,2.074,-1.926,Thatcher Demko
20232024,2023020291,2023-11-22,8480382,21,29,2,2.534,0.534,Alexandar Georgiev
20232024,2023020292,2023-11-22,8478039,28,17,4,2.038,-1.962,Kaapo Kahkonen
20232024,2023020292,2023-11-22,8478406,28,13,3,2.191,-0.809,Mackenzie Blackwood
20232024,2023020292,2023-11-22,8478916,55,14,1,0.909,-0.091,Joey Daccord
20232024,2023020293,2023-11-24,8478024,17,27,2,2.813,0.813,Ville Husso
20232024,2023020293,2023-11-24,8480280,6,27,4,3.725,-0.275,Jeremy Swayman
20232024,2023020294,2023-11-24,8478048,3,37,1,2.728,1.728,Igor Shesterkin
20232024,2023020294,2023-11-24,8479394,4,19,3,1.653,-1.347,Carter Hart
20232024,2023020295,2023-11-24,8478492,10,34,4,3.209,-0.791,Ilya Samsonov
20232024,2023020295,2023-11-24,8482821,16,37,3,4.563,1.563,Arvid Soderblom
20232024,2023020296,2023-11-24,8478007,29,38,1,3.178,2.178,Elvis Merzlikins
20232024,2023020296,2023-11-24,8481033,1,28,2,2.225,0.225,Akira Schmid
20232024,2023020297,2023-11-24,8476412,19,20,4,2.298,-1.702,Jordan Binnington
20232024,2023020297,2023-11-24,8480947,18,39,3,3.193,0.193,Kevin Lankinen
20232024,2023020297,2023-11-24,8480981,19,15,4,2.084,-1.916,Joel Hofer
20232024,2023020298,2023-11-24,8479292,15,35,5,3.292,-1.708,Charlie Lindgren
20232024,2023020298,2023-11-24,8479973,22,25,0,1.578,1.578,Stuart Skinner
20232024,2023020299,2023-11-24,8475660,26,31,2,1.995,-0.005,Cam Talbot
20232024,2023020299,2023-11-24,8476434,24,31,5,2.69,-2.31,John Gibson
20232024,2023020300,2023-11-24,8478406,28,24,2,3.297,1.297,Mackenzie Blackwood
20232024,2023020300,2023-11-24,8480051,8,33,2,3.385,1.385,Cayden Primeau
20232024,2023020301,2023-11-24,8477968,5,34,3,3.278,0.278,Alex Nedeljkovic
20232024,2023020301,2023-11-24,8480045,7,33,2,3.041,1.041,Ukko-Pekka Luukkonen
20232024,2023020302,2023-11-24,8473575,2,31,3,2.722,-0.278,Semyon Varlamov
20232024,2023020302,2023-11-24,8476341,9,26,5,2.763,-2.237,Anton Forsberg
20232024,2023020303,2023-11-24,8476883,14,24,2,1.977,-0.023,Andrei Vasilevskiy
20232024,2023020303,2023-11-24,8477293,12,14,8,2.025,-5.975,Antti Raanta
20232024,2023020304,2023-11-24,8475683,13,30,2,2.771,0.771,Sergei Bobrovsky
20232024,2023020304,2023-11-24,8476945,52,33,0,1.702,1.702,Connor Hellebuyck
20232024,2023020305,2023-11-24,8474593,20,28,4,2.743,-1.257,Jacob Markstrom
20232024,2023020305,2023-11-24,8479979,25,26,6,3.06,-2.94,Jake Oettinger
20232024,2023020306,2023-11-24,8479406,30,25,3,2.828,-0.172,Filip Gustavsson
20232024,2023020306,2023-11-24,8480382,21,21,2,2.24,0.24,Alexandar Georgiev
20232024,2023020307,2023-11-24,8477967,23,24,1,2.39,1.39,Thatcher Demko
20232024,2023020307,2023-11-24,8478916,55,27,5,2.894,-2.106,Joey Daccord
20232024,2023020308,2023-11-25,8471734,3,31,4,3.498,-0.502,Jonathan Quick
20232024,2023020308,2023-11-25,8476999,6,40,7,4.977,-2.023,Linus Ullmark
20232024,2023020309,2023-11-25,8474596,8,30,4,3.496,-0.504,Jake Allen
20232024,2023020309,2023-11-25,8477831,26,18,0,1.489,1.489,Pheonix Copley
20232024,2023020310,2023-11-25,8477480,7,17,4,2.136,-1.864,Eric Comrie
20232024,2023020310,2023-11-25,8477970,1,12,2,1.336,-0.664,Vitek Vanecek
20232024,2023020310,2023-11-25,8482221,7,20,3,2.451,-0.549,Devon Levi
20232024,2023020311,2023-11-25,8477465,5,33,2,3.355,1.355,Tristan Jarry
20232024,2023020311,2023-11-25,8479361,10,35,3,3.098,0.098,Joseph Woll
20232024,2023020312,2023-11-25,8478009,2,40,0,3.2,3.2,Ilya Sorokin
20232024,2023020312,2023-11-25,8481035,4,25,0,2.192,2.192,Samuel Ersson
20232024,2023020313,2023-11-25,8478435,20,24,3,2.437,-0.563,Dan Vladar
20232024,2023020313,2023-11-25,8481031,21,30,1,2.139,1.139,Ivan Prosvetov
20232024,2023020314,2023-11-25,8478039,28,33,3,4.708,1.708,Kaapo Kahkonen
20232024,2023020314,2023-11-25,8479193,23,22,4,1.95,-2.05,Casey DeSmith
20232024,2023020315,2023-11-25,8478971,53,34,0,3.236,3.236,Connor Ingram
20232024,2023020315,2023-11-25,8480313,54,17,1,1.189,0.189,Logan Thompson
20232024,2023020316,2023-11-26,8479312,17,38,1,2.065,1.065,Alex Lyon
20232024,2023020316,2023-11-26,8479406,30,22,3,2.864,-0.136,Filip Gustavsson
20232024,2023020317,2023-11-26,8476412,19,33,2,2.633,0.633,Jordan Binnington
20232024,2023020317,2023-11-26,8482821,16,28,4,3.524,-0.476,Arvid Soderblom
20232024,2023020318,2023-11-26,8478007,29,43,3,4.318,1.318,Elvis Merzlikins
20232024,2023020318,2023-11-26,8481611,12,23,2,2.047,0.047,Pyotr Kochetkov
20232024,2023020319,2023-11-26,8476316,52,26,3,2.635,-0.365,Laurent Brossoit
20232024,2023020319,2023-11-26,8477424,18,34,2,2.978,0.978,Juuse Saros
20232024,2023020320,2023-11-26,8476434,24,10,2,0.96,-1.04,John Gibson
20232024,2023020320,2023-11-26,8479973,22,23,2,1.591,-0.409,Stuart Skinner
20232024,2023020320,2023-11-26,8480843,24,16,6,1.607,-4.393,Lukas Dostal
20232024,2023020321,2023-11-27,8476999,6,20,2,2.047,0.047,Linus Ullmark
20232024,2023020321,2023-11-27,8477484,29,33,2,3.198,1.198,Spencer Martin
20232024,2023020321,2023-11-27,8480280,6,19,2,1.636,-0.364,Jeremy Swayman
20232024,2023020322,2023-11-27,8478048,3,38,4,3.819,-0.181,Igor Shesterkin
20232024,2023020322,2023-11-27,8480045,7,26,1,2.606,1.606,Ukko-Pekka Luukkonen
20232024,2023020323,2023-11-27,8475683,13,20,0,1.804,1.804,Sergei Bobrovsky
20232024,2023020323,2023-11-27,8476914,9,37,5,3.405,-1.595,Joonas Korpisalo
20232024,2023020324,2023-11-27,8476883,14,22,3,1.736,-1.264,Andrei Vasilevskiy
20232024,2023020324,2023-11-27,8480382,21,39,1,3.488,2.488,Alexandar Georgiev
20232024,2023020325,2023-11-27,8478435,20,28,1,2.43,1.43,Dan Vladar
20232024,2023020325,2023-11-27,8478499,54,34,2,3.253,1.253,Adin Hill
20232024,2023020326,2023-11-27,8475311,15,23,2,1.914,-0.086,Darcy Kuemper
20232024,2023020326,2023-11-27,8478406,28,34,1,2.782,1.782,Mackenzie Blackwood
20232024,2023020327,2023-11-28,8477970,1,18,4,2.43,-1.57,Vitek Vanecek
20232024,2023020327,2023-11-28,8478009,2,33,5,3.616,-1.384,Ilya Sorokin
20232024,2023020327,2023-11-28,8481033,1,8,0,0.534,0.534,Akira Schmid
20232024,2023020328,2023-11-28,8479394,4,35,3,2.403,-0.597,Carter Hart
20232024,2023020328,2023-11-28,8481611,12,29,1,1.902,0.902,Pyotr Kochetkov
20232024,2023020329,2023-11-28,8476932,13,32,1,2.5,1.5,Anthony Stolarz
20232024,2023020329,2023-11-28,8479361,10,39,1,3.162,2.162,Joseph Woll
20232024,2023020330,2023-11-28,8476412,19,37,3,3.193,0.193,Jordan Binnington
20232024,2023020330,2023-11-28,8479406,30,24,1,2.262,1.262,Filip Gustavsson
20232024,2023020331,2023-11-28,8477424,18,31,2,2.877,0.877,Juuse Saros
20232024,2023020331,2023-11-28,8477465,5,25,3,2.268,-0.732,Tristan Jarry
20232024,2023020332,2023-11-28,8476945,52,21,2,1.686,-0.314,Connor Hellebuyck
20232024,2023020332,2023-11-28,8479979,25,27,0,2.243,2.243,Jake Oettinger
20232024,2023020333,2023-11-28,8475831,55,23,4,2.016,-1.984,Philipp Grubauer
20232024,2023020333,2023-11-28,8475852,16,36,3,3.171,0.171,Petr Mrazek
20232024,2023020334,2023-11-28,8477992,14,27,3,2.976,-0.024,Jonas Johansson
20232024,2023020334,2023-11-28,8478971,53,31,1,3.32,2.32,Connor Ingram
20232024,2023020335,2023-11-28,8479973,22,27,4,2.83,-1.17,Stuart Skinner
20232024,2023020335,2023-11-28,8480313,54,34,4,4.104,0.104,Logan Thompson
20232024,2023020336,2023-11-28,8476434,24,26,2,2.56,0.56,John Gibson
20232024,2023020336,2023-11-28,8477967,23,31,1,2.486,1.486,Thatcher Demko
20232024,2023020337,2023-11-29,8478007,29,30,3,2.643,-0.357,Elvis Merzlikins
20232024,2023020337,2023-11-29,8478470,8,28,2,2.345,0.345,Samuel Montembeault
20232024,2023020338,2023-11-29,8478024,17,41,3,3.525,0.525,Ville Husso
20232024,2023020338,2023-11-29,8478048,3,27,2,2.777,0.777,Igor Shesterkin
20232024,2023020339,2023-11-29,8475660,26,15,2,2.031,0.031,Cam Talbot
20232024,2023020339,2023-11-29,8479292,15,39,1,4.373,3.373,Charlie Lindgren
20232024,2023020340,2023-11-30,8478406,28,37,3,3.511,0.511,Mackenzie Blackwood
20232024,2023020340,2023-11-30,8480280,6,26,0,1.67,1.67,Jeremy Swayman
20232024,2023020341,2023-11-30,8473575,2,43,4,5.004,1.004,Semyon Varlamov
20232024,2023020341,2023-11-30,8481611,12,16,5,2.445,-2.555,Pyotr Kochetkov
20232024,2023020342,2023-11-30,8475852,16,29,5,3.61,-1.39,Petr Mrazek
20232024,2023020342,2023-11-30,8479312,17,35,1,2.956,1.956,Alex Lyon
20232024,2023020343,2023-11-30,8475683,13,22,1,2.395,1.395,Sergei Bobrovsky
20232024,2023020343,2023-11-30,8480051,8,29,5,2.55,-2.45,Cayden Primeau
20232024,2023020344,2023-11-30,8479394,4,35,4,4.568,0.568,Carter Hart
20232024,2023020344,2023-11-30,8481033,1,47,3,3.795,0.795,Akira Schmid
20232024,2023020345,2023-11-30,8476883,14,28,3,2.077,-0.923,Andrei Vasilevskiy
20232024,2023020345,2023-11-30,8477465,5,41,2,3.35,1.35,Tristan Jarry
20232024,2023020346,2023-11-30,8475831,55,28,3,2.739,-0.261,Philipp Grubauer
20232024,2023020346,2023-11-30,8479361,10,40,3,4.297,1.297,Joseph Woll
20232024,2023020347,2023-11-30,8477424,18,15,4,1.55,-2.45,Juuse Saros
20232024,2023020347,2023-11-30,8479406,30,27,1,2.389,1.389,Filip Gustavsson
20232024,2023020347,2023-11-30,8480947,18,16,2,1.483,-0.517,Kevin Lankinen
20232024,2023020348,2023-11-30,8476412,19,46,4,4.41,0.41,Jordan Binnington
20232024,2023020348,2023-11-30,8480045,7,20,6,2.282,-3.718,Ukko-Pekka Luukkonen
20232024,2023020349,2023-11-30,8476945,52,38,2,3.448,1.448,Connor Hellebuyck
20232024,2023020349,2023-11-30,8479973,22,26,1,3.451,2.451,Stuart Skinner
20232024,2023020350,2023-11-30,8478971,53,31,3,2.729,-0.271,Connor Ingram
20232024,2023020350,2023-11-30,8480382,21,33,4,3.765,-0.235,Alexandar Georgiev
20232024,2023020351,2023-11-30,8474593,20,16,3,1.638,-1.362,Jacob Markstrom
20232024,2023020351,2023-11-30,8475809,25,36,4,2.424,-1.576,Scott Wedgewood
20232024,2023020352,2023-11-30,8475311,15,32,4,3.44,-0.56,Darcy Kuemper
20232024,2023020352,2023-11-30,8476434,24,26,5,3.754,-1.246,John Gibson
20232024,2023020353,2023-11-30,8477967,23,44,4,2.845,-1.155,Thatcher Demko
20232024,2023020353,2023-11-30,8478499,54,16,0,1.379,1.379,Adin Hill
20232024,2023020353,2023-11-30,8480313,54,6,1,0.635,-0.365,Logan Thompson
20232024,2023020354,2023-12-01,8476914,9,23,4,1.638,-2.362,Joonas Korpisalo
20232024,2023020354,2023-12-01,8478007,29,43,2,5.009,3.009,Elvis Merzlikins
20232024,2023020355,2023-12-01,8478039,28,47,3,6.165,3.165,Kaapo Kahkonen
20232024,2023020355,2023-12-01,8481033,1,17,5,2.153,-2.847,Akira Schmid
20232024,2023020356,2023-12-02,8476883,14,25,6,3.692,-2.308,Andrei Vasilevskiy
20232024,2023020356,2023-12-02,8477992,14,9,2,0.554,-1.446,Jonas Johansson
20232024,2023020356,2023-12-02,8479979,25,33,1,3.118,2.118,Jake Oettinger
20232024,2023020357,2023-12-02,8476945,52,21,1,1.992,0.992,Connor Hellebuyck
20232024,2023020357,2023-12-02,8482821,16,28,3,2.47,-0.53,Arvid Soderblom
20232024,2023020358,2023-12-02,8478048,3,40,3,3.388,0.388,Igor Shesterkin
20232024,2023020358,2023-12-02,8480947,18,25,4,2.147,-1.853,Kevin Lankinen
20232024,2023020359,2023-12-02,8476932,13,27,4,2.323,-1.677,Anthony Stolarz
20232024,2023020359,2023-12-02,8478009,2,45,3,3.765,0.765,Ilya Sorokin
20232024,2023020360,2023-12-02,8477480,7,37,6,4.338,-1.662,Eric Comrie
20232024,2023020360,2023-12-02,8481611,12,22,2,1.649,-0.351,Pyotr Kochetkov
20232024,2023020361,2023-12-02,8474596,8,33,5,5.258,0.258,Jake Allen
20232024,2023020361,2023-12-02,8478024,17,30,4,2.088,-1.912,Ville Husso
20232024,2023020362,2023-12-02,8476341,9,39,0,3.04,3.04,Anton Forsberg
20232024,2023020362,2023-12-02,8478916,55,28,2,3.108,1.108,Joey Daccord
20232024,2023020363,2023-12-02,8477465,5,33,3,2.607,-0.393,Tristan Jarry
20232024,2023020363,2023-12-02,8481035,4,32,3,2.551,-0.449,Samuel Ersson
20232024,2023020364,2023-12-02,8476999,6,40,3,4.163,1.163,Linus Ullmark
20232024,2023020364,2023-12-02,8479361,10,37,4,4.333,0.333,Joseph Woll
20232024,2023020365,2023-12-02,8478971,53,32,1,2.732,1.732,Connor Ingram
20232024,2023020365,2023-12-02,8480981,19,21,3,2.179,-0.821,Joel Hofer
20232024,2023020366,2023-12-02,8476434,24,37,3,3.509,0.509,John Gibson
20232024,2023020366,2023-12-02,8481031,21,37,3,3.62,0.62,Ivan Prosvetov
20232024,2023020367,2023-12-02,8474593,20,21,3,3.346,0.346,Jacob Markstrom
20232024,2023020367,2023-12-02,8477967,23,24,3,2.039,-0.961,Thatcher Demko
20232024,2023020368,2023-12-02,8475311,15,35,3,3.481,0.481,Darcy Kuemper
20232024,2023020368,2023-12-02,8480313,54,22,1,1.93,0.93,Logan Thompson
20232024,2023020369,2023-12-03,8470594,30,29,1,3.007,2.007,Marc-Andre Fleury
20232024,2023020369,2023-12-03,8475852,16,34,4,3.374,-0.626,Petr Mrazek
20232024,2023020370,2023-12-03,8471734,3,28,5,2.886,-2.114,Jonathan Quick
20232024,2023020370,2023-12-03,8478406,28,36,6,5.086,-0.914,Mackenzie Blackwood
20232024,2023020371,2023-12-03,8477484,29,28,3,2.959,-0.041,Spencer Martin
20232024,2023020371,2023-12-03,8480280,6,25,1,2.803,1.803,Jeremy Swayman
20232024,2023020372,2023-12-03,8477424,18,35,1,2.525,1.525,Juuse Saros
20232024,2023020372,2023-12-03,8480045,7,29,2,2.884,0.884,Ukko-Pekka Luukkonen
20232024,2023020373,2023-12-03,8475660,26,21,1,1.643,0.643,Cam Talbot
20232024,2023020373,2023-12-03,8480382,21,37,3,3.23,0.23,Alexandar Georgiev
20232024,2023020374,2023-12-04,8477968,5,33,2,3.265,1.265,Alex Nedeljkovic
20232024,2023020374,2023-12-04,8479394,4,32,1,2.956,1.956,Carter Hart
20232024,2023020375,2023-12-04,8476883,14,25,0,2.085,2.085,Andrei Vasilevskiy
20232024,2023020375,2023-12-04,8479979,25,23,4,2.142,-1.858,Jake Oettinger
20232024,2023020376,2023-12-04,8475831,55,29,3,3.164,0.164,Philipp Grubauer
20232024,2023020376,2023-12-04,8478470,8,33,2,2.336,0.336,Samuel Montembeault
20232024,2023020377,2023-12-04,8476316,52,43,1,3.078,2.078,Laurent Brossoit
20232024,2023020377,2023-12-04,8477293,12,22,2,2.345,0.345,Antti Raanta
20232024,2023020378,2023-12-04,8475311,15,5,3,0.566,-2.434,Darcy Kuemper
20232024,2023020378,2023-12-04,8478971,53,26,0,2.927,2.927,Connor Ingram
20232024,2023020378,2023-12-04,8479292,15,22,3,2.419,-0.581,Charlie Lindgren
20232024,2023020379,2023-12-04,8476412,19,34,1,3.386,2.386,Jordan Binnington
20232024,2023020379,2023-12-04,8480313,54,27,2,1.927,-0.073,Logan Thompson
20232024,2023020380,2023-12-05,8477480,7,26,4,3.03,-0.97,Eric Comrie
20232024,2023020380,2023-12-05,8479312,17,32,3,2.55,-0.45,Alex Lyon
20232024,2023020381,2023-12-05,8477831,26,29,3,2.816,-0.184,Pheonix Copley
20232024,2023020381,2023-12-05,8478007,29,39,4,4.323,0.323,Elvis Merzlikins
20232024,2023020382,2023-12-05,8476341,9,35,2,3.813,1.813,Anton Forsberg
20232024,2023020382,2023-12-05,8478048,3,35,5,2.708,-2.292,Igor Shesterkin
20232024,2023020383,2023-12-05,8478009,2,37,5,3.307,-1.693,Ilya Sorokin
20232024,2023020383,2023-12-05,8478039,28,39,4,3.685,-0.315,Kaapo Kahkonen
20232024,2023020384,2023-12-05,8477424,18,28,3,2.827,-0.173,Juuse Saros
20232024,2023020384,2023-12-05,8482821,16,30,3,3.183,0.183,Arvid Soderblom
20232024,2023020385,2023-12-05,8478435,20,16,3,1.972,-1.028,Dan Vladar
20232024,2023020385,2023-12-05,8479406,30,30,2,2.372,0.372,Filip Gustavsson
20232024,2023020385,2023-12-05,8481692,20,13,2,1.351,-0.649,Dustin Wolf
20232024,2023020386,2023-12-05,8476434,24,30,3,3.387,0.387,John Gibson
20232024,2023020386,2023-12-05,8480382,21,33,2,3.156,1.156,Alexandar Georgiev
20232024,2023020387,2023-12-05,8477967,23,32,6,4.643,-1.357,Thatcher Demko
20232024,2023020387,2023-12-05,8477970,1,33,5,4.913,-0.087,Vitek Vanecek
20232024,2023020388,2023-12-06,8475683,13,33,4,2.495,-1.505,Sergei Bobrovsky
20232024,2023020388,2023-12-06,8479979,25,31,5,4.521,-0.479,Jake Oettinger
20232024,2023020389,2023-12-06,8476883,14,25,1,2.07,1.07,Andrei Vasilevskiy
20232024,2023020389,2023-12-06,8477465,5,27,3,2.896,-0.104,Tristan Jarry
20232024,2023020390,2023-12-06,8476412,19,48,5,5.624,0.624,Jordan Binnington
20232024,2023020390,2023-12-06,8480313,54,29,3,2.344,-0.656,Logan Thompson
20232024,2023020391,2023-12-06,8477293,12,28,3,3.803,0.803,Antti Raanta
20232024,2023020391,2023-12-06,8479973,22,39,1,2.767,1.767,Stuart Skinner
20232024,2023020391,2023-12-06,8481611,12,6,3,1.31,-1.69,Pyotr Kochetkov
20232024,2023020392,2023-12-07,8476999,6,35,3,2.567,-0.433,Linus Ullmark
20232024,2023020392,2023-12-07,8482221,7,32,1,3.126,2.126,Devon Levi
20232024,2023020393,2023-12-07,8478024,17,36,6,3.46,-2.54,Ville Husso
20232024,2023020393,2023-12-07,8478039,28,11,1,0.65,-0.35,Kaapo Kahkonen
20232024,2023020393,2023-12-07,8478406,28,20,4,1.988,-2.012,Mackenzie Blackwood
20232024,2023020394,2023-12-07,8475660,26,24,0,2.053,2.053,Cam Talbot
20232024,2023020394,2023-12-07,8478470,8,42,4,3.325,-0.675,Samuel Montembeault
20232024,2023020395,2023-12-07,8474889,10,10,1,1.072,0.072,Martin Jones
20232024,2023020395,2023-12-07,8476341,9,22,4,1.522,-2.478,Anton Forsberg
20232024,2023020395,2023-12-07,8479361,10,31,2,2.61,0.61,Joseph Woll
20232024,2023020396,2023-12-07,8475809,25,27,4,2.672,-1.328,Scott Wedgewood
20232024,2023020396,2023-12-07,8479292,15,38,4,3.462,-0.538,Charlie Lindgren
20232024,2023020397,2023-12-07,8473575,2,35,3,3.364,0.364,Semyon Varlamov
20232024,2023020397,2023-12-07,8477484,29,36,7,2.912,-4.088,Spencer Martin
20232024,2023020398,2023-12-07,8477424,18,33,1,3.037,2.037,Juuse Saros
20232024,2023020398,2023-12-07,8477992,14,29,4,2.35,-1.65,Jonas Johansson
20232024,2023020399,2023-12-07,8475852,16,37,0,3.101,3.101,Petr Mrazek
20232024,2023020399,2023-12-07,8480843,24,25,1,2.432,1.432,Lukas Dostal
20232024,2023020400,2023-12-07,8478971,53,26,4,2.199,-1.801,Connor Ingram
20232024,2023020400,2023-12-07,8479394,4,26,1,1.494,0.494,Carter Hart
20232024,2023020401,2023-12-07,8481611,12,27,3,3.418,0.418,Pyotr Kochetkov
20232024,2023020401,2023-12-07,8481692,20,30,2,1.549,-0.451,Dustin Wolf
20232024,2023020402,2023-12-07,8476945,52,34,2,2.688,0.688,Connor Hellebuyck
20232024,2023020402,2023-12-07,8480382,21,27,3,2.23,-0.77,Alexandar Georgiev
20232024,2023020403,2023-12-07,8475831,55,17,2,1.551,-0.449,Philipp Grubauer
20232024,2023020403,2023-12-07,8481033,1,38,1,4.161,3.161,Akira Schmid
20232024,2023020404,2023-12-07,8479193,23,26,0,1.398,1.398,Casey DeSmith
20232024,2023020404,2023-12-07,8479406,30,17,2,2.067,0.067,Filip Gustavsson
20232024,2023020405,2023-12-08,8480981,19,21,4,2.145,-1.855,Joel Hofer
20232024,2023020405,2023-12-08,8482982,29,43,2,3.673,1.673,Jet Greaves
20232024,2023020406,2023-12-08,8475683,13,26,1,3.068,2.068,Sergei Bobrovsky
20232024,2023020406,2023-12-08,8477465,5,32,2,3.524,1.524,Tristan Jarry
20232024,2023020407,2023-12-08,8470594,30,40,4,4.708,0.708,Marc-Andre Fleury
20232024,2023020407,2023-12-08,8479973,22,20,3,2.6,-0.4,Stuart Skinner
20232024,2023020408,2023-12-09,8476999,6,33,3,4.055,1.055,Linus Ullmark
20232024,2023020408,2023-12-09,8478971,53,29,5,3.594,-1.406,Connor Ingram
20232024,2023020409,2023-12-09,8477970,1,25,2,1.908,-0.092,Vitek Vanecek
20232024,2023020409,2023-12-09,8481692,20,29,3,2.618,-0.382,Dustin Wolf
20232024,2023020410,2023-12-09,8479979,25,27,6,3.027,-2.973,Jake Oettinger
20232024,2023020410,2023-12-09,8480313,54,20,1,1.696,0.696,Logan Thompson
20232024,2023020411,2023-12-09,8480051,8,48,2,5.249,3.249,Cayden Primeau
20232024,2023020411,2023-12-09,8482221,7,31,2,2.866,0.866,Devon Levi
20232024,2023020412,2023-12-09,8473503,17,11,0,0.71,0.71,James Reimer
20232024,2023020412,2023-12-09,8476914,9,31,1,2.647,1.647,Joonas Korpisalo
20232024,2023020412,2023-12-09,8479312,17,25,4,2.741,-1.259,Alex Lyon
20232024,2023020413,2023-12-09,8478492,10,18,0,1.762,1.762,Ilya Samsonov
20232024,2023020413,2023-12-09,8480947,18,36,3,5.243,2.243,Kevin Lankinen
20232024,2023020414,2023-12-09,8478048,3,29,4,3.083,-0.917,Igor Shesterkin
20232024,2023020414,2023-12-09,8479292,15,31,0,2.34,2.34,Charlie Lindgren
20232024,2023020415,2023-12-09,8475660,26,30,3,3.081,0.081,Cam Talbot
20232024,2023020415,2023-12-09,8478009,2,35,2,2.944,0.944,Ilya Sorokin
20232024,2023020416,2023-12-09,8475852,16,39,1,3.469,2.469,Petr Mrazek
20232024,2023020416,2023-12-09,8476412,19,24,3,2.828,-0.172,Jordan Binnington
20232024,2023020417,2023-12-09,8479394,4,38,2,2.746,0.746,Carter Hart
20232024,2023020417,2023-12-09,8481031,21,34,5,3.842,-1.158,Ivan Prosvetov
20232024,2023020418,2023-12-09,8475831,55,23,2,2.52,0.52,Philipp Grubauer
20232024,2023020418,2023-12-09,8476883,14,29,3,1.638,-1.362,Andrei Vasilevskiy
20232024,2023020418,2023-12-09,8478916,55,7,2,0.543,-1.457,Joey Daccord
20232024,2023020419,2023-12-09,8477293,12,24,4,3.425,-0.575,Antti Raanta
20232024,2023020419,2023-12-09,8477967,23,24,3,3.432,0.432,Thatcher Demko
20232024,2023020420,2023-12-10,8476932,13,19,2,1.85,-0.15,Anthony Stolarz
20232024,2023020420,2023-12-10,8482982,29,33,3,3.397,0.397,Jet Greaves
20232024,2023020421,2023-12-10,8475717,22,26,1,2.666,1.666,Calvin Pickard
20232024,2023020421,2023-12-10,8481033,1,29,3,3.455,0.455,Akira Schmid
20232024,2023020422,2023-12-10,8475311,15,34,2,2.527,0.527,Darcy Kuemper
20232024,2023020422,2023-12-10,8482821,16,27,4,2.778,-1.222,Arvid Soderblom
20232024,2023020423,2023-12-10,8474596,8,32,2,3.162,1.162,Jake Allen
20232024,2023020423,2023-12-10,8477424,18,37,1,3.18,2.18,Juuse Saros
20232024,2023020424,2023-12-10,8471734,3,26,1,1.716,0.716,Jonathan Quick
20232024,2023020424,2023-12-10,8477831,26,27,4,3.758,-0.242,Pheonix Copley
20232024,2023020425,2023-12-10,8476434,24,30,3,2.81,-0.19,John Gibson
20232024,2023020425,2023-12-10,8476945,52,26,2,1.907,-0.093,Connor Hellebuyck
20232024,2023020426,2023-12-10,8478916,55,25,2,2.261,0.261,Joey Daccord
20232024,2023020426,2023-12-10,8479406,30,24,0,2.249,2.249,Filip Gustavsson
20232024,2023020427,2023-12-10,8478039,28,27,4,2.978,-1.022,Kaapo Kahkonen
20232024,2023020427,2023-12-10,8480238,54,38,4,2.862,-1.138,Jiri Patera
20232024,2023020428,2023-12-11,8478872,53,37,4,4.275,0.275,Karel Vejmelka
20232024,2023020428,2023-12-11,8482221,7,23,2,2.083,0.083,Devon Levi
20232024,2023020429,2023-12-11,8478009,2,40,3,4.383,1.383,Ilya Sorokin
20232024,2023020429,2023-12-11,8478492,10,29,4,3.111,-0.889,Ilya Samsonov
20232024,2023020430,2023-12-11,8473503,17,34,5,3.364,-1.636,James Reimer
20232024,2023020430,2023-12-11,8479979,25,30,3,3.639,0.639,Jake Oettinger
20232024,2023020431,2023-12-11,8478435,20,38,6,3.703,-2.297,Dan Vladar
20232024,2023020431,2023-12-11,8480382,21,21,5,2.497,-2.503,Alexandar Georgiev
20232024,2023020431,2023-12-11,8481031,21,11,0,0.841,0.841,Ivan Prosvetov
20232024,2023020432,2023-12-12,8474889,10,31,3,3.388,0.388,Martin Jones
20232024,2023020432,2023-12-12,8478048,3,29,6,3.938,-2.062,Igor Shesterkin
20232024,2023020433,2023-12-12,8476914,9,28,4,2.803,-1.197,Joonas Korpisalo
20232024,2023020433,2023-12-12,8481611,12,32,1,3.37,2.37,Pyotr Kochetkov
20232024,2023020434,2023-12-12,8477465,5,21,2,1.461,-0.539,Tristan Jarry
20232024,2023020434,2023-12-12,8478971,53,42,3,4.58,1.58,Connor Ingram
20232024,2023020435,2023-12-12,8477424,18,39,2,2.603,0.603,Juuse Saros
20232024,2023020435,2023-12-12,8481035,4,22,3,2.108,-0.892,Samuel Ersson
20232024,2023020436,2023-12-12,8476412,19,31,5,3.283,-1.717,Jordan Binnington
20232024,2023020436,2023-12-12,8478024,17,37,4,3.107,-0.893,Ville Husso
20232024,2023020437,2023-12-12,8475852,16,29,4,3.057,-0.943,Petr Mrazek
20232024,2023020437,2023-12-12,8479973,22,23,1,1.801,0.801,Stuart Skinner
20232024,2023020438,2023-12-12,8475683,13,22,3,2.31,-0.69,Sergei Bobrovsky
20232024,2023020438,2023-12-12,8478916,55,24,0,1.387,1.387,Joey Daccord
20232024,2023020439,2023-12-12,8476883,14,21,3,2.015,-0.985,Andrei Vasilevskiy
20232024,2023020439,2023-12-12,8477967,23,29,1,2.534,1.534,Thatcher Demko
20232024,2023020440,2023-12-12,8480313,54,31,4,2.016,-1.984,Logan Thompson
20232024,2023020440,2023-12-12,8481692,20,39,5,3.733,-1.267,Dustin Wolf
20232024,2023020441,2023-12-12,8476316,52,32,2,2.2,0.2,Laurent Brossoit
20232024,2023020441,2023-12-12,8478406,28,37,1,3.201,2.201,Mackenzie Blackwood
20232024,2023020442,2023-12-13,8477968,5,42,3,5.265,2.265,Alex Nedeljkovic
20232024,2023020442,2023-12-13,8478470,8,30,3,3.069,0.069,Samuel Montembeault
20232024,2023020443,2023-12-13,8477970,1,24,1,2.42,1.42,Vitek Vanecek
20232024,2023020443,2023-12-13,8480280,6,35,2,4.02,2.02,Jeremy Swayman
20232024,2023020444,2023-12-13,8473575,2,24,3,2.206,-0.794,Semyon Varlamov
20232024,2023020444,2023-12-13,8476434,24,35,4,2.956,-1.044,John Gibson
20232024,2023020445,2023-12-13,8480045,7,29,5,2.803,-2.197,Ukko-Pekka Luukkonen
20232024,2023020445,2023-12-13,8481031,21,30,1,2.587,1.587,Ivan Prosvetov
20232024,2023020446,2023-12-13,8475660,26,28,4,1.913,-2.087,Cam Talbot
20232024,2023020446,2023-12-13,8476945,52,34,2,2.751,0.751,Connor Hellebuyck
20232024,2023020447,2023-12-14,8478024,17,39,2,3.551,1.551,Ville Husso
20232024,2023020447,2023-12-14,8481611,12,26,1,2.069,1.069,Pyotr Kochetkov
20232024,2023020448,2023-12-14,8479292,15,32,3,3.719,0.719,Charlie Lindgren
20232024,2023020448,2023-12-14,8481035,4,30,3,2.904,-0.096,Samuel Ersson
20232024,2023020449,2023-12-14,8478007,29,48,5,4.878,-0.122,Elvis Merzlikins
20232024,2023020449,2023-12-14,8478492,10,35,6,3.527,-2.473,Ilya Samsonov
20232024,2023020450,2023-12-14,8478435,20,32,2,3.325,1.325,Dan Vladar
20232024,2023020450,2023-12-14,8479406,30,37,2,4.025,2.025,Filip Gustavsson
20232024,2023020451,2023-12-14,8476412,19,34,2,2.527,0.527,Jordan Binnington
20232024,2023020451,2023-12-14,8476914,9,30,4,3.158,-0.842,Joonas Korpisalo
20232024,2023020452,2023-12-14,8476883,14,57,4,8.613,4.613,Andrei Vasilevskiy
20232024,2023020452,2023-12-14,8479973,22,22,5,2.8,-2.2,Stuart Skinner
20232024,2023020453,2023-12-14,8475852,16,5,0,0.146,0.146,Petr Mrazek
20232024,2023020453,2023-12-14,8478916,55,22,1,1.696,0.696,Joey Daccord
20232024,2023020453,2023-12-14,8482821,16,24,7,2.065,-4.935,Arvid Soderblom
20232024,2023020454,2023-12-14,8475683,13,17,4,3.124,-0.876,Sergei Bobrovsky
20232024,2023020454,2023-12-14,8476932,13,1,0,0.133,0.133,Anthony Stolarz
20232024,2023020454,2023-12-14,8477967,23,36,0,2.991,2.991,Thatcher Demko
20232024,2023020455,2023-12-15,8477293,12,30,6,3.926,-2.074,Antti Raanta
20232024,2023020455,2023-12-15,8480947,18,31,5,2.661,-2.339,Kevin Lankinen
20232024,2023020456,2023-12-15,8471734,3,30,1,2.019,1.019,Jonathan Quick
20232024,2023020456,2023-12-15,8480843,24,39,5,3.943,-1.057,Lukas Dostal
20232024,2023020457,2023-12-15,8476999,6,37,4,5.299,1.299,Linus Ullmark
20232024,2023020457,2023-12-15,8478009,2,34,4,2.678,-1.322,Ilya Sorokin
20232024,2023020458,2023-12-15,8475809,25,27,2,2.652,0.652,Scott Wedgewood
20232024,2023020458,2023-12-15,8476341,9,24,5,2.663,-2.337,Anton Forsberg
20232024,2023020458,2023-12-15,8479979,25,2,2,0.349,-1.651,Jake Oettinger
20232024,2023020459,2023-12-15,8478039,28,24,1,2.572,1.572,Kaapo Kahkonen
20232024,2023020459,2023-12-15,8478971,53,21,0,1.762,1.762,Connor Ingram
20232024,2023020460,2023-12-15,8480313,54,26,4,2.18,-1.82,Logan Thompson
20232024,2023020460,2023-12-15,8482221,7,35,2,4.677,2.677,Devon Levi
20232024,2023020461,2023-12-16,8479193,23,31,1,3.461,2.461,Casey DeSmith
20232024,2023020461,2023-12-16,8479406,30,36,1,3.592,2.592,Filip Gustavsson
20232024,2023020462,2023-12-16,8478048,3,22,1,1.981,0.981,Igor Shesterkin
20232024,2023020462,2023-12-16,8480280,6,34,2,3.015,1.015,Jeremy Swayman
20232024,2023020463,2023-12-16,8480193,29,29,5,3.004,-1.996,Daniil Tarasov
20232024,2023020463,2023-12-16,8481033,1,26,3,2.758,-0.242,Akira Schmid
20232024,2023020464,2023-12-16,8473575,2,40,4,3.449,-0.551,Semyon Varlamov
20232024,2023020464,2023-12-16,8478470,8,33,3,3.688,0.688,Samuel Montembeault
20232024,2023020465,2023-12-16,8478024,17,18,0,1.217,1.217,Ville Husso
20232024,2023020465,2023-12-16,8479312,17,16,1,1.1,0.1,Alex Lyon
20232024,2023020465,2023-12-16,8481035,4,32,0,2.211,2.211,Samuel Ersson
20232024,2023020466,2023-12-16,8474889,10,38,0,3.728,3.728,Martin Jones
20232024,2023020466,2023-12-16,8477465,5,14,4,1.754,-2.246,Tristan Jarry
20232024,2023020466,2023-12-16,8477968,5,21,3,2.563,-0.437,Alex Nedeljkovic
20232024,2023020467,2023-12-16,8476945,52,32,2,3.029,1.029,Connor Hellebuyck
20232024,2023020467,2023-12-16,8481031,21,24,5,2.562,-2.438,Ivan Prosvetov
20232024,2023020468,2023-12-16,8477424,18,22,1,3.309,2.309,Juuse Saros
20232024,2023020468,2023-12-16,8479292,15,23,3,2.028,-0.972,Charlie Lindgren
20232024,2023020469,2023-12-16,8475809,25,34,4,3.849,-0.151,Scott Wedgewood
20232024,2023020469,2023-12-16,8476412,19,23,3,1.99,-1.01,Jordan Binnington
20232024,2023020470,2023-12-16,8478872,53,28,0,2.207,2.207,Karel Vejmelka
20232024,2023020470,2023-12-16,8480045,7,22,2,2.907,0.907,Ukko-Pekka Luukkonen
20232024,2023020471,2023-12-16,8476883,14,26,4,2.268,-1.732,Andrei Vasilevskiy
20232024,2023020471,2023-12-16,8478435,20,33,2,2.599,0.599,Dan Vladar
20232024,2023020472,2023-12-16,8475683,13,39,1,3.646,2.646,Sergei Bobrovsky
20232024,2023020472,2023-12-16,8475717,22,39,5,2.979,-2.021,Calvin Pickard
20232024,2023020473,2023-12-16,8475660,26,19,2,1.492,-0.508,Cam Talbot
20232024,2023020473,2023-12-16,8478916,55,38,2,2.961,0.961,Joey Daccord
20232024,2023020474,2023-12-17,8475852,16,27,4,2.618,-1.382,Petr Mrazek
20232024,2023020474,2023-12-17,8477967,23,28,3,2.026,-0.974,Thatcher Demko
20232024,2023020475,2023-12-17,8475311,15,29,1,2.534,1.534,Darcy Kuemper
20232024,2023020475,2023-12-17,8481611,12,21,1,1.791,0.791,Pyotr Kochetkov
20232024,2023020476,2023-12-17,8476434,24,19,1,2.777,1.777,John Gibson
20232024,2023020476,2023-12-17,8480843,24,10,0,1.364,1.364,Lukas Dostal
20232024,2023020476,2023-12-17,8481033,1,27,4,3.072,-0.928,Akira Schmid
20232024,2023020477,2023-12-17,8478406,28,28,5,4.778,-0.222,Mackenzie Blackwood
20232024,2023020477,2023-12-17,8480382,21,27,2,2.625,0.625,Alexandar Georgiev
20232024,2023020478,2023-12-17,8476914,9,31,6,2.709,-3.291,Joonas Korpisalo
20232024,2023020478,2023-12-17,8478499,54,3,1,0.429,-0.571,Adin Hill
20232024,2023020478,2023-12-17,8480313,54,22,2,1.441,-0.559,Logan Thompson
20232024,2023020479,2023-12-18,8473503,17,14,2,2.447,0.447,James Reimer
20232024,2023020479,2023-12-18,8478024,17,8,2,0.39,-1.61,Ville Husso
20232024,2023020479,2023-12-18,8480843,24,32,3,3.167,0.167,Lukas Dostal
20232024,2023020480,2023-12-18,8477968,5,27,3,2.46,-0.54,Alex Nedeljkovic
20232024,2023020480,2023-12-18,8479406,30,30,4,3.063,-0.937,Filip Gustavsson
20232024,2023020481,2023-12-18,8474596,8,32,2,2.502,0.502,Jake Allen
20232024,2023020481,2023-12-18,8476945,52,26,3,2.935,-0.065,Connor Hellebuyck
20232024,2023020482,2023-12-18,8475809,25,38,3,3.774,0.774,Scott Wedgewood
20232024,2023020482,2023-12-18,8478916,55,28,4,2.75,-1.25,Joey Daccord
20232024,2023020483,2023-12-18,8474593,20,34,1,2.763,1.763,Jacob Markstrom
20232024,2023020483,2023-12-18,8476932,13,24,2,2.095,0.095,Anthony Stolarz
20232024,2023020484,2023-12-19,8470594,30,43,3,4.723,1.723,Marc-Andre Fleury
20232024,2023020484,2023-12-19,8476999,6,30,4,3.584,-0.416,Linus Ullmark
20232024,2023020485,2023-12-19,8480045,7,16,5,1.918,-3.082,Ukko-Pekka Luukkonen
20232024,2023020485,2023-12-19,8480193,29,29,4,2.368,-1.632,Daniil Tarasov
20232024,2023020485,2023-12-19,8482221,7,18,4,1.606,-2.394,Devon Levi
20232024,2023020486,2023-12-19,8480238,54,10,0,0.62,0.62,Jiri Patera
20232024,2023020486,2023-12-19,8480313,54,29,6,3.024,-2.976,Logan Thompson
20232024,2023020486,2023-12-19,8481611,12,33,3,3.458,0.458,Pyotr Kochetkov
20232024,2023020487,2023-12-19,8477970,1,26,3,1.964,-1.036,Vitek Vanecek
20232024,2023020487,2023-12-19,8481035,4,26,2,2.789,0.789,Samuel Ersson
20232024,2023020488,2023-12-19,8476412,19,23,5,1.976,-3.024,Jordan Binnington
20232024,2023020488,2023-12-19,8476883,14,29,1,2.816,1.816,Andrei Vasilevskiy
20232024,2023020488,2023-12-19,8480981,19,10,1,0.998,-0.002,Joel Hofer
20232024,2023020489,2023-12-19,8474889,10,35,4,2.394,-1.606,Martin Jones
20232024,2023020489,2023-12-19,8478048,3,33,2,2.365,0.365,Igor Shesterkin
20232024,2023020490,2023-12-19,8478009,2,31,1,3.276,2.276,Ilya Sorokin
20232024,2023020490,2023-12-19,8479973,22,21,3,1.776,-1.224,Stuart Skinner
20232024,2023020491,2023-12-19,8477424,18,24,5,3.301,-1.699,Juuse Saros
20232024,2023020491,2023-12-19,8479193,23,28,2,1.905,-0.095,Casey DeSmith
20232024,2023020491,2023-12-19,8480947,18,11,0,0.987,0.987,Kevin Lankinen
20232024,2023020492,2023-12-19,8475852,16,37,2,3.954,1.954,Petr Mrazek
20232024,2023020492,2023-12-19,8480382,21,22,3,2.133,-0.867,Alexandar Georgiev
20232024,2023020493,2023-12-19,8476914,9,38,4,3.703,-0.297,Joonas Korpisalo
20232024,2023020493,2023-12-19,8478872,53,16,0,1.536,1.536,Karel Vejmelka
20232024,2023020493,2023-12-19,8478971,53,6,3,0.575,-2.425,Connor Ingram
20232024,2023020494,2023-12-19,8478039,28,38,3,3.898,0.898,Kaapo Kahkonen
20232024,2023020494,2023-12-19,8479496,26,16,1,1.627,0.627,David Rittich
20232024,2023020495,2023-12-20,8473503,17,41,5,3.54,-1.46,James Reimer
20232024,2023020495,2023-12-20,8476316,52,28,2,2.454,0.454,Laurent Brossoit
20232024,2023020496,2023-12-20,8473575,2,36,3,3.337,0.337,Semyon Varlamov
20232024,2023020496,2023-12-20,8475311,15,32,2,2.09,0.09,Darcy Kuemper
20232024,2023020497,2023-12-20,8475660,26,30,2,3.491,1.491,Cam Talbot
20232024,2023020497,2023-12-20,8478916,55,43,1,2.888,1.888,Joey Daccord
20232024,2023020498,2023-12-21,8474889,10,15,4,2.093,-1.907,Martin Jones
20232024,2023020498,2023-12-21,8478492,10,19,5,1.969,-3.031,Ilya Samsonov
20232024,2023020498,2023-12-21,8482221,7,27,3,2.691,-0.309,Devon Levi
20232024,2023020499,2023-12-21,8478007,29,32,3,3.405,0.405,Elvis Merzlikins
20232024,2023020499,2023-12-21,8479292,15,36,2,2.889,0.889,Charlie Lindgren
20232024,2023020500,2023-12-21,8475683,13,23,3,2.477,-0.523,Sergei Bobrovsky
20232024,2023020500,2023-12-21,8480981,19,38,1,3.04,2.04,Joel Hofer
20232024,2023020501,2023-12-21,8475717,22,26,3,1.711,-1.289,Calvin Pickard
20232024,2023020501,2023-12-21,8477970,1,32,4,2.664,-1.336,Vitek Vanecek
20232024,2023020501,2023-12-21,8481033,1,6,2,0.927,-1.073,Akira Schmid
20232024,2023020502,2023-12-21,8477424,18,31,2,3.158,1.158,Juuse Saros
20232024,2023020502,2023-12-21,8481035,4,30,3,2.564,-0.436,Samuel Ersson
20232024,2023020503,2023-12-21,8477968,5,24,1,1.215,0.215,Alex Nedeljkovic
20232024,2023020503,2023-12-21,8481611,12,25,1,2.046,1.046,Pyotr Kochetkov
20232024,2023020504,2023-12-21,8476883,14,34,4,3.161,-0.839,Andrei Vasilevskiy
20232024,2023020504,2023-12-21,8480238,54,36,5,4.351,-0.649,Jiri Patera
20232024,2023020505,2023-12-21,8475809,25,20,3,2.062,-0.938,Scott Wedgewood
20232024,2023020505,2023-12-21,8477967,23,36,4,3.47,-0.53,Thatcher Demko
20232024,2023020506,2023-12-21,8478470,8,24,4,2.068,-1.932,Samuel Montembeault
20232024,2023020506,2023-12-21,8479406,30,25,3,1.735,-1.265,Filip Gustavsson
20232024,2023020507,2023-12-21,8476914,9,38,5,3.975,-1.025,Joonas Korpisalo
20232024,2023020507,2023-12-21,8480382,21,45,4,4.258,0.258,Alexandar Georgiev
20232024,2023020508,2023-12-21,8474593,20,25,0,1.72,1.72,Jacob Markstrom
20232024,2023020508,2023-12-21,8480843,24,43,2,5.22,3.22,Lukas Dostal
20232024,2023020509,2023-12-21,8478406,28,30,5,3.167,-1.833,Mackenzie Blackwood
20232024,2023020509,2023-12-21,8478872,53,31,2,3.165,1.165,Karel Vejmelka
20232024,2023020510,2023-12-22,8473503,17,43,6,5.047,-0.953,James Reimer
20232024,2023020510,2023-12-22,8479394,4,37,6,5.323,-0.677,Carter Hart
20232024,2023020511,2023-12-22,8471734,3,28,4,3.991,-0.009,Jonathan Quick
20232024,2023020511,2023-12-22,8479973,22,34,3,4.585,1.585,Stuart Skinner
20232024,2023020512,2023-12-22,8476945,52,25,1,1.701,0.701,Connor Hellebuyck
20232024,2023020512,2023-12-22,8480280,6,33,5,3.566,-1.434,Jeremy Swayman
20232024,2023020513,2023-12-22,8475852,16,27,4,3.057,-0.943,Petr Mrazek
20232024,2023020513,2023-12-22,8480051,8,21,2,1.556,-0.444,Cayden Primeau
20232024,2023020514,2023-12-23,8475683,13,25,2,2.123,0.123,Sergei Bobrovsky
20232024,2023020514,2023-12-23,8480238,54,42,4,3.249,-0.751,Jiri Patera
20232024,2023020515,2023-12-23,8475809,25,21,2,1.883,-0.117,Scott Wedgewood
20232024,2023020515,2023-12-23,8477424,18,34,3,2.873,-0.127,Juuse Saros
20232024,2023020516,2023-12-23,8478009,2,40,4,4.569,0.569,Ilya Sorokin
20232024,2023020516,2023-12-23,8481611,12,28,5,2.82,-2.18,Pyotr Kochetkov
20232024,2023020517,2023-12-23,8474889,10,28,1,2.89,1.89,Martin Jones
20232024,2023020517,2023-12-23,8480193,29,30,4,3.1,-0.9,Daniil Tarasov
20232024,2023020518,2023-12-23,8470594,30,21,2,1.55,-0.45,Marc-Andre Fleury
20232024,2023020518,2023-12-23,8476999,6,36,3,4.103,1.103,Linus Ullmark
20232024,2023020519,2023-12-23,8474636,17,36,3,3.384,0.384,Michael Hutchinson
20232024,2023020519,2023-12-23,8477970,1,24,2,1.41,-0.59,Vitek Vanecek
20232024,2023020520,2023-12-23,8476341,9,34,4,3.506,-0.494,Anton Forsberg
20232024,2023020520,2023-12-23,8477968,5,26,5,3.094,-1.906,Alex Nedeljkovic
20232024,2023020521,2023-12-23,8476883,14,34,1,2.193,1.193,Andrei Vasilevskiy
20232024,2023020521,2023-12-23,8479292,15,20,1,1.875,0.875,Charlie Lindgren
20232024,2023020522,2023-12-23,8478048,3,30,3,2.737,-0.263,Igor Shesterkin
20232024,2023020522,2023-12-23,8480045,7,33,4,2.797,-1.203,Ukko-Pekka Luukkonen
20232024,2023020523,2023-12-23,8478916,55,34,2,3.708,1.708,Joey Daccord
20232024,2023020523,2023-12-23,8480843,24,22,3,1.369,-1.631,Lukas Dostal
20232024,2023020524,2023-12-23,8476412,19,20,5,1.87,-3.13,Jordan Binnington
20232024,2023020524,2023-12-23,8482821,16,41,6,3.248,-2.752,Arvid Soderblom
20232024,2023020525,2023-12-23,8478971,53,26,4,2.573,-1.427,Connor Ingram
20232024,2023020525,2023-12-23,8480382,21,25,1,1.754,0.754,Alexandar Georgiev
20232024,2023020526,2023-12-23,8474593,20,33,4,4.127,0.127,Jacob Markstrom
20232024,2023020526,2023-12-23,8475660,26,32,3,3.088,0.088,Cam Talbot
20232024,2023020527,2023-12-23,8477967,23,25,4,2.519,-1.481,Thatcher Demko
20232024,2023020527,2023-12-23,8478406,28,25,6,2.825,-3.175,Mackenzie Blackwood
20232024,2023020528,2023-12-27,8477970,1,29,3,3.582,0.582,Vitek Vanecek
20232024,2023020528,2023-12-27,8478007,29,35,4,3.733,-0.267,Elvis Merzlikins
20232024,2023020529,2023-12-27,8475311,15,31,5,3.173,-1.827,Darcy Kuemper
20232024,2023020529,2023-12-27,8478048,3,27,1,2.113,1.113,Igor Shesterkin
20232024,2023020530,2023-12-27,8475683,13,29,2,2.773,0.773,Sergei Bobrovsky
20232024,2023020530,2023-12-27,8476883,14,31,3,2.462,-0.538,Andrei Vasilevskiy
20232024,2023020531,2023-12-27,8474889,10,29,3,2.188,-0.812,Martin Jones
20232024,2023020531,2023-12-27,8476914,9,36,2,3.023,1.023,Joonas Korpisalo
20232024,2023020532,2023-12-27,8480280,6,26,1,1.837,0.837,Jeremy Swayman
20232024,2023020532,2023-12-27,8482221,7,25,4,2.955,-1.045,Devon Levi
20232024,2023020533,2023-12-27,8473575,2,7,1,0.729,-0.271,Semyon Varlamov
20232024,2023020533,2023-12-27,8477465,5,22,0,1.935,1.935,Tristan Jarry
20232024,2023020533,2023-12-27,8478009,2,25,6,4.016,-1.984,Ilya Sorokin
20232024,2023020534,2023-12-27,8473503,17,31,6,3.941,-2.059,James Reimer
20232024,2023020534,2023-12-27,8479406,30,28,3,2.862,-0.138,Filip Gustavsson
20232024,2023020535,2023-12-27,8477424,18,19,5,2.459,-2.541,Juuse Saros
20232024,2023020535,2023-12-27,8481611,12,37,2,4.174,2.174,Pyotr Kochetkov
20232024,2023020535,2023-12-27,8482137,18,6,0,0.854,0.854,Yaroslav Askarov
20232024,2023020536,2023-12-27,8475809,25,30,2,3.312,1.312,Scott Wedgewood
20232024,2023020536,2023-12-27,8480981,19,40,1,3.015,2.015,Joel Hofer
20232024,2023020537,2023-12-27,8478872,53,24,4,3.708,-0.292,Karel Vejmelka
20232024,2023020537,2023-12-27,8480382,21,27,5,3.45,-1.55,Alexandar Georgiev
20232024,2023020538,2023-12-27,8475852,16,38,1,2.798,1.798,Petr Mrazek
20232024,2023020538,2023-12-27,8476945,52,25,2,2.238,0.238,Connor Hellebuyck
20232024,2023020539,2023-12-27,8474593,20,21,2,2.429,0.429,Jacob Markstrom
20232024,2023020539,2023-12-27,8476904,55,38,1,3.934,2.934,Chris Driedger
20232024,2023020540,2023-12-27,8476434,24,32,2,3.862,1.862,John Gibson
20232024,2023020540,2023-12-27,8480313,54,26,5,2.17,-2.83,Logan Thompson
20232024,2023020541,2023-12-27,8478039,28,43,5,5.175,0.175,Kaapo Kahkonen
20232024,2023020541,2023-12-27,8479496,26,25,1,2.326,1.326,David Rittich
20232024,2023020542,2023-12-28,8477293,12,21,3,1.84,-1.16,Antti Raanta
20232024,2023020542,2023-12-28,8480051,8,30,4,2.864,-1.136,Cayden Primeau
20232024,2023020543,2023-12-28,8479193,23,25,4,2.349,-1.651,Casey DeSmith
20232024,2023020543,2023-12-28,8479394,4,8,0,0.933,0.933,Carter Hart
20232024,2023020543,2023-12-28,8481035,4,19,1,1.694,0.694,Samuel Ersson
20232024,2023020544,2023-12-28,8475660,26,32,3,2.349,-0.651,Cam Talbot
20232024,2023020544,2023-12-28,8480313,54,34,2,1.897,-0.103,Logan Thompson
20232024,2023020545,2023-12-28,8478039,28,18,1,1.636,0.636,Kaapo Kahkonen
20232024,2023020545,2023-12-28,8479973,22,25,0,3.044,3.044,Stuart Skinner
20232024,2023020545,2023-12-28,8480992,28,12,4,1.229,-2.771,Magnus Chrona
20232024,2023020546,2023-12-29,8477484,29,19,3,1.759,-1.241,Spencer Martin
20232024,2023020546,2023-12-29,8478007,29,14,2,1.361,-0.639,Elvis Merzlikins
20232024,2023020546,2023-12-29,8478492,10,21,6,2.181,-3.819,Ilya Samsonov
20232024,2023020547,2023-12-29,8477424,18,23,5,3.007,-1.993,Juuse Saros
20232024,2023020547,2023-12-29,8479312,17,37,4,3.61,-0.39,Alex Lyon
20232024,2023020548,2023-12-29,8471734,3,33,4,2.805,-1.195,Jonathan Quick
20232024,2023020548,2023-12-29,8475683,13,34,3,2.833,-0.167,Sergei Bobrovsky
20232024,2023020549,2023-12-29,8476914,9,30,6,2.961,-3.039,Joonas Korpisalo
20232024,2023020549,2023-12-29,8482076,1,27,2,2.703,0.703,Nico Daws
20232024,2023020550,2023-12-29,8475311,15,29,5,2.913,-2.087,Darcy Kuemper
20232024,2023020550,2023-12-29,8478009,2,27,1,2.016,1.016,Ilya Sorokin
20232024,2023020550,2023-12-29,8479292,15,3,0,0.094,0.094,Charlie Lindgren
20232024,2023020551,2023-12-29,8475809,25,29,4,2.842,-1.158,Scott Wedgewood
20232024,2023020551,2023-12-29,8475852,16,35,5,4.366,-0.634,Petr Mrazek
20232024,2023020552,2023-12-29,8476412,19,23,2,1.505,-0.495,Jordan Binnington
20232024,2023020552,2023-12-29,8480382,21,29,1,1.597,0.597,Alexandar Georgiev
20232024,2023020553,2023-12-29,8476434,24,32,2,3.012,1.012,John Gibson
20232024,2023020553,2023-12-29,8478971,53,28,0,1.979,1.979,Connor Ingram
20232024,2023020554,2023-12-29,8478916,55,28,1,1.79,0.79,Joey Daccord
20232024,2023020554,2023-12-29,8479394,4,29,2,2.607,0.607,Carter Hart
20232024,2023020555,2023-12-30,8470594,30,10,1,1.194,0.194,Marc-Andre Fleury
20232024,2023020555,2023-12-30,8476945,52,36,2,3.588,1.588,Connor Hellebuyck
20232024,2023020555,2023-12-30,8479406,30,22,3,2.591,-0.409,Filip Gustavsson
20232024,2023020556,2023-12-30,8480045,7,20,2,1.663,-0.337,Ukko-Pekka Luukkonen
20232024,2023020556,2023-12-30,8480193,29,42,3,4.223,1.223,Daniil Tarasov
20232024,2023020557,2023-12-30,8476999,6,33,2,1.957,-0.043,Linus Ullmark
20232024,2023020557,2023-12-30,8477970,1,31,5,2.26,-2.74,Vitek Vanecek
20232024,2023020558,2023-12-30,8474596,8,25,3,2.82,-0.18,Jake Allen
20232024,2023020558,2023-12-30,8476932,13,19,1,1.138,0.138,Anthony Stolarz
20232024,2023020559,2023-12-30,8477465,5,27,2,1.981,-0.019,Tristan Jarry
20232024,2023020559,2023-12-30,8480981,19,29,3,3.553,0.553,Joel Hofer
20232024,2023020560,2023-12-30,8476883,14,21,5,2.808,-2.192,Andrei Vasilevskiy
20232024,2023020560,2023-12-30,8478048,3,35,1,2.68,1.68,Igor Shesterkin
20232024,2023020561,2023-12-30,8474889,10,27,2,2.291,0.291,Martin Jones
20232024,2023020561,2023-12-30,8481611,12,27,2,2.093,0.093,Pyotr Kochetkov
20232024,2023020562,2023-12-30,8482137,18,29,2,2.499,0.499,Yaroslav Askarov
20232024,2023020562,2023-12-30,8482411,15,36,2,3.991,1.991,Hunter Shepard
20232024,2023020563,2023-12-30,8475660,26,26,2,2.963,0.963,Cam Talbot
20232024,2023020563,2023-12-30,8479973,22,28,2,2.721,0.721,Stuart Skinner
20232024,2023020564,2023-12-31,8470594,30,29,3,2.794,-0.206,Marc-Andre Fleury
20232024,2023020564,2023-12-31,8476316,52,26,2,1.773,-0.227,Laurent Brossoit
20232024,2023020565,2023-12-31,8479312,17,22,3,1.824,-1.176,Alex Lyon
20232024,2023020565,2023-12-31,8480280,6,30,3,2.704,-0.296,Jeremy Swayman
20232024,2023020566,2023-12-31,8476341,9,46,1,3.377,2.377,Anton Forsberg
20232024,2023020566,2023-12-31,8482221,7,30,4,3.327,-0.673,Devon Levi
20232024,2023020567,2023-12-31,8477968,5,38,1,3.985,2.985,Alex Nedeljkovic
20232024,2023020567,2023-12-31,8478009,2,37,2,3.492,1.492,Ilya Sorokin
20232024,2023020568,2023-12-31,8477992,14,29,3,2.803,-0.197,Jonas Johansson
20232024,2023020568,2023-12-31,8478470,8,20,4,2.253,-1.747,Samuel Montembeault
20232024,2023020569,2023-12-31,8475717,22,30,2,3.355,1.355,Calvin Pickard
20232024,2023020569,2023-12-31,8476434,24,39,7,4.729,-2.271,John Gibson
20232024,2023020570,2023-12-31,8474593,20,31,3,2.374,-0.626,Jacob Markstrom
20232024,2023020570,2023-12-31,8481035,4,32,3,2.944,-0.056,Samuel Ersson
20232024,2023020571,2023-12-31,8478039,28,32,2,3.004,1.004,Kaapo Kahkonen
20232024,2023020571,2023-12-31,8480382,21,11,1,0.513,-0.487,Alexandar Georgiev
20232024,2023020572,2023-12-31,8475809,25,24,1,2.063,1.063,Scott Wedgewood
20232024,2023020572,2023-12-31,8475852,16,31,6,3.788,-2.212,Petr Mrazek
20232024,2023020572,2023-12-31,8482821,16,10,2,1.083,-0.917,Arvid Soderblom
20232024,2023020573,2024-01-01,8478916,55,35,0,2.195,2.195,Joey Daccord
20232024,2023020573,2024-01-01,8480313,54,27,3,2.218,-0.782,Logan Thompson
20232024,2023020574,2024-01-02,8476999,6,27,1,2.798,1.798,Linus Ullmark
20232024,2023020574,2024-01-02,8477484,29,27,4,2.516,-1.484,Spencer Martin
20232024,2023020575,2024-01-02,8478048,3,27,6,3.346,-2.654,Igor Shesterkin
20232024,2023020575,2024-01-02,8481611,12,29,1,1.905,0.905,Pyotr Kochetkov
20232024,2023020576,2024-01-02,8475311,15,35,3,3.437,0.437,Darcy Kuemper
20232024,2023020576,2024-01-02,8477465,5,7,3,0.176,-2.824,Tristan Jarry
20232024,2023020576,2024-01-02,8477968,5,15,1,1.38,0.38,Alex Nedeljkovic
20232024,2023020577,2024-01-02,8475809,25,18,4,1.655,-2.345,Scott Wedgewood
20232024,2023020577,2024-01-02,8478470,8,33,3,3.616,0.616,Samuel Montembeault
20232024,2023020578,2024-01-02,8470594,30,32,2,2.332,0.332,Marc-Andre Fleury
20232024,2023020578,2024-01-02,8474593,20,29,1,3.162,2.162,Jacob Markstrom
20232024,2023020579,2024-01-02,8477424,18,21,0,1.35,1.35,Juuse Saros
20232024,2023020579,2024-01-02,8482821,16,35,2,3.508,1.508,Arvid Soderblom
20232024,2023020580,2024-01-02,8476883,14,27,3,3.317,0.317,Andrei Vasilevskiy
20232024,2023020580,2024-01-02,8476945,52,34,2,2.375,0.375,Connor Hellebuyck
20232024,2023020581,2024-01-02,8475683,13,22,1,1.807,0.807,Sergei Bobrovsky
20232024,2023020581,2024-01-02,8478872,53,38,3,3.996,0.996,Karel Vejmelka
20232024,2023020582,2024-01-02,8473575,2,12,1,0.81,-0.19,Semyon Varlamov
20232024,2023020582,2024-01-02,8478009,2,27,4,2.602,-1.398,Ilya Sorokin
20232024,2023020582,2024-01-02,8480382,21,22,4,1.364,-2.636,Alexandar Georgiev
20232024,2023020583,2024-01-02,8479394,4,36,5,4.922,-0.078,Carter Hart
20232024,2023020583,2024-01-02,8479973,22,37,2,3.651,1.651,Stuart Skinner
20232024,2023020584,2024-01-02,8476341,9,13,4,2.409,-1.591,Anton Forsberg
20232024,2023020584,2024-01-02,8476914,9,13,2,1.216,-0.784,Joonas Korpisalo
20232024,2023020584,2024-01-02,8477967,23,38,3,3.329,0.329,Thatcher Demko
20232024,2023020585,2024-01-02,8474889,10,31,0,2.613,2.613,Martin Jones
20232024,2023020585,2024-01-02,8475660,26,28,2,2.19,0.19,Cam Talbot
20232024,2023020586,2024-01-02,8478039,28,30,4,2.007,-1.993,Kaapo Kahkonen
20232024,2023020586,2024-01-02,8479312,17,27,3,3.068,0.068,Alex Lyon
20232024,2023020587,2024-01-03,8482076,1,26,3,2.131,-0.869,Nico Daws
20232024,2023020587,2024-01-03,8482411,15,28,6,3.11,-2.89,Hunter Shepard
20232024,2023020588,2024-01-03,8474889,10,28,1,3.178,2.178,Martin Jones
20232024,2023020588,2024-01-03,8480843,24,57,2,5.953,3.953,Lukas Dostal
20232024,2023020589,2024-01-04,8477968,5,29,5,2.307,-2.693,Alex Nedeljkovic
20232024,2023020589,2024-01-04,8480280,6,35,6,4.168,-1.832,Jeremy Swayman
20232024,2023020590,2024-01-04,8474596,8,37,5,3.563,-1.437,Jake Allen
20232024,2023020590,2024-01-04,8482221,7,33,1,3.933,2.933,Devon Levi
20232024,2023020591,2024-01-04,8475852,16,32,4,3.51,-0.49,Petr Mrazek
20232024,2023020591,2024-01-04,8478048,3,23,1,1.625,0.625,Igor Shesterkin
20232024,2023020592,2024-01-04,8480193,29,41,2,3.813,1.813,Daniil Tarasov
20232024,2023020592,2024-01-04,8481035,4,28,2,2.126,0.126,Samuel Ersson
20232024,2023020593,2024-01-04,8475809,25,34,5,4.631,-0.369,Scott Wedgewood
20232024,2023020593,2024-01-04,8480382,21,32,4,3.868,-0.132,Alexandar Georgiev
20232024,2023020594,2024-01-04,8470594,30,29,3,2.856,-0.144,Marc-Andre Fleury
20232024,2023020594,2024-01-04,8476883,14,23,1,1.515,0.515,Andrei Vasilevskiy
20232024,2023020595,2024-01-04,8477424,18,25,5,3.008,-1.992,Juuse Saros
20232024,2023020595,2024-01-04,8478435,20,32,3,2.503,-0.497,Dan Vladar
20232024,2023020595,2024-01-04,8480947,18,14,1,1.527,0.527,Kevin Lankinen
20232024,2023020596,2024-01-04,8476412,19,26,1,1.617,0.617,Jordan Binnington
20232024,2023020596,2024-01-04,8477967,23,32,2,2.222,0.222,Thatcher Demko
20232024,2023020597,2024-01-04,8478009,2,27,1,2.488,1.488,Ilya Sorokin
20232024,2023020597,2024-01-04,8478971,53,31,5,2.82,-2.18,Connor Ingram
20232024,2023020598,2024-01-04,8476914,9,27,3,3.036,0.036,Joonas Korpisalo
20232024,2023020598,2024-01-04,8478916,55,33,1,3.019,2.019,Joey Daccord
20232024,2023020599,2024-01-04,8475683,13,27,1,2.156,1.156,Sergei Bobrovsky
20232024,2023020599,2024-01-04,8480313,54,36,4,3.325,-0.675,Logan Thompson
20232024,2023020600,2024-01-04,8479312,17,43,3,3.946,0.946,Alex Lyon
20232024,2023020600,2024-01-04,8479496,26,27,3,3.418,0.418,David Rittich
20232024,2023020601,2024-01-04,8476945,52,28,1,1.49,0.49,Connor Hellebuyck
20232024,2023020601,2024-01-04,8478406,28,30,2,2.996,0.996,Mackenzie Blackwood
20232024,2023020602,2024-01-05,8477970,1,25,2,1.633,-0.367,Vitek Vanecek
20232024,2023020602,2024-01-05,8482821,16,31,3,3.371,0.371,Arvid Soderblom
20232024,2023020603,2024-01-05,8475311,15,33,5,2.709,-2.291,Darcy Kuemper
20232024,2023020603,2024-01-05,8481611,12,17,2,1.179,-0.821,Pyotr Kochetkov
20232024,2023020604,2024-01-05,8476316,52,38,1,2.941,1.941,Laurent Brossoit
20232024,2023020604,2024-01-05,8476434,24,27,3,2.857,-0.143,John Gibson
20232024,2023020605,2024-01-06,8474593,20,42,3,3.812,0.812,Jacob Markstrom
20232024,2023020605,2024-01-06,8479394,4,24,2,1.591,-0.409,Carter Hart
20232024,2023020606,2024-01-06,8475683,13,26,4,2.503,-1.497,Sergei Bobrovsky
20232024,2023020606,2024-01-06,8480382,21,15,3,1.62,-1.38,Alexandar Georgiev
20232024,2023020606,2024-01-06,8481031,21,13,4,1.347,-2.653,Ivan Prosvetov
20232024,2023020607,2024-01-06,8476883,14,25,6,2.841,-3.159,Andrei Vasilevskiy
20232024,2023020607,2024-01-06,8476999,6,26,3,2.567,-0.433,Linus Ullmark
20232024,2023020608,2024-01-06,8476412,19,30,1,3.361,2.361,Jordan Binnington
20232024,2023020608,2024-01-06,8477293,12,22,1,1.712,0.712,Antti Raanta
20232024,2023020609,2024-01-06,8470594,30,29,3,3.083,0.083,Marc-Andre Fleury
20232024,2023020609,2024-01-06,8480193,29,36,4,3.172,-0.828,Daniil Tarasov
20232024,2023020610,2024-01-06,8471734,3,30,3,2.085,-0.915,Jonathan Quick
20232024,2023020610,2024-01-06,8478470,8,48,3,3.702,0.702,Samuel Montembeault
20232024,2023020611,2024-01-06,8477967,23,25,4,2.024,-1.976,Thatcher Demko
20232024,2023020611,2024-01-06,8482076,1,42,5,4.686,-0.314,Nico Daws
20232024,2023020612,2024-01-06,8477465,5,32,3,2.099,-0.901,Tristan Jarry
20232024,2023020612,2024-01-06,8480045,7,41,1,4.029,3.029,Ukko-Pekka Luukkonen
20232024,2023020613,2024-01-06,8474889,10,24,1,1.687,0.687,Martin Jones
20232024,2023020613,2024-01-06,8478406,28,32,4,3.267,-0.733,Mackenzie Blackwood
20232024,2023020614,2024-01-06,8475809,25,22,4,1.893,-2.107,Scott Wedgewood
20232024,2023020614,2024-01-06,8480947,18,29,3,3.091,0.091,Kevin Lankinen
20232024,2023020615,2024-01-06,8476341,9,46,3,5.638,2.638,Anton Forsberg
20232024,2023020615,2024-01-06,8479973,22,30,1,2.575,1.575,Stuart Skinner
20232024,2023020616,2024-01-06,8478009,2,30,5,2.175,-2.825,Ilya Sorokin
20232024,2023020616,2024-01-06,8480313,54,29,2,3.035,1.035,Logan Thompson
20232024,2023020617,2024-01-07,8475852,16,30,3,2.341,-0.659,Petr Mrazek
20232024,2023020617,2024-01-07,8478435,20,20,4,1.581,-2.419,Dan Vladar
20232024,2023020618,2024-01-07,8475311,15,41,3,4.144,1.144,Darcy Kuemper
20232024,2023020618,2024-01-07,8475660,26,34,4,2.402,-1.598,Cam Talbot
20232024,2023020619,2024-01-07,8476945,52,17,2,1.173,-0.827,Connor Hellebuyck
20232024,2023020619,2024-01-07,8478872,53,36,5,3.51,-1.49,Karel Vejmelka
20232024,2023020620,2024-01-07,8479312,17,31,2,3.254,1.254,Alex Lyon
20232024,2023020620,2024-01-07,8480843,24,28,3,3.402,0.402,Lukas Dostal
20232024,2023020621,2024-01-08,8477967,23,42,3,3.314,0.314,Thatcher Demko
20232024,2023020621,2024-01-08,8478048,3,25,5,2.321,-2.679,Igor Shesterkin
20232024,2023020622,2024-01-08,8477968,5,37,1,2.225,1.225,Alex Nedeljkovic
20232024,2023020622,2024-01-08,8479394,4,39,4,4.695,0.695,Carter Hart
20232024,2023020623,2024-01-08,8470594,30,20,4,2.522,-1.478,Marc-Andre Fleury
20232024,2023020623,2024-01-08,8483575,25,23,0,1.182,1.182,Matt Murray
20232024,2023020624,2024-01-08,8480280,6,36,3,3.354,0.354,Jeremy Swayman
20232024,2023020624,2024-01-08,8480382,21,26,3,3.003,0.003,Alexandar Georgiev
20232024,2023020625,2024-01-09,8478916,55,38,2,2.893,0.893,Joey Daccord
20232024,2023020625,2024-01-09,8482221,7,26,5,2.306,-2.694,Devon Levi
20232024,2023020626,2024-01-09,8475660,26,29,3,3.399,0.399,Cam Talbot
20232024,2023020626,2024-01-09,8476883,14,22,2,1.353,-0.647,Andrei Vasilevskiy
20232024,2023020627,2024-01-09,8474889,10,23,1,2.07,1.07,Martin Jones
20232024,2023020627,2024-01-09,8478039,28,20,4,1.479,-2.521,Kaapo Kahkonen
20232024,2023020627,2024-01-09,8478406,28,26,3,2.465,-0.535,Mackenzie Blackwood
20232024,2023020628,2024-01-09,8478009,2,33,4,3.441,-0.559,Ilya Sorokin
20232024,2023020628,2024-01-09,8479193,23,20,2,1.282,-0.718,Casey DeSmith
20232024,2023020629,2024-01-09,8477424,18,33,5,3.33,-1.67,Juuse Saros
20232024,2023020629,2024-01-09,8480843,24,42,3,4.089,1.089,Lukas Dostal
20232024,2023020630,2024-01-09,8476932,13,30,1,2.984,1.984,Anthony Stolarz
20232024,2023020630,2024-01-09,8480981,19,30,4,2.871,-1.129,Joel Hofer
20232024,2023020631,2024-01-09,8476945,52,29,0,1.825,1.825,Connor Hellebuyck
20232024,2023020631,2024-01-09,8480193,29,23,5,2.717,-2.283,Daniil Tarasov
20232024,2023020632,2024-01-09,8475852,16,15,2,2.012,0.012,Petr Mrazek
20232024,2023020632,2024-01-09,8479973,22,26,1,2.95,1.95,Stuart Skinner
20232024,2023020633,2024-01-09,8476999,6,35,3,3.614,0.614,Linus Ullmark
20232024,2023020633,2024-01-09,8478971,53,33,3,3.725,0.725,Connor Ingram
20232024,2023020633,2024-01-09,8480280,6,1,1,0.177,-0.823,Jeremy Swayman
20232024,2023020634,2024-01-09,8474593,20,33,3,4.391,1.391,Jacob Markstrom
20232024,2023020634,2024-01-09,8476914,9,35,5,3.124,-1.876,Joonas Korpisalo
20232024,2023020635,2024-01-10,8480051,8,39,2,2.84,0.84,Cayden Primeau
20232024,2023020635,2024-01-10,8481035,4,19,2,1.728,-0.272,Samuel Ersson
20232024,2023020636,2024-01-10,8475809,25,23,2,1.821,-0.179,Scott Wedgewood
20232024,2023020636,2024-01-10,8482661,30,34,7,3.311,-3.689,Jesper Wallstedt
20232024,2023020637,2024-01-10,8480238,54,35,3,3.423,0.423,Jiri Patera
20232024,2023020637,2024-01-10,8480382,21,25,0,2.282,2.282,Alexandar Georgiev
20232024,2023020638,2024-01-11,8476341,9,7,1,0.666,-0.334,Anton Forsberg
20232024,2023020638,2024-01-11,8476914,9,24,3,1.521,-1.479,Joonas Korpisalo
20232024,2023020638,2024-01-11,8480045,7,28,3,1.545,-1.455,Ukko-Pekka Luukkonen
20232024,2023020639,2024-01-11,8476434,24,25,5,3.011,-1.989,John Gibson
20232024,2023020639,2024-01-11,8477293,12,3,0,0.386,0.386,Antti Raanta
20232024,2023020639,2024-01-11,8480843,24,9,1,0.513,-0.487,Lukas Dostal
20232024,2023020639,2024-01-11,8481611,12,13,3,1.966,-1.034,Pyotr Kochetkov
20232024,2023020640,2024-01-11,8475717,22,18,2,1.581,-0.419,Calvin Pickard
20232024,2023020640,2024-01-11,8479312,17,47,3,6.197,3.197,Alex Lyon
20232024,2023020641,2024-01-11,8475660,26,41,3,3.632,0.632,Cam Talbot
20232024,2023020641,2024-01-11,8475683,13,33,2,1.564,-0.436,Sergei Bobrovsky
20232024,2023020642,2024-01-11,8478406,28,35,2,2.96,0.96,Mackenzie Blackwood
20232024,2023020642,2024-01-11,8478470,8,35,3,3.437,0.437,Samuel Montembeault
20232024,2023020643,2024-01-11,8477465,5,20,1,2.731,1.731,Tristan Jarry
20232024,2023020643,2024-01-11,8477967,23,35,3,2.842,-0.158,Thatcher Demko
20232024,2023020643,2024-01-11,8477968,5,9,3,0.775,-2.225,Alex Nedeljkovic
20232024,2023020644,2024-01-11,8476883,14,30,3,3.078,0.078,Andrei Vasilevskiy
20232024,2023020644,2024-01-11,8477970,1,20,4,2.238,-1.762,Vitek Vanecek
20232024,2023020645,2024-01-11,8475311,15,23,4,1.722,-2.278,Darcy Kuemper
20232024,2023020645,2024-01-11,8478916,55,26,1,2.196,1.196,Joey Daccord
20232024,2023020646,2024-01-11,8474889,10,30,4,2.757,-1.243,Martin Jones
20232024,2023020646,2024-01-11,8478009,2,35,3,2.742,-0.258,Ilya Sorokin
20232024,2023020647,2024-01-11,8476412,19,43,2,3.995,1.995,Jordan Binnington
20232024,2023020647,2024-01-11,8478048,3,19,4,2.362,-1.638,Igor Shesterkin
20232024,2023020648,2024-01-11,8475852,16,28,2,2.342,0.342,Petr Mrazek
20232024,2023020648,2024-01-11,8476316,52,21,1,1.558,0.558,Laurent Brossoit
20232024,2023020649,2024-01-11,8474593,20,34,2,3.109,1.109,Jacob Markstrom
20232024,2023020649,2024-01-11,8478872,53,12,4,1.506,-2.494,Karel Vejmelka
20232024,2023020649,2024-01-11,8478971,53,18,2,2.32,0.32,Connor Ingram
20232024,2023020650,2024-01-11,8480280,6,25,2,2.237,0.237,Jeremy Swayman
20232024,2023020650,2024-01-11,8480313,54,33,1,2.286,1.286,Logan Thompson
20232024,2023020651,2024-01-12,8479979,25,36,4,3.34,-0.66,Jake Oettinger
20232024,2023020651,2024-01-12,8480947,18,22,3,1.881,-1.119,Kevin Lankinen
20232024,2023020652,2024-01-12,8470594,30,35,4,2.435,-1.565,Marc-Andre Fleury
20232024,2023020652,2024-01-12,8479394,4,29,3,2.201,-0.799,Carter Hart
20232024,2023020653,2024-01-13,8471734,3,21,3,2.316,-0.684,Jonathan Quick
20232024,2023020653,2024-01-13,8479292,15,27,2,2.127,0.127,Charlie Lindgren
20232024,2023020654,2024-01-13,8477967,23,26,0,2.45,2.45,Thatcher Demko
20232024,2023020654,2024-01-13,8480045,7,23,1,1.986,0.986,Ukko-Pekka Luukkonen
20232024,2023020655,2024-01-13,8476914,9,18,4,2.09,-1.91,Joonas Korpisalo
20232024,2023020655,2024-01-13,8478406,28,41,5,2.679,-2.321,Mackenzie Blackwood
20232024,2023020656,2024-01-13,8475683,13,21,3,1.155,-1.845,Sergei Bobrovsky
20232024,2023020656,2024-01-13,8482076,1,36,1,3.9,2.9,Nico Daws
20232024,2023020657,2024-01-13,8477293,12,40,2,3.87,1.87,Antti Raanta
20232024,2023020657,2024-01-13,8477465,5,35,3,3.936,0.936,Tristan Jarry
20232024,2023020658,2024-01-13,8478916,55,34,4,3.553,-0.447,Joey Daccord
20232024,2023020658,2024-01-13,8480193,29,35,6,3.39,-2.61,Daniil Tarasov
20232024,2023020659,2024-01-13,8475660,26,27,5,2.739,-2.261,Cam Talbot
20232024,2023020659,2024-01-13,8479312,17,36,3,3.006,0.006,Alex Lyon
20232024,2023020659,2024-01-13,8479496,26,3,0,0.324,0.324,David Rittich
20232024,2023020660,2024-01-13,8478470,8,41,2,4.145,2.145,Samuel Montembeault
20232024,2023020660,2024-01-13,8479973,22,24,1,2.204,1.204,Stuart Skinner
20232024,2023020661,2024-01-13,8476883,14,20,1,1.155,0.155,Andrei Vasilevskiy
20232024,2023020661,2024-01-13,8480843,24,41,5,5.168,0.168,Lukas Dostal
20232024,2023020662,2024-01-13,8474889,10,32,4,2.934,-1.066,Martin Jones
20232024,2023020662,2024-01-13,8480382,21,29,3,2.524,-0.476,Alexandar Georgiev
20232024,2023020663,2024-01-13,8476945,52,36,2,3.029,1.029,Connor Hellebuyck
20232024,2023020663,2024-01-13,8481035,4,35,0,2.604,2.604,Samuel Ersson
20232024,2023020664,2024-01-13,8475809,25,14,0,0.78,0.78,Scott Wedgewood
20232024,2023020664,2024-01-13,8475852,16,29,2,1.622,-0.378,Petr Mrazek
20232024,2023020664,2024-01-13,8479979,25,21,1,1.657,0.657,Jake Oettinger
20232024,2023020665,2024-01-13,8470594,30,15,1,0.924,-0.076,Marc-Andre Fleury
20232024,2023020665,2024-01-13,8478971,53,38,0,4.147,4.147,Connor Ingram
20232024,2023020665,2024-01-13,8479406,30,18,5,1.749,-3.251,Filip Gustavsson
20232024,2023020666,2024-01-13,8477424,18,25,1,2.121,1.121,Juuse Saros
20232024,2023020666,2024-01-13,8478009,2,27,2,1.985,-0.015,Ilya Sorokin
20232024,2023020667,2024-01-13,8476412,19,35,4,3.378,-0.622,Jordan Binnington
20232024,2023020667,2024-01-13,8480280,6,23,3,2.65,-0.35,Jeremy Swayman
20232024,2023020668,2024-01-13,8474593,20,32,1,2.896,1.896,Jacob Markstrom
20232024,2023020668,2024-01-13,8480313,54,26,3,2.475,-0.525,Logan Thompson
20232024,2023020669,2024-01-14,8478048,3,25,1,2.268,1.268,Igor Shesterkin
20232024,2023020669,2024-01-14,8479292,15,31,2,3.304,1.304,Charlie Lindgren
20232024,2023020670,2024-01-14,8473503,17,30,2,2.968,0.968,James Reimer
20232024,2023020670,2024-01-14,8478492,10,23,3,1.357,-1.643,Ilya Samsonov
20232024,2023020671,2024-01-15,8480280,6,31,0,2.174,2.174,Jeremy Swayman
20232024,2023020671,2024-01-15,8482076,1,35,2,3.682,1.682,Nico Daws
20232024,2023020672,2024-01-15,8478039,28,34,2,3.611,1.611,Kaapo Kahkonen
20232024,2023020672,2024-01-15,8480045,7,28,0,2.526,2.526,Ukko-Pekka Luukkonen
20232024,2023020673,2024-01-15,8478007,29,30,3,3.467,0.467,Elvis Merzlikins
20232024,2023020673,2024-01-15,8479193,23,43,3,4.349,1.349,Casey DeSmith
20232024,2023020674,2024-01-15,8476434,24,33,4,3.057,-0.943,John Gibson
20232024,2023020674,2024-01-15,8476932,13,26,5,2.69,-2.31,Anthony Stolarz
20232024,2023020675,2024-01-15,8477293,12,24,4,2.49,-1.51,Antti Raanta
20232024,2023020675,2024-01-15,8479496,26,32,2,3.37,1.37,David Rittich
20232024,2023020675,2024-01-15,8484293,12,1,0,0.086,0.086,Yaniv Perets
20232024,2023020676,2024-01-15,8470594,30,21,0,1.746,1.746,Marc-Andre Fleury
20232024,2023020676,2024-01-15,8478009,2,32,3,2.966,-0.034,Ilya Sorokin
20232024,2023020676,2024-01-15,8478965,2,8,2,0.925,-1.075,Kenneth Appleby
20232024,2023020677,2024-01-15,8477465,5,22,0,1.125,1.125,Tristan Jarry
20232024,2023020677,2024-01-15,8478916,55,32,2,3.18,1.18,Joey Daccord
20232024,2023020678,2024-01-15,8474596,8,35,3,2.339,-0.661,Jake Allen
20232024,2023020678,2024-01-15,8480382,21,34,4,3.726,-0.274,Alexandar Georgiev
20232024,2023020679,2024-01-15,8479394,4,30,2,2.79,0.79,Carter Hart
20232024,2023020679,2024-01-15,8480981,19,41,3,3.884,0.884,Joel Hofer
20232024,2023020680,2024-01-15,8477424,18,28,3,2.375,-0.625,Juuse Saros
20232024,2023020680,2024-01-15,8480313,54,35,1,2.904,1.904,Logan Thompson
20232024,2023020681,2024-01-16,8476904,55,22,4,1.898,-2.102,Chris Driedger
20232024,2023020681,2024-01-16,8478048,3,31,2,2.812,0.812,Igor Shesterkin
20232024,2023020682,2024-01-16,8481020,21,40,4,5.392,1.392,Justus Annunen
20232024,2023020682,2024-01-16,8481544,9,33,6,3.025,-2.975,Mads Sogaard
20232024,2023020683,2024-01-16,8475311,15,24,0,1.152,1.152,Darcy Kuemper
20232024,2023020683,2024-01-16,8476434,24,27,1,2.852,1.852,John Gibson
20232024,2023020684,2024-01-16,8475660,26,28,5,2.682,-2.318,Cam Talbot
20232024,2023020684,2024-01-16,8479979,25,32,1,2.735,1.735,Jake Oettinger
20232024,2023020685,2024-01-16,8476945,52,37,2,2.883,0.883,Connor Hellebuyck
20232024,2023020685,2024-01-16,8478009,2,43,3,3.607,0.607,Ilya Sorokin
20232024,2023020686,2024-01-16,8475852,16,38,1,3.903,2.903,Petr Mrazek
20232024,2023020686,2024-01-16,8478406,28,25,1,2.532,1.532,Mackenzie Blackwood
20232024,2023020687,2024-01-16,8478435,20,25,2,2.015,0.015,Dan Vladar
20232024,2023020687,2024-01-16,8478971,53,30,3,3.142,0.142,Connor Ingram
20232024,2023020688,2024-01-16,8474889,10,31,3,3.253,0.253,Martin Jones
20232024,2023020688,2024-01-16,8479973,22,27,2,2.281,0.281,Stuart Skinner
20232024,2023020689,2024-01-17,8475683,13,29,3,1.868,-1.132,Sergei Bobrovsky
20232024,2023020689,2024-01-17,8479312,17,34,2,3.96,1.96,Alex Lyon
20232024,2023020690,2024-01-17,8478470,8,30,2,3.645,1.645,Samuel Montembeault
20232024,2023020690,2024-01-17,8482076,1,25,3,3.72,0.72,Nico Daws
20232024,2023020691,2024-01-18,8480045,7,19,0,2.017,2.017,Ukko-Pekka Luukkonen
20232024,2023020691,2024-01-18,8482821,16,31,3,2.424,-0.576,Arvid Soderblom
20232024,2023020692,2024-01-18,8480280,6,32,2,2.764,0.764,Jeremy Swayman
20232024,2023020692,2024-01-18,8480382,21,30,4,3.574,-0.426,Alexandar Georgiev
20232024,2023020693,2024-01-18,8476914,9,23,2,1.826,-0.174,Joonas Korpisalo
20232024,2023020693,2024-01-18,8480051,8,36,5,3.327,-1.673,Cayden Primeau
20232024,2023020694,2024-01-18,8479979,25,43,5,4.339,-0.661,Jake Oettinger
20232024,2023020694,2024-01-18,8481035,4,15,1,1.306,0.306,Samuel Ersson
20232024,2023020695,2024-01-18,8476883,14,33,3,3.48,0.48,Andrei Vasilevskiy
20232024,2023020695,2024-01-18,8479406,30,38,7,4.675,-2.325,Filip Gustavsson
20232024,2023020696,2024-01-18,8476412,19,25,4,2.616,-1.384,Jordan Binnington
20232024,2023020696,2024-01-18,8479292,15,20,2,2.456,0.456,Charlie Lindgren
20232024,2023020697,2024-01-18,8474889,10,26,3,2.958,-0.042,Martin Jones
20232024,2023020697,2024-01-18,8478435,20,32,4,4.393,0.393,Dan Vladar
20232024,2023020698,2024-01-18,8478916,55,36,4,4.157,0.157,Joey Daccord
20232024,2023020698,2024-01-18,8479973,22,27,2,2.339,0.339,Stuart Skinner
20232024,2023020699,2024-01-18,8477424,18,34,1,2.937,1.937,Juuse Saros
20232024,2023020699,2024-01-18,8479496,26,33,2,2.465,0.465,David Rittich
20232024,2023020700,2024-01-18,8477967,23,21,1,1.439,0.439,Thatcher Demko
20232024,2023020700,2024-01-18,8478971,53,26,2,2.527,0.527,Connor Ingram
20232024,2023020701,2024-01-18,8478048,3,25,4,3.041,-0.959,Igor Shesterkin
20232024,2023020701,2024-01-18,8480313,54,30,1,2.447,1.447,Logan Thompson
20232024,2023020702,2024-01-19,8477293,12,12,2,0.844,-1.156,Antti Raanta
20232024,2023020702,2024-01-19,8479312,17,29,3,2.36,-0.64,Alex Lyon
20232024,2023020703,2024-01-19,8477970,1,30,1,2.641,1.641,Vitek Vanecek
20232024,2023020703,2024-01-19,8478007,29,33,4,2.674,-1.326,Elvis Merzlikins
20232024,2023020704,2024-01-19,8470594,30,11,1,0.73,-0.27,Marc-Andre Fleury
20232024,2023020704,2024-01-19,8475683,13,15,4,1.333,-2.667,Sergei Bobrovsky
20232024,2023020704,2024-01-19,8476932,13,10,1,0.938,-0.062,Anthony Stolarz
20232024,2023020704,2024-01-19,8479406,30,24,3,2.789,-0.211,Filip Gustavsson
20232024,2023020705,2024-01-19,8475852,16,30,3,3.241,0.241,Petr Mrazek
20232024,2023020705,2024-01-19,8478009,2,24,4,1.984,-2.016,Ilya Sorokin
20232024,2023020706,2024-01-20,8477992,14,27,1,2.393,1.393,Jonas Johansson
20232024,2023020706,2024-01-20,8480045,7,15,2,1.603,-0.397,Ukko-Pekka Luukkonen
20232024,2023020707,2024-01-20,8479394,4,15,5,1.317,-3.683,Carter Hart
20232024,2023020707,2024-01-20,8480382,21,40,4,3.53,-0.47,Alexandar Georgiev
20232024,2023020707,2024-01-20,8481035,4,9,1,1.112,0.112,Samuel Ersson
20232024,2023020708,2024-01-20,8477424,18,24,3,2.109,-0.891,Juuse Saros
20232024,2023020708,2024-01-20,8478971,53,32,2,3.107,1.107,Connor Ingram
20232024,2023020709,2024-01-20,8476914,9,29,2,2.363,0.363,Joonas Korpisalo
20232024,2023020709,2024-01-20,8476945,52,35,1,2.685,1.685,Connor Hellebuyck
20232024,2023020710,2024-01-20,8476999,6,21,4,1.868,-2.132,Linus Ullmark
20232024,2023020710,2024-01-20,8478470,8,30,8,3.837,-4.163,Samuel Montembeault
20232024,2023020710,2024-01-20,8480051,8,6,1,0.624,-0.376,Cayden Primeau
20232024,2023020711,2024-01-20,8475809,25,31,2,2.413,0.413,Scott Wedgewood
20232024,2023020711,2024-01-20,8482076,1,36,6,4.578,-1.422,Nico Daws
20232024,2023020712,2024-01-20,8474889,10,21,6,2.233,-3.767,Martin Jones
20232024,2023020712,2024-01-20,8477967,23,46,4,3.6,-0.4,Thatcher Demko
20232024,2023020713,2024-01-20,8476412,19,18,0,2.012,2.012,Jordan Binnington
20232024,2023020713,2024-01-20,8479292,15,29,3,2.268,-0.732,Charlie Lindgren
20232024,2023020714,2024-01-20,8478435,20,31,2,3.701,1.701,Dan Vladar
20232024,2023020714,2024-01-20,8479973,22,27,1,2.204,1.204,Stuart Skinner
20232024,2023020715,2024-01-20,8476434,24,18,4,1.601,-2.399,John Gibson
20232024,2023020715,2024-01-20,8478406,28,34,3,3.323,0.323,Mackenzie Blackwood
20232024,2023020716,2024-01-20,8477465,5,29,3,3.156,0.156,Tristan Jarry
20232024,2023020716,2024-01-20,8480313,54,25,2,1.573,-0.427,Logan Thompson
20232024,2023020717,2024-01-20,8471734,3,26,2,2.089,0.089,Jonathan Quick
20232024,2023020717,2024-01-20,8479496,26,23,1,1.848,0.848,David Rittich
20232024,2023020718,2024-01-21,8481035,4,33,4,3.557,-0.443,Samuel Ersson
20232024,2023020718,2024-01-21,8481544,9,25,3,1.426,-1.574,Mads Sogaard
20232024,2023020719,2024-01-21,8477293,12,17,3,2.707,-0.293,Antti Raanta
20232024,2023020719,2024-01-21,8479406,30,42,2,4.105,2.105,Filip Gustavsson
20232024,2023020720,2024-01-21,8476883,14,35,2,3.942,1.942,Andrei Vasilevskiy
20232024,2023020720,2024-01-21,8479312,17,28,1,2.964,1.964,Alex Lyon
20232024,2023020721,2024-01-21,8475809,25,28,3,3.046,0.046,Scott Wedgewood
20232024,2023020721,2024-01-21,8478009,2,43,2,3.358,1.358,Ilya Sorokin
20232024,2023020722,2024-01-21,8478048,3,18,2,1.372,-0.628,Igor Shesterkin
20232024,2023020722,2024-01-21,8480843,24,32,4,2.621,-1.379,Lukas Dostal
20232024,2023020723,2024-01-21,8478492,10,17,1,1.672,0.672,Ilya Samsonov
20232024,2023020723,2024-01-21,8478916,55,25,2,2.158,0.158,Joey Daccord
20232024,2023020724,2024-01-22,8476945,52,20,3,2.232,-0.768,Connor Hellebuyck
20232024,2023020724,2024-01-22,8480280,6,21,1,1.177,0.177,Jeremy Swayman
20232024,2023020725,2024-01-22,8477970,1,32,5,4.606,-0.394,Vitek Vanecek
20232024,2023020725,2024-01-22,8480313,54,38,6,4.034,-1.966,Logan Thompson
20232024,2023020726,2024-01-22,8476932,13,27,1,2.643,1.643,Anthony Stolarz
20232024,2023020726,2024-01-22,8477424,18,36,2,2.514,0.514,Juuse Saros
20232024,2023020727,2024-01-22,8477465,5,26,4,3.152,-0.848,Tristan Jarry
20232024,2023020727,2024-01-22,8478971,53,27,2,3.502,1.502,Connor Ingram
20232024,2023020728,2024-01-22,8475852,16,29,2,3.453,1.453,Petr Mrazek
20232024,2023020728,2024-01-22,8477967,23,31,0,2.788,2.788,Thatcher Demko
20232024,2023020729,2024-01-22,8478039,28,47,3,4.651,1.651,Kaapo Kahkonen
20232024,2023020729,2024-01-22,8479496,26,27,3,2.627,-0.373,David Rittich
20232024,2023020730,2024-01-23,8473503,17,6,0,0.13,0.13,James Reimer
20232024,2023020730,2024-01-23,8479312,17,32,5,3.081,-1.919,Alex Lyon
20232024,2023020730,2024-01-23,8479979,25,34,4,3.312,-0.688,Jake Oettinger
20232024,2023020731,2024-01-23,8474596,8,27,3,3.087,0.087,Jake Allen
20232024,2023020731,2024-01-23,8476914,9,25,1,1.573,0.573,Joonas Korpisalo
20232024,2023020732,2024-01-23,8476883,14,32,3,2.652,-0.348,Andrei Vasilevskiy
20232024,2023020732,2024-01-23,8481035,4,19,4,1.983,-2.017,Samuel Ersson
20232024,2023020733,2024-01-23,8478009,2,27,3,2.227,-0.773,Ilya Sorokin
20232024,2023020733,2024-01-23,8478499,54,42,2,2.738,0.738,Adin Hill
20232024,2023020734,2024-01-23,8475311,15,30,5,3.564,-1.436,Darcy Kuemper
20232024,2023020734,2024-01-23,8479406,30,33,3,2.441,-0.559,Filip Gustavsson
20232024,2023020735,2024-01-23,8474593,20,26,4,2.283,-1.717,Jacob Markstrom
20232024,2023020735,2024-01-23,8476412,19,35,3,2.887,-0.113,Jordan Binnington
20232024,2023020736,2024-01-23,8478007,29,24,4,4.079,0.079,Elvis Merzlikins
20232024,2023020736,2024-01-23,8479973,22,27,1,2.477,1.477,Stuart Skinner
20232024,2023020737,2024-01-23,8476434,24,30,2,2.899,0.899,John Gibson
20232024,2023020737,2024-01-23,8480045,7,35,3,3.82,0.82,Ukko-Pekka Luukkonen
20232024,2023020738,2024-01-23,8478048,3,22,3,1.526,-1.474,Igor Shesterkin
20232024,2023020738,2024-01-23,8478406,28,31,2,2.468,0.468,Mackenzie Blackwood
20232024,2023020739,2024-01-24,8475683,13,33,2,3.429,1.429,Sergei Bobrovsky
20232024,2023020739,2024-01-24,8478872,53,42,6,4.416,-1.584,Karel Vejmelka
20232024,2023020740,2024-01-24,8476316,52,30,1,2.688,1.688,Laurent Brossoit
20232024,2023020740,2024-01-24,8478492,10,32,0,2.876,2.876,Ilya Samsonov
20232024,2023020741,2024-01-24,8476999,6,33,3,2.895,-0.105,Linus Ullmark
20232024,2023020741,2024-01-24,8477484,12,28,2,3.475,1.475,Spencer Martin
20232024,2023020742,2024-01-24,8479292,15,31,6,3.616,-2.384,Charlie Lindgren
20232024,2023020742,2024-01-24,8480382,21,25,2,2.228,0.228,Alexandar Georgiev
20232024,2023020743,2024-01-24,8478916,55,34,2,3.397,1.397,Joey Daccord
20232024,2023020743,2024-01-24,8482821,16,29,6,3.396,-2.604,Arvid Soderblom
20232024,2023020744,2024-01-24,8479193,23,18,4,1.675,-2.325,Casey DeSmith
20232024,2023020744,2024-01-24,8480981,19,32,3,3.572,0.572,Joel Hofer
20232024,2023020745,2024-01-24,8475660,26,37,5,2.797,-2.203,Cam Talbot
20232024,2023020745,2024-01-24,8482221,7,40,3,3.292,0.292,Devon Levi
20232024,2023020746,2024-01-25,8477293,12,25,2,2.826,0.826,Antti Raanta
20232024,2023020746,2024-01-25,8477970,1,11,0,0.642,0.642,Vitek Vanecek
20232024,2023020746,2024-01-25,8482076,1,12,3,0.933,-2.067,Nico Daws
20232024,2023020747,2024-01-25,8479312,17,30,0,3.092,3.092,Alex Lyon
20232024,2023020747,2024-01-25,8481035,4,17,3,1.177,-1.823,Samuel Ersson
20232024,2023020748,2024-01-25,8473575,2,26,4,3.602,-0.398,Semyon Varlamov
20232024,2023020748,2024-01-25,8478470,8,46,3,4.545,1.545,Samuel Montembeault
20232024,2023020749,2024-01-25,8476914,9,23,3,1.673,-1.327,Joonas Korpisalo
20232024,2023020749,2024-01-25,8480280,6,37,2,2.448,0.448,Jeremy Swayman
20232024,2023020750,2024-01-25,8476883,14,20,3,1.996,-1.004,Andrei Vasilevskiy
20232024,2023020750,2024-01-25,8478971,53,37,6,3.461,-2.539,Connor Ingram
20232024,2023020751,2024-01-25,8476434,24,44,4,4.578,0.578,John Gibson
20232024,2023020751,2024-01-25,8479979,25,21,3,1.855,-1.145,Jake Oettinger
20232024,2023020752,2024-01-25,8477424,18,24,2,2.297,0.297,Juuse Saros
20232024,2023020752,2024-01-25,8479406,30,29,3,2.383,-0.617,Filip Gustavsson
20232024,2023020753,2024-01-25,8474593,20,31,4,2.797,-1.203,Jacob Markstrom
20232024,2023020753,2024-01-25,8480193,29,30,2,2.715,0.715,Daniil Tarasov
20232024,2023020754,2024-01-25,8475717,22,27,0,2.156,2.156,Calvin Pickard
20232024,2023020754,2024-01-25,8475852,16,33,2,3.481,1.481,Petr Mrazek
20232024,2023020755,2024-01-26,8478048,3,19,4,1.23,-2.77,Igor Shesterkin
20232024,2023020755,2024-01-26,8478499,54,38,2,2.861,0.861,Adin Hill
20232024,2023020756,2024-01-26,8475683,13,37,2,3.029,1.029,Sergei Bobrovsky
20232024,2023020756,2024-01-26,8477968,5,31,2,2.367,0.367,Alex Nedeljkovic
20232024,2023020757,2024-01-26,8475660,26,12,3,0.73,-2.27,Cam Talbot
20232024,2023020757,2024-01-26,8479496,26,19,2,1.458,-0.542,David Rittich
20232024,2023020757,2024-01-26,8480382,21,27,1,1.589,0.589,Alexandar Georgiev
20232024,2023020758,2024-01-26,8476412,19,36,3,2.944,-0.056,Jordan Binnington
20232024,2023020758,2024-01-26,8478916,55,18,4,1.801,-2.199,Joey Daccord
20232024,2023020759,2024-01-27,8476999,6,37,2,3.804,1.804,Linus Ullmark
20232024,2023020759,2024-01-27,8477361,4,14,2,1.815,-0.185,Cal Petersen
20232024,2023020759,2024-01-27,8481035,4,14,4,1.905,-2.095,Samuel Ersson
20232024,2023020760,2024-01-27,8479292,15,35,5,3.284,-1.716,Charlie Lindgren
20232024,2023020760,2024-01-27,8479979,25,28,4,1.569,-2.431,Jake Oettinger
20232024,2023020761,2024-01-27,8479973,22,29,1,3.697,2.697,Stuart Skinner
20232024,2023020761,2024-01-27,8480947,18,20,3,2.22,-0.78,Kevin Lankinen
20232024,2023020762,2024-01-27,8478039,28,35,4,3.488,-0.512,Kaapo Kahkonen
20232024,2023020762,2024-01-27,8480045,7,26,2,2.01,0.01,Ukko-Pekka Luukkonen
20232024,2023020763,2024-01-27,8477293,12,11,1,1.206,0.206,Antti Raanta
20232024,2023020763,2024-01-27,8478971,53,39,3,4.288,1.288,Connor Ingram
20232024,2023020764,2024-01-27,8479312,17,30,2,3.323,1.323,Alex Lyon
20232024,2023020764,2024-01-27,8480313,54,28,4,2.86,-1.14,Logan Thompson
20232024,2023020765,2024-01-27,8471734,3,31,2,2.558,0.558,Jonathan Quick
20232024,2023020765,2024-01-27,8476914,9,17,4,1.991,-2.009,Joonas Korpisalo
20232024,2023020765,2024-01-27,8481544,9,11,2,0.918,-1.082,Mads Sogaard
20232024,2023020766,2024-01-27,8474596,8,33,3,3.732,0.732,Jake Allen
20232024,2023020766,2024-01-27,8477465,5,27,2,2.035,0.035,Tristan Jarry
20232024,2023020767,2024-01-27,8476883,14,24,3,2.455,-0.545,Andrei Vasilevskiy
20232024,2023020767,2024-01-27,8477970,1,40,4,4.3,0.3,Vitek Vanecek
20232024,2023020768,2024-01-27,8476945,52,29,3,3.139,0.139,Connor Hellebuyck
20232024,2023020768,2024-01-27,8478492,10,26,2,2.185,0.185,Ilya Samsonov
20232024,2023020769,2024-01-27,8473575,2,37,3,3.239,0.239,Semyon Varlamov
20232024,2023020769,2024-01-27,8476932,13,23,2,1.54,-0.46,Anthony Stolarz
20232024,2023020770,2024-01-27,8479406,30,25,3,2.535,-0.465,Filip Gustavsson
20232024,2023020770,2024-01-27,8480843,24,37,2,2.744,0.744,Lukas Dostal
20232024,2023020771,2024-01-27,8474593,20,32,0,2.527,2.527,Jacob Markstrom
20232024,2023020771,2024-01-27,8475852,16,31,1,2.209,1.209,Petr Mrazek
20232024,2023020772,2024-01-27,8477967,23,29,4,2.112,-1.888,Thatcher Demko
20232024,2023020772,2024-01-27,8478007,29,34,5,4.407,-0.593,Elvis Merzlikins
20232024,2023020773,2024-01-28,8479496,26,32,4,3.289,-0.711,David Rittich
20232024,2023020773,2024-01-28,8480981,19,33,3,3.205,0.205,Joel Hofer
20232024,2023020774,2024-01-28,8478916,55,32,2,1.722,-0.278,Joey Daccord
20232024,2023020774,2024-01-28,8480193,29,25,3,2.261,-0.739,Daniil Tarasov
20232024,2023020775,2024-01-29,8476914,9,17,0,1.462,1.462,Joonas Korpisalo
20232024,2023020775,2024-01-29,8477424,18,35,4,3.25,-0.75,Juuse Saros
20232024,2023020775,2024-01-29,8481544,9,11,3,1.17,-1.83,Mads Sogaard
20232024,2023020776,2024-01-30,8476412,19,22,1,2.54,1.54,Jordan Binnington
20232024,2023020776,2024-01-30,8478007,29,21,0,1.567,1.567,Elvis Merzlikins
20232024,2023020777,2024-01-30,8478406,28,32,0,2.374,2.374,Mackenzie Blackwood
20232024,2023020777,2024-01-30,8478916,55,21,1,1.52,0.52,Joey Daccord
20232024,2023020778,2024-01-31,8476914,9,25,2,1.802,-0.198,Joonas Korpisalo
20232024,2023020778,2024-01-31,8479312,17,25,3,2.95,-0.05,Alex Lyon
20232024,2023020779,2024-01-31,8477424,18,23,3,2.324,-0.676,Juuse Saros
20232024,2023020779,2024-01-31,8479496,26,42,2,5.236,3.236,David Rittich
20232024,2023020780,2024-01-31,8476434,24,28,2,1.985,-0.015,John Gibson
20232024,2023020780,2024-01-31,8478039,28,34,3,4.304,1.304,Kaapo Kahkonen
20232024,2023020781,2024-02-05,8471734,3,33,1,2.775,1.775,Jonathan Quick
20232024,2023020781,2024-02-05,8480382,21,29,2,2.818,0.818,Alexandar Georgiev
20232024,2023020782,2024-02-05,8478009,2,36,2,3.576,1.576,Ilya Sorokin
20232024,2023020782,2024-02-05,8478492,10,29,3,2.365,-0.635,Ilya Samsonov
20232024,2023020783,2024-02-06,8474593,20,22,1,2.03,1.03,Jacob Markstrom
20232024,2023020783,2024-02-06,8480280,6,29,4,2.341,-1.659,Jeremy Swayman
20232024,2023020784,2024-02-06,8479979,25,48,1,5.217,4.217,Jake Oettinger
20232024,2023020784,2024-02-06,8480045,7,30,2,3.704,1.704,Ukko-Pekka Luukkonen
20232024,2023020785,2024-02-06,8477967,23,24,2,1.988,-0.012,Thatcher Demko
20232024,2023020785,2024-02-06,8481611,12,19,3,1.72,-1.28,Pyotr Kochetkov
20232024,2023020786,2024-02-06,8476932,13,25,2,2.439,0.439,Anthony Stolarz
20232024,2023020786,2024-02-06,8481035,4,21,1,2.03,1.03,Samuel Ersson
20232024,2023020787,2024-02-06,8477970,1,38,3,3.274,0.274,Vitek Vanecek
20232024,2023020787,2024-02-06,8481020,21,30,4,2.829,-1.171,Justus Annunen
20232024,2023020788,2024-02-06,8476945,52,27,3,3.126,0.126,Connor Hellebuyck
20232024,2023020788,2024-02-06,8477465,5,23,0,2.78,2.78,Tristan Jarry
20232024,2023020789,2024-02-06,8475311,15,17,2,1.164,-0.836,Darcy Kuemper
20232024,2023020789,2024-02-06,8478470,8,39,2,2.724,0.724,Samuel Montembeault
20232024,2023020789,2024-02-06,8479292,15,9,3,0.692,-2.308,Charlie Lindgren
20232024,2023020790,2024-02-06,8478499,54,31,1,2.679,1.679,Adin Hill
20232024,2023020790,2024-02-06,8479973,22,25,2,2.099,0.099,Stuart Skinner
20232024,2023020791,2024-02-07,8471734,3,18,1,1.279,0.279,Jonathan Quick
20232024,2023020791,2024-02-07,8476883,14,23,2,1.862,-0.138,Andrei Vasilevskiy
20232024,2023020792,2024-02-07,8475809,25,31,5,3.3,-1.7,Scott Wedgewood
20232024,2023020792,2024-02-07,8478492,10,31,4,2.14,-1.86,Ilya Samsonov
20232024,2023020793,2024-02-07,8475852,16,25,2,2.391,0.391,Petr Mrazek
20232024,2023020793,2024-02-07,8479406,30,21,1,2.025,1.025,Filip Gustavsson
20232024,2023020794,2024-02-08,8476999,6,17,0,1.255,1.255,Linus Ullmark
20232024,2023020794,2024-02-08,8477967,23,24,4,2.503,-1.497,Thatcher Demko
20232024,2023020795,2024-02-08,8475311,15,40,3,4.277,1.277,Darcy Kuemper
20232024,2023020795,2024-02-08,8475683,13,23,2,2.182,0.182,Sergei Bobrovsky
20232024,2023020796,2024-02-08,8474593,20,40,3,3.895,0.895,Jacob Markstrom
20232024,2023020796,2024-02-08,8477970,1,29,4,3.141,-0.859,Vitek Vanecek
20232024,2023020797,2024-02-08,8476316,52,21,4,2.579,-1.421,Laurent Brossoit
20232024,2023020797,2024-02-08,8481035,4,29,1,3.585,2.585,Samuel Ersson
20232024,2023020798,2024-02-08,8477992,14,24,6,2.395,-3.605,Jonas Johansson
20232024,2023020798,2024-02-08,8478009,2,20,2,1.819,-0.181,Ilya Sorokin
20232024,2023020799,2024-02-08,8477293,12,9,0,1.062,1.062,Antti Raanta
20232024,2023020799,2024-02-08,8480382,21,27,4,3.356,-0.644,Alexandar Georgiev
20232024,2023020799,2024-02-08,8481611,12,18,2,1.811,-0.189,Pyotr Kochetkov
20232024,2023020800,2024-02-08,8478499,54,22,2,1.638,-0.362,Adin Hill
20232024,2023020800,2024-02-08,8478872,53,28,0,2.328,2.328,Karel Vejmelka
20232024,2023020800,2024-02-08,8478971,53,6,3,0.5,-2.5,Connor Ingram
20232024,2023020801,2024-02-09,8470594,30,36,2,3.879,1.879,Marc-Andre Fleury
20232024,2023020801,2024-02-09,8477968,5,30,3,2.464,-0.536,Alex Nedeljkovic
20232024,2023020802,2024-02-09,8475852,16,35,4,4.0,-0.0,Petr Mrazek
20232024,2023020802,2024-02-09,8478048,3,31,3,3.488,0.488,Igor Shesterkin
20232024,2023020803,2024-02-09,8475717,22,27,3,2.287,-0.713,Calvin Pickard
20232024,2023020803,2024-02-09,8476434,24,21,2,2.385,0.385,John Gibson
20232024,2023020803,2024-02-09,8480843,24,10,2,1.23,-0.77,Lukas Dostal
20232024,2023020804,2024-02-10,8480045,7,26,3,2.659,-0.341,Ukko-Pekka Luukkonen
20232024,2023020804,2024-02-10,8480981,19,35,1,2.642,1.642,Joel Hofer
20232024,2023020805,2024-02-10,8479193,23,28,4,2.912,-1.088,Casey DeSmith
20232024,2023020805,2024-02-10,8479312,17,31,3,2.536,-0.464,Alex Lyon
20232024,2023020806,2024-02-10,8478470,8,38,3,3.604,0.604,Samuel Montembeault
20232024,2023020806,2024-02-10,8479979,25,20,2,1.805,-0.195,Jake Oettinger
20232024,2023020807,2024-02-10,8473575,2,22,3,1.535,-1.465,Semyon Varlamov
20232024,2023020807,2024-02-10,8474593,20,36,2,3.272,1.272,Jacob Markstrom
20232024,2023020808,2024-02-10,8479292,15,18,0,1.934,1.934,Charlie Lindgren
20232024,2023020808,2024-02-10,8480280,6,28,2,3.362,1.362,Jeremy Swayman
20232024,2023020809,2024-02-10,8475683,13,34,0,2.882,2.882,Sergei Bobrovsky
20232024,2023020809,2024-02-10,8480382,21,41,4,5.062,1.062,Alexandar Georgiev
20232024,2023020810,2024-02-10,8477970,1,32,1,3.84,2.84,Vitek Vanecek
20232024,2023020810,2024-02-10,8481611,12,34,0,3.0,3.0,Pyotr Kochetkov
20232024,2023020811,2024-02-10,8476883,14,35,2,4.104,2.104,Andrei Vasilevskiy
20232024,2023020811,2024-02-10,8478007,29,36,3,3.679,0.679,Elvis Merzlikins
20232024,2023020812,2024-02-10,8474889,10,31,4,4.358,0.358,Martin Jones
20232024,2023020812,2024-02-10,8476914,9,35,3,4.871,1.871,Joonas Korpisalo
20232024,2023020813,2024-02-10,8477361,4,19,2,1.539,-0.461,Cal Petersen
20232024,2023020813,2024-02-10,8478916,55,38,3,2.688,-0.312,Joey Daccord
20232024,2023020814,2024-02-10,8476945,52,36,1,3.134,2.134,Connor Hellebuyck
20232024,2023020814,2024-02-10,8477465,5,31,2,3.132,1.132,Tristan Jarry
20232024,2023020815,2024-02-10,8477424,18,31,4,2.399,-1.601,Juuse Saros
20232024,2023020815,2024-02-10,8478971,53,37,5,3.846,-1.154,Connor Ingram
20232024,2023020816,2024-02-10,8479496,26,26,0,3.246,3.246,David Rittich
20232024,2023020816,2024-02-10,8479973,22,25,3,3.384,0.384,Stuart Skinner
20232024,2023020817,2024-02-11,8474596,8,36,7,3.805,-3.195,Jake Allen
20232024,2023020817,2024-02-11,8476412,19,32,2,3.517,1.517,Jordan Binnington
20232024,2023020818,2024-02-11,8475311,15,29,3,2.849,-0.151,Darcy Kuemper
20232024,2023020818,2024-02-11,8477967,23,33,2,3.252,1.252,Thatcher Demko
20232024,2023020819,2024-02-12,8478916,55,37,3,4.692,1.692,Joey Daccord
20232024,2023020819,2024-02-12,8482076,1,28,1,2.542,1.542,Nico Daws
20232024,2023020820,2024-02-12,8474593,20,30,1,3.666,2.666,Jacob Markstrom
20232024,2023020820,2024-02-12,8478048,3,29,0,2.526,2.526,Igor Shesterkin
20232024,2023020821,2024-02-12,8478872,53,33,4,3.231,-0.769,Karel Vejmelka
20232024,2023020821,2024-02-12,8481035,4,23,3,2.063,-0.937,Samuel Ersson
20232024,2023020822,2024-02-12,8478499,54,28,4,3.598,-0.402,Adin Hill
20232024,2023020822,2024-02-12,8479406,30,30,3,2.538,-0.462,Filip Gustavsson
20232024,2023020823,2024-02-13,8476883,14,38,2,3.327,1.327,Andrei Vasilevskiy
20232024,2023020823,2024-02-13,8476999,6,25,2,2.473,0.473,Linus Ullmark
20232024,2023020824,2024-02-13,8475660,26,7,2,1.009,-0.991,Cam Talbot
20232024,2023020824,2024-02-13,8479496,26,17,5,2.674,-2.326,David Rittich
20232024,2023020824,2024-02-13,8480045,7,33,0,2.29,2.29,Ukko-Pekka Luukkonen
20232024,2023020825,2024-02-13,8480051,8,13,0,0.757,0.757,Cayden Primeau
20232024,2023020825,2024-02-13,8480843,24,38,5,4.418,-0.582,Lukas Dostal
20232024,2023020826,2024-02-13,8476341,9,40,3,3.793,0.793,Anton Forsberg
20232024,2023020826,2024-02-13,8480193,29,29,5,3.229,-1.771,Daniil Tarasov
20232024,2023020827,2024-02-13,8476412,19,31,3,4.018,1.018,Jordan Binnington
20232024,2023020827,2024-02-13,8478492,10,15,1,1.185,0.185,Ilya Samsonov
20232024,2023020828,2024-02-13,8479292,15,35,4,2.643,-1.357,Charlie Lindgren
20232024,2023020828,2024-02-13,8480382,21,27,3,2.834,-0.166,Alexandar Georgiev
20232024,2023020829,2024-02-13,8475831,55,27,1,1.621,0.621,Philipp Grubauer
20232024,2023020829,2024-02-13,8478009,2,30,1,2.795,1.795,Ilya Sorokin
20232024,2023020830,2024-02-13,8479979,25,34,2,2.424,0.424,Jake Oettinger
20232024,2023020830,2024-02-13,8481611,12,22,3,2.842,-0.158,Pyotr Kochetkov
20232024,2023020831,2024-02-13,8477424,18,46,3,4.858,1.858,Juuse Saros
20232024,2023020831,2024-02-13,8482076,1,32,2,3.271,1.271,Nico Daws
20232024,2023020832,2024-02-13,8475852,16,38,4,4.756,0.756,Petr Mrazek
20232024,2023020832,2024-02-13,8477967,23,24,2,1.808,-0.192,Thatcher Demko
20232024,2023020833,2024-02-13,8478024,17,7,1,0.685,-0.315,Ville Husso
20232024,2023020833,2024-02-13,8479312,17,29,7,3.346,-3.654,Alex Lyon
20232024,2023020833,2024-02-13,8479973,22,38,4,4.314,0.314,Stuart Skinner
20232024,2023020834,2024-02-14,8475683,13,27,2,3.42,1.42,Sergei Bobrovsky
20232024,2023020834,2024-02-14,8477465,5,23,5,2.437,-2.563,Tristan Jarry
20232024,2023020835,2024-02-14,8476945,52,17,0,1.148,1.148,Connor Hellebuyck
20232024,2023020835,2024-02-14,8478039,28,39,1,4.542,3.542,Kaapo Kahkonen
20232024,2023020836,2024-02-14,8470594,30,26,1,1.983,0.983,Marc-Andre Fleury
20232024,2023020836,2024-02-14,8478872,53,13,1,0.921,-0.079,Karel Vejmelka
20232024,2023020836,2024-02-14,8478971,53,30,2,2.112,0.112,Connor Ingram
20232024,2023020837,2024-02-15,8478916,55,37,1,4.157,3.157,Joey Daccord
20232024,2023020837,2024-02-15,8480280,6,25,3,1.695,-1.305,Jeremy Swayman
20232024,2023020838,2024-02-15,8476932,13,45,0,3.48,3.48,Anthony Stolarz
20232024,2023020838,2024-02-15,8477480,7,29,3,2.9,-0.1,Eric Comrie
20232024,2023020839,2024-02-15,8479496,26,27,1,2.543,1.543,David Rittich
20232024,2023020839,2024-02-15,8482076,1,29,2,2.889,0.889,Nico Daws
20232024,2023020840,2024-02-15,8471734,3,36,4,3.747,-0.253,Jonathan Quick
20232024,2023020840,2024-02-15,8478470,8,31,7,2.657,-4.343,Samuel Montembeault
20232024,2023020841,2024-02-15,8476434,24,15,0,0.94,0.94,John Gibson
20232024,2023020841,2024-02-15,8476914,9,20,5,1.997,-3.003,Joonas Korpisalo
20232024,2023020841,2024-02-15,8480843,24,19,1,1.627,0.627,Lukas Dostal
20232024,2023020842,2024-02-15,8476883,14,31,3,2.955,-0.045,Andrei Vasilevskiy
20232024,2023020842,2024-02-15,8481020,21,37,4,3.822,-0.178,Justus Annunen
20232024,2023020843,2024-02-15,8478492,10,32,3,2.911,-0.089,Ilya Samsonov
20232024,2023020843,2024-02-15,8481035,4,28,4,2.276,-1.724,Samuel Ersson
20232024,2023020844,2024-02-15,8476412,19,38,3,3.935,0.935,Jordan Binnington
20232024,2023020844,2024-02-15,8479973,22,29,5,3.673,-1.327,Stuart Skinner
20232024,2023020845,2024-02-15,8477968,5,28,1,2.689,1.689,Alex Nedeljkovic
20232024,2023020845,2024-02-15,8482821,16,26,3,2.774,-0.226,Arvid Soderblom
20232024,2023020846,2024-02-15,8478406,28,34,3,3.333,0.333,Mackenzie Blackwood
20232024,2023020846,2024-02-15,8481692,20,31,6,2.779,-3.221,Dustin Wolf
20232024,2023020847,2024-02-15,8475809,25,7,0,0.187,0.187,Scott Wedgewood
20232024,2023020847,2024-02-15,8477424,18,18,4,2.183,-1.817,Juuse Saros
20232024,2023020847,2024-02-15,8479979,25,22,2,1.229,-0.771,Jake Oettinger
20232024,2023020847,2024-02-15,8480947,18,23,5,3.355,-1.645,Kevin Lankinen
20232024,2023020848,2024-02-15,8477967,23,28,1,3.43,2.43,Thatcher Demko
20232024,2023020848,2024-02-15,8479312,17,21,4,2.234,-1.766,Alex Lyon
20232024,2023020849,2024-02-16,8478872,53,26,5,3.195,-1.805,Karel Vejmelka
20232024,2023020849,2024-02-16,8480191,53,4,0,0.275,0.275,Matt Villalta
20232024,2023020849,2024-02-16,8481611,12,31,1,1.978,0.978,Pyotr Kochetkov
20232024,2023020850,2024-02-17,8475717,22,27,3,2.908,-0.092,Calvin Pickard
20232024,2023020850,2024-02-17,8479979,25,24,4,2.156,-1.844,Jake Oettinger
20232024,2023020851,2024-02-17,8475852,16,42,2,3.846,1.846,Petr Mrazek
20232024,2023020851,2024-02-17,8476914,9,22,3,1.759,-1.241,Joonas Korpisalo
20232024,2023020852,2024-02-17,8473503,17,38,0,3.101,3.101,James Reimer
20232024,2023020852,2024-02-17,8474593,20,12,4,1.747,-2.253,Jacob Markstrom
20232024,2023020852,2024-02-17,8478435,20,9,1,0.826,-0.174,Dan Vladar
20232024,2023020853,2024-02-17,8476999,6,35,5,3.087,-1.913,Linus Ullmark
20232024,2023020853,2024-02-17,8479496,26,32,4,4.994,0.994,David Rittich
20232024,2023020854,2024-02-17,8479406,30,28,3,3.026,0.026,Filip Gustavsson
20232024,2023020854,2024-02-17,8480045,7,32,2,3.433,1.433,Ukko-Pekka Luukkonen
20232024,2023020855,2024-02-17,8476412,19,32,4,3.207,-0.793,Jordan Binnington
20232024,2023020855,2024-02-17,8477424,18,37,2,3.894,1.894,Juuse Saros
20232024,2023020856,2024-02-17,8475683,13,30,2,2.939,0.939,Sergei Bobrovsky
20232024,2023020856,2024-02-17,8476883,14,22,6,1.715,-4.285,Andrei Vasilevskiy
20232024,2023020856,2024-02-17,8477992,14,8,3,1.501,-1.499,Jonas Johansson
20232024,2023020857,2024-02-17,8474596,8,34,4,3.302,-0.698,Jake Allen
20232024,2023020857,2024-02-17,8475311,15,31,3,2.487,-0.513,Darcy Kuemper
20232024,2023020858,2024-02-17,8474889,10,21,2,1.721,-0.279,Martin Jones
20232024,2023020858,2024-02-17,8476434,24,14,5,1.49,-3.51,John Gibson
20232024,2023020858,2024-02-17,8480843,24,18,4,1.731,-2.269,Lukas Dostal
20232024,2023020859,2024-02-17,8481035,4,39,5,5.178,0.178,Samuel Ersson
20232024,2023020859,2024-02-17,8482076,1,48,3,3.733,0.733,Nico Daws
20232024,2023020860,2024-02-17,8476945,52,37,2,3.719,1.719,Connor Hellebuyck
20232024,2023020860,2024-02-17,8477967,23,28,4,2.72,-1.28,Thatcher Demko
20232024,2023020861,2024-02-17,8478007,29,31,3,3.047,0.047,Elvis Merzlikins
20232024,2023020861,2024-02-17,8478039,28,41,4,3.362,-0.638,Kaapo Kahkonen
20232024,2023020862,2024-02-17,8477484,12,30,1,3.363,2.363,Spencer Martin
20232024,2023020862,2024-02-17,8478499,54,28,3,3.083,0.083,Adin Hill
20232024,2023020863,2024-02-18,8478009,2,38,6,4.521,-1.479,Ilya Sorokin
20232024,2023020863,2024-02-18,8478048,3,41,5,3.673,-1.327,Igor Shesterkin
20232024,2023020864,2024-02-18,8478872,53,37,4,3.411,-0.589,Karel Vejmelka
20232024,2023020864,2024-02-18,8480382,21,30,3,3.397,0.397,Alexandar Georgiev
20232024,2023020865,2024-02-18,8475660,26,30,1,2.102,1.102,Cam Talbot
20232024,2023020865,2024-02-18,8477465,5,34,2,2.587,0.587,Tristan Jarry
20232024,2023020866,2024-02-19,8476434,24,37,3,4.792,1.792,John Gibson
20232024,2023020866,2024-02-19,8480045,7,14,4,1.957,-2.043,Ukko-Pekka Luukkonen
20232024,2023020867,2024-02-19,8479979,25,30,3,3.234,0.234,Jake Oettinger
20232024,2023020867,2024-02-19,8480280,6,46,3,2.352,-0.648,Jeremy Swayman
20232024,2023020868,2024-02-19,8478492,10,21,2,1.732,-0.268,Ilya Samsonov
20232024,2023020868,2024-02-19,8480981,19,28,3,2.272,-0.728,Joel Hofer
20232024,2023020869,2024-02-19,8470594,30,8,2,0.799,-1.201,Marc-Andre Fleury
20232024,2023020869,2024-02-19,8479193,23,25,8,3.624,-4.376,Casey DeSmith
20232024,2023020869,2024-02-19,8479406,30,16,5,2.199,-2.801,Filip Gustavsson
20232024,2023020870,2024-02-19,8478916,55,32,4,2.76,-1.24,Joey Daccord
20232024,2023020870,2024-02-19,8479312,17,41,3,3.47,0.47,Alex Lyon
20232024,2023020871,2024-02-19,8479973,22,25,3,1.873,-1.127,Stuart Skinner
20232024,2023020871,2024-02-19,8480191,53,25,5,2.26,-2.74,Matt Villalta
20232024,2023020872,2024-02-19,8474593,20,31,3,3.378,0.378,Jacob Markstrom
20232024,2023020872,2024-02-19,8476945,52,33,5,2.904,-2.096,Connor Hellebuyck
20232024,2023020873,2024-02-19,8478406,28,26,4,3.669,-0.331,Mackenzie Blackwood
20232024,2023020873,2024-02-19,8480313,54,29,0,2.893,2.893,Logan Thompson
20232024,2023020874,2024-02-19,8475852,16,41,5,4.577,-0.423,Petr Mrazek
20232024,2023020874,2024-02-19,8477484,12,17,3,1.839,-1.161,Spencer Martin
20232024,2023020875,2024-02-19,8476341,9,25,2,2.711,0.711,Anton Forsberg
20232024,2023020875,2024-02-19,8476883,14,28,4,2.323,-1.677,Andrei Vasilevskiy
20232024,2023020876,2024-02-20,8475683,13,30,2,3.127,1.127,Sergei Bobrovsky
20232024,2023020876,2024-02-20,8476914,9,34,3,3.758,0.758,Joonas Korpisalo
20232024,2023020877,2024-02-20,8475809,25,25,2,3.119,1.119,Scott Wedgewood
20232024,2023020877,2024-02-20,8478048,3,42,1,4.212,3.212,Igor Shesterkin
20232024,2023020878,2024-02-20,8477968,5,33,5,3.234,-1.766,Alex Nedeljkovic
20232024,2023020878,2024-02-20,8478009,2,41,4,4.008,0.008,Ilya Sorokin
20232024,2023020879,2024-02-20,8479292,15,39,2,3.459,1.459,Charlie Lindgren
20232024,2023020879,2024-02-20,8482076,1,26,6,4.762,-1.238,Nico Daws
20232024,2023020880,2024-02-20,8470594,30,29,5,2.871,-2.129,Marc-Andre Fleury
20232024,2023020880,2024-02-20,8476316,52,39,3,3.675,0.675,Laurent Brossoit
20232024,2023020881,2024-02-20,8477967,23,26,2,3.142,1.142,Thatcher Demko
20232024,2023020881,2024-02-20,8480382,21,25,1,2.072,1.072,Alexandar Georgiev
20232024,2023020882,2024-02-20,8478499,54,39,4,3.492,-0.508,Adin Hill
20232024,2023020882,2024-02-20,8480947,18,26,3,2.926,-0.074,Kevin Lankinen
20232024,2023020883,2024-02-20,8475660,26,33,1,3.049,2.049,Cam Talbot
20232024,2023020883,2024-02-20,8478007,29,35,5,3.404,-1.596,Elvis Merzlikins
20232024,2023020884,2024-02-21,8478470,8,23,3,2.869,-0.131,Samuel Montembeault
20232024,2023020884,2024-02-21,8480045,7,31,2,3.074,1.074,Ukko-Pekka Luukkonen
20232024,2023020885,2024-02-21,8481035,4,22,1,2.424,1.424,Samuel Ersson
20232024,2023020885,2024-02-21,8482821,16,33,3,3.043,0.043,Arvid Soderblom
20232024,2023020886,2024-02-21,8476434,24,26,6,2.265,-3.735,John Gibson
20232024,2023020886,2024-02-21,8478007,29,2,2,0.459,-1.541,Elvis Merzlikins
20232024,2023020886,2024-02-21,8480193,29,29,2,2.339,0.339,Daniil Tarasov
20232024,2023020887,2024-02-21,8478492,10,26,3,2.45,-0.55,Ilya Samsonov
20232024,2023020887,2024-02-21,8478872,53,36,6,4.053,-1.947,Karel Vejmelka
20232024,2023020888,2024-02-21,8479973,22,36,6,4.906,-1.094,Stuart Skinner
20232024,2023020888,2024-02-21,8480280,6,42,5,4.982,-0.018,Jeremy Swayman
20232024,2023020889,2024-02-22,8475683,13,29,1,3.042,2.042,Sergei Bobrovsky
20232024,2023020889,2024-02-22,8481611,12,45,0,3.914,3.914,Pyotr Kochetkov
20232024,2023020890,2024-02-22,8479312,17,31,1,3.371,2.371,Alex Lyon
20232024,2023020890,2024-02-22,8481020,21,30,2,3.311,1.311,Justus Annunen
20232024,2023020891,2024-02-22,8478048,3,40,1,2.685,1.685,Igor Shesterkin
20232024,2023020891,2024-02-22,8482076,1,18,5,2.171,-2.829,Nico Daws
20232024,2023020892,2024-02-22,8475809,25,19,1,2.003,1.003,Scott Wedgewood
20232024,2023020892,2024-02-22,8476341,9,15,1,1.088,0.088,Anton Forsberg
20232024,2023020892,2024-02-22,8479979,25,11,3,1.344,-1.656,Jake Oettinger
20232024,2023020893,2024-02-22,8477465,5,31,1,1.965,0.965,Tristan Jarry
20232024,2023020893,2024-02-22,8480051,8,26,3,2.057,-0.943,Cayden Primeau
20232024,2023020894,2024-02-22,8476883,14,23,4,2.725,-1.275,Andrei Vasilevskiy
20232024,2023020894,2024-02-22,8479292,15,32,3,2.513,-0.487,Charlie Lindgren
20232024,2023020895,2024-02-22,8473575,2,24,3,1.896,-1.104,Semyon Varlamov
20232024,2023020895,2024-02-22,8476412,19,38,0,3.477,3.477,Jordan Binnington
20232024,2023020896,2024-02-22,8474593,20,34,2,4.169,2.169,Jacob Markstrom
20232024,2023020896,2024-02-22,8476999,6,30,3,3.123,0.123,Linus Ullmark
20232024,2023020897,2024-02-22,8475831,55,21,2,1.613,-0.387,Philipp Grubauer
20232024,2023020897,2024-02-22,8477967,23,30,4,3.212,-0.788,Thatcher Demko
20232024,2023020898,2024-02-22,8474889,10,26,3,2.014,-0.986,Martin Jones
20232024,2023020898,2024-02-22,8478499,54,20,3,1.405,-1.595,Adin Hill
20232024,2023020898,2024-02-22,8480313,54,22,4,2.463,-1.537,Logan Thompson
20232024,2023020899,2024-02-22,8477424,18,28,1,2.133,1.133,Juuse Saros
20232024,2023020899,2024-02-22,8479496,26,19,2,2.339,0.339,David Rittich
20232024,2023020900,2024-02-23,8480045,7,26,1,2.416,1.416,Ukko-Pekka Luukkonen
20232024,2023020900,2024-02-23,8480193,29,37,2,3.059,1.059,Daniil Tarasov
20232024,2023020901,2024-02-23,8475852,16,31,3,2.353,-0.647,Petr Mrazek
20232024,2023020901,2024-02-23,8476945,52,35,2,3.638,1.638,Connor Hellebuyck
20232024,2023020902,2024-02-23,8475717,22,19,3,2.761,-0.239,Calvin Pickard
20232024,2023020902,2024-02-23,8479406,30,43,2,3.994,1.994,Filip Gustavsson
20232024,2023020903,2024-02-24,8474596,8,24,4,3.045,-0.955,Jake Allen
20232024,2023020903,2024-02-24,8482076,1,26,3,1.933,-1.067,Nico Daws
20232024,2023020904,2024-02-24,8476883,14,34,2,2.965,0.965,Andrei Vasilevskiy
20232024,2023020904,2024-02-24,8478009,2,20,3,2.045,-0.955,Ilya Sorokin
20232024,2023020905,2024-02-24,8478048,3,40,1,3.08,2.08,Igor Shesterkin
20232024,2023020905,2024-02-24,8481035,4,24,2,2.091,0.091,Samuel Ersson
20232024,2023020906,2024-02-24,8476932,13,24,2,1.921,-0.079,Anthony Stolarz
20232024,2023020906,2024-02-24,8479292,15,29,3,2.936,-0.064,Charlie Lindgren
20232024,2023020907,2024-02-24,8479979,25,21,1,1.711,0.711,Jake Oettinger
20232024,2023020907,2024-02-24,8481611,12,16,2,1.284,-0.716,Pyotr Kochetkov
20232024,2023020908,2024-02-24,8478492,10,29,3,2.751,-0.249,Ilya Samsonov
20232024,2023020908,2024-02-24,8480382,21,30,4,2.794,-1.206,Alexandar Georgiev
20232024,2023020909,2024-02-24,8476412,19,14,4,1.43,-2.57,Jordan Binnington
20232024,2023020909,2024-02-24,8479312,17,23,1,1.767,0.767,Alex Lyon
20232024,2023020909,2024-02-24,8480981,19,20,2,2.793,0.793,Joel Hofer
20232024,2023020910,2024-02-24,8476341,9,29,3,2.183,-0.817,Anton Forsberg
20232024,2023020910,2024-02-24,8480313,54,33,3,2.64,-0.36,Logan Thompson
20232024,2023020911,2024-02-24,8477967,23,25,2,2.599,0.599,Thatcher Demko
20232024,2023020911,2024-02-24,8480280,6,39,3,3.332,0.332,Jeremy Swayman
20232024,2023020912,2024-02-24,8478435,20,35,3,4.232,1.232,Dan Vladar
20232024,2023020912,2024-02-24,8479973,22,30,5,3.109,-1.891,Stuart Skinner
20232024,2023020913,2024-02-24,8470594,30,32,2,2.697,0.697,Marc-Andre Fleury
20232024,2023020913,2024-02-24,8475831,55,18,1,1.659,0.659,Philipp Grubauer
20232024,2023020913,2024-02-24,8478916,55,13,4,1.345,-2.655,Joey Daccord
20232024,2023020914,2024-02-24,8477424,18,25,2,2.926,0.926,Juuse Saros
20232024,2023020914,2024-02-24,8478039,28,34,3,3.331,0.331,Kaapo Kahkonen
20232024,2023020915,2024-02-24,8476434,24,50,2,4.431,2.431,John Gibson
20232024,2023020915,2024-02-24,8479496,26,24,2,2.103,0.103,David Rittich
20232024,2023020916,2024-02-25,8477992,14,19,1,1.053,0.053,Jonas Johansson
20232024,2023020916,2024-02-25,8481033,1,26,3,2.354,-0.646,Akira Schmid
20232024,2023020917,2024-02-25,8477361,4,32,7,2.678,-4.322,Cal Petersen
20232024,2023020917,2024-02-25,8477465,5,21,6,2.058,-3.942,Tristan Jarry
20232024,2023020918,2024-02-25,8477484,12,32,2,3.491,1.491,Spencer Martin
20232024,2023020918,2024-02-25,8480045,7,32,2,2.446,0.446,Ukko-Pekka Luukkonen
20232024,2023020919,2024-02-25,8471734,3,41,4,4.143,0.143,Jonathan Quick
20232024,2023020919,2024-02-25,8478007,29,40,2,3.592,1.592,Elvis Merzlikins
20232024,2023020920,2024-02-25,8473503,17,36,2,4.049,2.049,James Reimer
20232024,2023020920,2024-02-25,8475852,16,31,3,1.772,-1.228,Petr Mrazek
20232024,2023020921,2024-02-25,8476945,52,32,3,3.094,0.094,Connor Hellebuyck
20232024,2023020921,2024-02-25,8478971,53,32,4,2.78,-1.22,Connor Ingram
20232024,2023020922,2024-02-25,8480843,24,28,3,1.492,-1.508,Lukas Dostal
20232024,2023020922,2024-02-25,8480947,18,31,2,3.104,1.104,Kevin Lankinen
20232024,2023020923,2024-02-26,8475311,15,21,3,1.642,-1.358,Darcy Kuemper
20232024,2023020923,2024-02-26,8476341,9,10,4,1.157,-2.843,Anton Forsberg
20232024,2023020923,2024-02-26,8476914,9,10,2,0.983,-1.017,Joonas Korpisalo
20232024,2023020924,2024-02-26,8475809,25,28,3,2.398,-0.602,Scott Wedgewood
20232024,2023020924,2024-02-26,8478009,2,32,2,3.538,1.538,Ilya Sorokin
20232024,2023020925,2024-02-26,8479496,26,31,4,2.78,-1.22,David Rittich
20232024,2023020925,2024-02-26,8479973,22,40,2,3.676,1.676,Stuart Skinner
20232024,2023020926,2024-02-26,8475831,55,32,3,3.255,0.255,Philipp Grubauer
20232024,2023020926,2024-02-26,8476999,6,27,3,2.071,-0.929,Linus Ullmark
20232024,2023020927,2024-02-27,8479292,15,31,8,3.33,-4.67,Charlie Lindgren
20232024,2023020927,2024-02-27,8479312,17,21,3,2.033,-0.967,Alex Lyon
20232024,2023020928,2024-02-27,8475683,13,30,2,2.069,0.069,Sergei Bobrovsky
20232024,2023020928,2024-02-27,8480045,7,37,3,2.962,-0.038,Ukko-Pekka Luukkonen
20232024,2023020929,2024-02-27,8478470,8,38,2,3.961,1.961,Samuel Montembeault
20232024,2023020929,2024-02-27,8478971,53,20,3,2.32,-0.68,Connor Ingram
20232024,2023020930,2024-02-27,8476883,14,29,4,1.29,-2.71,Andrei Vasilevskiy
20232024,2023020930,2024-02-27,8481035,4,22,2,2.154,0.154,Samuel Ersson
20232024,2023020931,2024-02-27,8478492,10,31,5,3.536,-1.464,Ilya Samsonov
20232024,2023020931,2024-02-27,8478499,54,30,2,2.361,0.361,Adin Hill
20232024,2023020932,2024-02-27,8479406,30,28,3,3.495,0.495,Filip Gustavsson
20232024,2023020932,2024-02-27,8481611,12,30,2,2.9,0.9,Pyotr Kochetkov
20232024,2023020933,2024-02-27,8476914,9,36,4,3.542,-0.458,Joonas Korpisalo
20232024,2023020933,2024-02-27,8477424,18,25,1,1.323,0.323,Juuse Saros
20232024,2023020934,2024-02-27,8476316,52,38,2,3.714,1.714,Laurent Brossoit
20232024,2023020934,2024-02-27,8480981,19,32,4,2.928,-1.072,Joel Hofer
20232024,2023020935,2024-02-27,8474593,20,23,2,2.379,0.379,Jacob Markstrom
20232024,2023020935,2024-02-27,8475660,26,36,3,2.443,-0.557,Cam Talbot
20232024,2023020936,2024-02-27,8479979,25,27,5,2.176,-2.824,Jake Oettinger
20232024,2023020936,2024-02-27,8480382,21,34,1,2.392,1.392,Alexandar Georgiev
20232024,2023020937,2024-02-27,8477465,5,35,3,3.933,0.933,Tristan Jarry
20232024,2023020937,2024-02-27,8477967,23,40,4,4.71,0.71,Thatcher Demko
20232024,2023020938,2024-02-27,8478039,28,31,7,3.306,-3.694,Kaapo Kahkonen
20232024,2023020938,2024-02-27,8478406,28,13,0,1.169,1.169,Mackenzie Blackwood
20232024,2023020938,2024-02-27,8482076,1,31,2,2.614,0.614,Nico Daws
20232024,2023020939,2024-02-28,8478007,29,28,2,2.266,0.266,Elvis Merzlikins
20232024,2023020939,2024-02-28,8478048,3,31,1,3.422,2.422,Igor Shesterkin
20232024,2023020940,2024-02-28,8476412,19,36,3,3.755,0.755,Jordan Binnington
20232024,2023020940,2024-02-28,8479973,22,34,2,3.136,1.136,Stuart Skinner
20232024,2023020941,2024-02-29,8478499,54,32,5,3.044,-1.956,Adin Hill
20232024,2023020941,2024-02-29,8480280,6,36,4,3.417,-0.583,Jeremy Swayman
20232024,2023020942,2024-02-29,8477484,12,22,2,2.375,0.375,Spencer Martin
20232024,2023020942,2024-02-29,8480193,29,32,3,2.031,-0.969,Daniil Tarasov
20232024,2023020943,2024-02-29,8478009,2,25,3,2.277,-0.723,Ilya Sorokin
20232024,2023020943,2024-02-29,8479312,17,26,4,2.438,-1.562,Alex Lyon
20232024,2023020944,2024-02-29,8476932,13,31,3,3.168,0.168,Anthony Stolarz
20232024,2023020944,2024-02-29,8478470,8,35,3,3.36,0.36,Samuel Montembeault
20232024,2023020945,2024-02-29,8476883,14,23,3,1.935,-1.065,Andrei Vasilevskiy
20232024,2023020945,2024-02-29,8480045,7,23,2,2.203,0.203,Ukko-Pekka Luukkonen
20232024,2023020946,2024-02-29,8478971,53,25,3,2.615,-0.385,Connor Ingram
20232024,2023020946,2024-02-29,8479361,10,32,2,3.269,1.269,Joseph Woll
20232024,2023020947,2024-02-29,8476945,52,35,3,3.586,0.586,Connor Hellebuyck
20232024,2023020947,2024-02-29,8479979,25,26,1,1.62,0.62,Jake Oettinger
20232024,2023020948,2024-02-29,8477424,18,34,1,2.6,1.6,Juuse Saros
20232024,2023020948,2024-02-29,8479406,30,31,6,3.33,-2.67,Filip Gustavsson
20232024,2023020949,2024-02-29,8475852,16,33,5,3.34,-1.66,Petr Mrazek
20232024,2023020949,2024-02-29,8481020,21,24,0,1.403,1.403,Justus Annunen
20232024,2023020950,2024-02-29,8475831,55,33,0,2.44,2.44,Philipp Grubauer
20232024,2023020950,2024-02-29,8477465,5,28,2,2.729,0.729,Tristan Jarry
20232024,2023020951,2024-02-29,8475660,26,24,1,1.65,0.65,Cam Talbot
20232024,2023020951,2024-02-29,8477967,23,20,5,1.941,-3.059,Thatcher Demko
20232024,2023020952,2024-02-29,8476434,24,28,4,3.442,-0.558,John Gibson
20232024,2023020952,2024-02-29,8478039,28,29,5,2.718,-2.282,Kaapo Kahkonen
20232024,2023020953,2024-03-01,8476341,9,29,4,2.655,-1.345,Anton Forsberg
20232024,2023020953,2024-03-01,8478872,53,37,3,3.775,0.775,Karel Vejmelka
20232024,2023020954,2024-03-01,8479292,15,23,2,1.672,-0.328,Charlie Lindgren
20232024,2023020954,2024-03-01,8481035,4,21,5,3.311,-1.689,Samuel Ersson
20232024,2023020955,2024-03-01,8480843,24,55,3,5.55,2.55,Lukas Dostal
20232024,2023020955,2024-03-01,8481033,1,9,0,0.716,0.716,Akira Schmid
20232024,2023020955,2024-03-01,8482076,1,14,4,0.996,-3.004,Nico Daws
20232024,2023020956,2024-03-02,8476945,52,35,3,3.545,0.545,Connor Hellebuyck
20232024,2023020956,2024-03-02,8481611,12,31,4,2.525,-1.475,Pyotr Kochetkov
20232024,2023020957,2024-03-02,8476999,6,26,5,3.523,-1.477,Linus Ullmark
20232024,2023020957,2024-03-02,8478009,2,23,1,1.724,0.724,Ilya Sorokin
20232024,2023020958,2024-03-02,8475831,55,24,2,1.785,-0.215,Philipp Grubauer
20232024,2023020958,2024-03-02,8479973,22,25,1,2.883,1.883,Stuart Skinner
20232024,2023020959,2024-03-02,8477424,18,26,1,2.221,1.221,Juuse Saros
20232024,2023020959,2024-03-02,8480382,21,34,4,2.554,-1.446,Alexandar Georgiev
20232024,2023020960,2024-03-02,8480045,7,24,2,2.656,0.656,Ukko-Pekka Luukkonen
20232024,2023020960,2024-03-02,8480313,54,35,7,2.976,-4.024,Logan Thompson
20232024,2023020961,2024-03-02,8475683,13,21,0,2.884,2.884,Sergei Bobrovsky
20232024,2023020961,2024-03-02,8479312,17,37,4,4.91,0.91,Alex Lyon
20232024,2023020962,2024-03-02,8478433,4,26,2,2.383,0.383,Felix Sandstrom
20232024,2023020962,2024-03-02,8481544,9,39,3,3.608,0.608,Mads Sogaard
20232024,2023020963,2024-03-02,8476883,14,31,3,3.252,0.252,Andrei Vasilevskiy
20232024,2023020963,2024-03-02,8480051,8,29,3,2.538,-0.462,Cayden Primeau
20232024,2023020964,2024-03-02,8478048,3,34,3,2.733,-0.267,Igor Shesterkin
20232024,2023020964,2024-03-02,8478492,10,35,3,3.208,0.208,Ilya Samsonov
20232024,2023020965,2024-03-02,8478007,29,28,2,2.694,0.694,Elvis Merzlikins
20232024,2023020965,2024-03-02,8482821,16,30,4,2.71,-1.29,Arvid Soderblom
20232024,2023020966,2024-03-02,8479979,25,23,2,2.281,0.281,Jake Oettinger
20232024,2023020966,2024-03-02,8480992,28,38,2,4.475,2.475,Magnus Chrona
20232024,2023020967,2024-03-02,8470594,30,26,2,2.384,0.384,Marc-Andre Fleury
20232024,2023020967,2024-03-02,8476412,19,22,1,1.245,0.245,Jordan Binnington
20232024,2023020968,2024-03-02,8474593,20,30,3,2.621,-0.379,Jacob Markstrom
20232024,2023020968,2024-03-02,8477465,5,20,4,1.77,-2.23,Tristan Jarry
20232024,2023020969,2024-03-03,8478872,53,26,2,2.754,0.754,Karel Vejmelka
20232024,2023020969,2024-03-03,8479292,15,27,4,2.618,-1.382,Charlie Lindgren
20232024,2023020970,2024-03-03,8475660,26,31,1,2.277,1.277,Cam Talbot
20232024,2023020970,2024-03-03,8481033,1,9,0,0.606,0.606,Akira Schmid
20232024,2023020970,2024-03-03,8482076,1,13,4,0.842,-3.158,Nico Daws
20232024,2023020971,2024-03-03,8476316,52,19,2,2.15,0.15,Laurent Brossoit
20232024,2023020971,2024-03-03,8480045,7,33,3,2.684,-0.316,Ukko-Pekka Luukkonen
20232024,2023020972,2024-03-03,8478039,28,32,4,2.894,-1.106,Kaapo Kahkonen
20232024,2023020972,2024-03-03,8479406,30,15,3,1.294,-1.706,Filip Gustavsson
20232024,2023020973,2024-03-03,8479193,23,18,1,1.232,0.232,Casey DeSmith
20232024,2023020973,2024-03-03,8480843,24,31,2,2.575,0.575,Lukas Dostal
20232024,2023020974,2024-03-03,8475717,22,23,1,1.834,0.834,Calvin Pickard
20232024,2023020974,2024-03-03,8477968,5,37,6,3.509,-2.491,Alex Nedeljkovic
20232024,2023020975,2024-03-04,8478499,54,32,5,2.699,-2.301,Adin Hill
20232024,2023020975,2024-03-04,8480193,29,39,3,3.247,0.247,Daniil Tarasov
20232024,2023020976,2024-03-04,8475683,13,28,2,2.456,0.456,Sergei Bobrovsky
20232024,2023020976,2024-03-04,8478048,3,29,3,2.195,-0.805,Igor Shesterkin
20232024,2023020977,2024-03-04,8476412,19,42,1,5.044,4.044,Jordan Binnington
20232024,2023020977,2024-03-04,8481035,4,25,1,1.953,0.953,Samuel Ersson
20232024,2023020978,2024-03-04,8479361,10,27,4,2.361,-1.639,Joseph Woll
20232024,2023020978,2024-03-04,8480280,6,33,1,3.104,2.104,Jeremy Swayman
20232024,2023020979,2024-03-04,8475852,16,37,5,3.735,-1.265,Petr Mrazek
20232024,2023020979,2024-03-04,8481020,21,37,0,3.176,3.176,Justus Annunen
20232024,2023020980,2024-03-04,8474593,20,30,4,2.441,-1.559,Jacob Markstrom
20232024,2023020980,2024-03-04,8475831,55,37,2,3.163,1.163,Philipp Grubauer
20232024,2023020981,2024-03-05,8476999,6,26,2,1.997,-0.003,Linus Ullmark
20232024,2023020981,2024-03-05,8479973,22,25,1,2.808,1.808,Stuart Skinner
20232024,2023020982,2024-03-05,8476932,13,24,3,2.444,-0.556,Anthony Stolarz
20232024,2023020982,2024-03-05,8481033,1,30,4,2.822,-1.178,Akira Schmid
20232024,2023020983,2024-03-05,8477465,5,35,3,2.857,-0.143,Tristan Jarry
20232024,2023020983,2024-03-05,8482982,29,31,5,3.107,-1.893,Jet Greaves
20232024,2023020984,2024-03-05,8478009,2,21,2,1.554,-0.446,Ilya Sorokin
20232024,2023020984,2024-03-05,8480981,19,32,3,3.342,0.342,Joel Hofer
20232024,2023020985,2024-03-05,8474596,8,28,3,2.864,-0.136,Jake Allen
20232024,2023020985,2024-03-05,8477424,18,30,4,2.015,-1.985,Juuse Saros
20232024,2023020986,2024-03-05,8476945,52,24,4,1.95,-2.05,Connor Hellebuyck
20232024,2023020986,2024-03-05,8478916,55,33,3,2.436,-0.564,Joey Daccord
20232024,2023020987,2024-03-05,8478971,53,31,4,2.812,-1.188,Connor Ingram
20232024,2023020987,2024-03-05,8482821,16,39,2,3.136,1.136,Arvid Soderblom
20232024,2023020988,2024-03-05,8475660,26,31,2,2.449,0.449,Cam Talbot
20232024,2023020988,2024-03-05,8477967,23,24,1,1.769,0.769,Thatcher Demko
20232024,2023020989,2024-03-05,8478039,28,40,7,3.31,-3.69,Kaapo Kahkonen
20232024,2023020989,2024-03-05,8479979,25,20,6,3.192,-2.808,Jake Oettinger
20232024,2023020990,2024-03-06,8478492,10,25,1,2.032,1.032,Ilya Samsonov
20232024,2023020990,2024-03-06,8480045,7,27,2,2.706,0.706,Ukko-Pekka Luukkonen
20232024,2023020991,2024-03-06,8473503,17,14,2,1.758,-0.242,James Reimer
20232024,2023020991,2024-03-06,8479312,17,40,5,3.968,-1.032,Alex Lyon
20232024,2023020991,2024-03-06,8480382,21,29,2,2.548,0.548,Alexandar Georgiev
20232024,2023020992,2024-03-06,8480843,24,30,1,3.032,2.032,Lukas Dostal
20232024,2023020992,2024-03-06,8481544,9,16,2,1.341,-0.659,Mads Sogaard
20232024,2023020993,2024-03-07,8479361,10,25,4,3.05,-0.95,Joseph Woll
20232024,2023020993,2024-03-07,8480280,6,29,1,2.256,1.256,Jeremy Swayman
20232024,2023020994,2024-03-07,8475883,12,25,1,1.294,0.294,Frederik Andersen
20232024,2023020994,2024-03-07,8478470,8,38,3,3.435,0.435,Samuel Montembeault
20232024,2023020995,2024-03-07,8475717,22,33,3,1.978,-1.022,Calvin Pickard
20232024,2023020995,2024-03-07,8480193,29,31,2,2.622,0.622,Daniil Tarasov
20232024,2023020996,2024-03-07,8475683,13,26,2,2.059,0.059,Sergei Bobrovsky
20232024,2023020996,2024-03-07,8481035,4,30,1,2.336,1.336,Samuel Ersson
20232024,2023020997,2024-03-07,8476412,19,32,3,2.355,-0.645,Jordan Binnington
20232024,2023020997,2024-03-07,8482076,1,24,1,3.172,2.172,Nico Daws
20232024,2023020998,2024-03-07,8477465,5,22,4,2.719,-1.281,Tristan Jarry
20232024,2023020998,2024-03-07,8477968,5,7,2,1.043,-0.957,Alex Nedeljkovic
20232024,2023020998,2024-03-07,8479292,15,39,0,3.317,3.317,Charlie Lindgren
20232024,2023020999,2024-03-07,8474593,20,22,3,1.992,-1.008,Jacob Markstrom
20232024,2023020999,2024-03-07,8476883,14,23,5,2.687,-2.313,Andrei Vasilevskiy
20232024,2023021000,2024-03-07,8477424,18,28,2,2.666,0.666,Juuse Saros
20232024,2023021000,2024-03-07,8477480,7,24,4,2.268,-1.732,Eric Comrie
20232024,2023021001,2024-03-07,8470594,30,25,2,3.027,1.027,Marc-Andre Fleury
20232024,2023021001,2024-03-07,8478872,53,26,3,3.337,0.337,Karel Vejmelka
20232024,2023021002,2024-03-07,8477967,23,28,1,1.209,0.209,Thatcher Demko
20232024,2023021002,2024-03-07,8478499,54,35,3,3.406,0.406,Adin Hill
20232024,2023021003,2024-03-07,8475660,26,31,3,2.976,-0.024,Cam Talbot
20232024,2023021003,2024-03-07,8476914,9,35,4,2.536,-1.464,Joonas Korpisalo
20232024,2023021004,2024-03-07,8478009,2,25,2,2.175,0.175,Ilya Sorokin
20232024,2023021004,2024-03-07,8480992,28,33,7,2.789,-4.211,Magnus Chrona
20232024,2023021005,2024-03-08,8478971,53,28,0,1.734,1.734,Connor Ingram
20232024,2023021005,2024-03-08,8479312,17,24,4,2.649,-1.351,Alex Lyon
20232024,2023021006,2024-03-08,8479406,30,40,2,4.166,2.166,Filip Gustavsson
20232024,2023021006,2024-03-08,8480382,21,30,1,2.072,1.072,Alexandar Georgiev
20232024,2023021007,2024-03-08,8476434,24,36,6,3.956,-2.044,John Gibson
20232024,2023021007,2024-03-08,8479979,25,27,2,2.719,0.719,Jake Oettinger
20232024,2023021008,2024-03-08,8476316,52,17,0,0.853,0.853,Laurent Brossoit
20232024,2023021008,2024-03-08,8478916,55,31,2,2.106,0.106,Joey Daccord
20232024,2023021009,2024-03-09,8479973,22,27,2,3.023,1.023,Stuart Skinner
20232024,2023021009,2024-03-09,8480045,7,32,2,2.885,0.885,Ukko-Pekka Luukkonen
20232024,2023021010,2024-03-09,8480193,29,49,2,3.677,1.677,Daniil Tarasov
20232024,2023021010,2024-03-09,8480947,18,34,1,3.304,2.304,Kevin Lankinen
20232024,2023021011,2024-03-09,8481611,12,25,2,2.276,0.276,Pyotr Kochetkov
20232024,2023021011,2024-03-09,8482076,1,24,2,1.811,-0.189,Nico Daws
20232024,2023021012,2024-03-09,8476999,6,39,1,2.718,1.718,Linus Ullmark
20232024,2023021012,2024-03-09,8477968,5,23,5,2.499,-2.501,Alex Nedeljkovic
20232024,2023021013,2024-03-09,8474593,20,31,5,2.689,-2.311,Jacob Markstrom
20232024,2023021013,2024-03-09,8476932,13,35,1,3.954,2.954,Anthony Stolarz
20232024,2023021014,2024-03-09,8478470,8,27,3,2.454,-0.546,Samuel Montembeault
20232024,2023021014,2024-03-09,8478492,10,31,2,2.05,0.05,Ilya Samsonov
20232024,2023021015,2024-03-09,8476914,9,21,2,1.726,-0.274,Joonas Korpisalo
20232024,2023021015,2024-03-09,8480992,28,32,1,2.717,1.717,Magnus Chrona
20232024,2023021016,2024-03-09,8476883,14,25,0,1.516,1.516,Andrei Vasilevskiy
20232024,2023021016,2024-03-09,8478433,4,11,3,1.711,-1.289,Felix Sandstrom
20232024,2023021016,2024-03-09,8481035,4,15,4,2.006,-1.994,Samuel Ersson
20232024,2023021017,2024-03-09,8475852,16,26,4,3.318,-0.682,Petr Mrazek
20232024,2023021017,2024-03-09,8479292,15,32,1,2.591,1.591,Charlie Lindgren
20232024,2023021018,2024-03-09,8476412,19,39,4,4.508,0.508,Jordan Binnington
20232024,2023021018,2024-03-09,8478048,3,26,0,2.19,2.19,Igor Shesterkin
20232024,2023021019,2024-03-09,8476945,52,37,5,3.462,-1.538,Connor Hellebuyck
20232024,2023021019,2024-03-09,8477967,23,12,0,1.561,1.561,Thatcher Demko
20232024,2023021019,2024-03-09,8479193,23,10,0,0.428,0.428,Casey DeSmith
20232024,2023021020,2024-03-09,8473503,17,35,4,4.971,0.971,James Reimer
20232024,2023021020,2024-03-09,8478499,54,26,3,2.321,-0.679,Adin Hill
20232024,2023021021,2024-03-09,8475660,26,34,3,2.298,-0.702,Cam Talbot
20232024,2023021021,2024-03-09,8475809,25,25,1,1.682,0.682,Scott Wedgewood
20232024,2023021022,2024-03-10,8475717,22,41,0,3.562,3.562,Calvin Pickard
20232024,2023021022,2024-03-10,8477465,5,42,4,4.419,0.419,Tristan Jarry
20232024,2023021023,2024-03-10,8470594,30,30,3,2.794,-0.206,Marc-Andre Fleury
20232024,2023021023,2024-03-10,8477424,18,33,4,2.485,-1.515,Juuse Saros
20232024,2023021024,2024-03-10,8475883,12,20,2,2.712,0.712,Frederik Andersen
20232024,2023021024,2024-03-10,8478435,20,40,7,3.349,-3.651,Dan Vladar
20232024,2023021025,2024-03-10,8478971,53,40,6,3.812,-2.188,Connor Ingram
20232024,2023021025,2024-03-10,8482821,16,36,4,3.615,-0.385,Arvid Soderblom
20232024,2023021026,2024-03-10,8473575,2,23,1,1.84,0.84,Semyon Varlamov
20232024,2023021026,2024-03-10,8480843,24,19,6,2.479,-3.521,Lukas Dostal
20232024,2023021027,2024-03-11,8480280,6,21,4,3.374,-0.626,Jeremy Swayman
20232024,2023021027,2024-03-11,8480981,19,37,1,3.196,2.196,Joel Hofer
20232024,2023021028,2024-03-11,8471734,3,20,1,1.327,0.327,Jonathan Quick
20232024,2023021028,2024-03-11,8478039,1,25,2,2.719,0.719,Kaapo Kahkonen
20232024,2023021029,2024-03-11,8476945,52,23,0,1.914,1.914,Connor Hellebuyck
20232024,2023021029,2024-03-11,8479292,15,29,3,2.86,-0.14,Charlie Lindgren
20232024,2023021030,2024-03-11,8478009,2,24,2,1.443,-0.557,Ilya Sorokin
20232024,2023021030,2024-03-11,8479496,26,26,0,1.722,1.722,David Rittich
20232024,2023021031,2024-03-12,8473503,17,26,3,2.179,-0.821,James Reimer
20232024,2023021031,2024-03-12,8479312,17,13,4,1.639,-2.361,Alex Lyon
20232024,2023021031,2024-03-12,8480045,7,24,3,2.76,-0.24,Ukko-Pekka Luukkonen
20232024,2023021032,2024-03-12,8478048,3,28,0,1.821,1.821,Igor Shesterkin
20232024,2023021032,2024-03-12,8481611,12,24,1,2.081,1.081,Pyotr Kochetkov
20232024,2023021033,2024-03-12,8478007,29,4,3,0.549,-2.451,Elvis Merzlikins
20232024,2023021033,2024-03-12,8480051,8,41,0,3.325,3.325,Cayden Primeau
20232024,2023021033,2024-03-12,8480193,29,19,0,1.392,1.392,Daniil Tarasov
20232024,2023021034,2024-03-12,8476914,9,35,1,3.26,2.26,Joonas Korpisalo
20232024,2023021034,2024-03-12,8477465,5,39,2,4.83,2.83,Tristan Jarry
20232024,2023021035,2024-03-12,8480992,28,41,3,3.579,0.579,Magnus Chrona
20232024,2023021035,2024-03-12,8481035,4,29,2,2.151,0.151,Samuel Ersson
20232024,2023021036,2024-03-12,8475683,13,30,3,3.605,0.605,Sergei Bobrovsky
20232024,2023021036,2024-03-12,8479979,25,30,4,2.682,-1.318,Jake Oettinger
20232024,2023021037,2024-03-12,8470594,30,23,1,1.491,0.491,Marc-Andre Fleury
20232024,2023021037,2024-03-12,8478872,53,29,2,3.185,1.185,Karel Vejmelka
20232024,2023021038,2024-03-12,8475852,16,29,2,2.461,0.461,Petr Mrazek
20232024,2023021038,2024-03-12,8476434,24,26,6,3.438,-2.562,John Gibson
20232024,2023021038,2024-03-12,8480843,24,5,1,0.551,-0.449,Lukas Dostal
20232024,2023021039,2024-03-12,8478435,20,35,6,2.722,-3.278,Dan Vladar
20232024,2023021039,2024-03-12,8481020,21,27,2,1.639,-0.361,Justus Annunen
20232024,2023021039,2024-03-12,8481692,20,3,0,0.108,0.108,Dustin Wolf
20232024,2023021040,2024-03-12,8475831,55,34,5,3.65,-1.35,Philipp Grubauer
20232024,2023021040,2024-03-12,8478499,54,30,4,2.943,-1.057,Adin Hill
20232024,2023021041,2024-03-13,8475660,26,30,3,2.691,-0.309,Cam Talbot
20232024,2023021041,2024-03-13,8476412,19,41,1,3.396,2.396,Jordan Binnington
20232024,2023021042,2024-03-13,8476945,52,38,4,3.163,-0.837,Connor Hellebuyck
20232024,2023021042,2024-03-13,8477424,18,29,2,1.955,-0.045,Juuse Saros
20232024,2023021043,2024-03-13,8475311,15,37,7,4.734,-2.266,Darcy Kuemper
20232024,2023021043,2024-03-13,8479973,22,25,2,2.542,0.542,Stuart Skinner
20232024,2023021044,2024-03-13,8479193,23,34,4,3.918,-0.082,Casey DeSmith
20232024,2023021044,2024-03-13,8480382,21,21,3,1.824,-1.176,Alexandar Georgiev
20232024,2023021045,2024-03-14,8478009,2,36,3,2.996,-0.004,Ilya Sorokin
20232024,2023021045,2024-03-14,8480045,7,21,0,1.748,1.748,Ukko-Pekka Luukkonen
20232024,2023021046,2024-03-14,8475683,13,34,3,3.116,0.116,Sergei Bobrovsky
20232024,2023021046,2024-03-14,8475883,12,21,0,1.249,1.249,Frederik Andersen
20232024,2023021047,2024-03-14,8476341,9,37,2,3.862,1.862,Anton Forsberg
20232024,2023021047,2024-03-14,8478007,29,37,2,3.452,1.452,Elvis Merzlikins
20232024,2023021048,2024-03-14,8478971,53,29,1,2.974,1.974,Connor Ingram
20232024,2023021048,2024-03-14,8479312,17,26,3,1.551,-1.449,Alex Lyon
20232024,2023021049,2024-03-14,8476999,6,19,1,1.367,0.367,Linus Ullmark
20232024,2023021049,2024-03-14,8478470,8,24,2,3.671,1.671,Samuel Montembeault
20232024,2023021050,2024-03-14,8478433,4,15,3,1.679,-1.321,Felix Sandstrom
20232024,2023021050,2024-03-14,8478492,10,28,2,2.666,0.666,Ilya Samsonov
20232024,2023021050,2024-03-14,8481035,4,12,3,1.508,-1.492,Samuel Ersson
20232024,2023021051,2024-03-14,8477465,5,32,3,2.358,-0.642,Tristan Jarry
20232024,2023021051,2024-03-14,8480992,28,30,5,2.315,-2.685,Magnus Chrona
20232024,2023021052,2024-03-14,8476883,14,28,3,2.054,-0.946,Andrei Vasilevskiy
20232024,2023021052,2024-03-14,8478048,3,27,5,3.271,-1.729,Igor Shesterkin
20232024,2023021053,2024-03-14,8474596,1,37,2,3.465,1.465,Jake Allen
20232024,2023021053,2024-03-14,8475809,25,10,2,0.67,-1.33,Scott Wedgewood
20232024,2023021053,2024-03-14,8479979,25,10,4,1.216,-2.784,Jake Oettinger
20232024,2023021054,2024-03-14,8470594,30,16,0,0.883,0.883,Marc-Andre Fleury
20232024,2023021054,2024-03-14,8480843,24,31,2,2.681,0.681,Lukas Dostal
20232024,2023021055,2024-03-14,8478499,54,36,3,3.483,0.483,Adin Hill
20232024,2023021055,2024-03-14,8481692,20,29,1,2.845,1.845,Dustin Wolf
20232024,2023021056,2024-03-14,8478916,55,23,2,2.076,0.076,Joey Daccord
20232024,2023021056,2024-03-14,8479292,15,24,1,1.994,0.994,Charlie Lindgren
20232024,2023021057,2024-03-15,8476316,52,21,0,1.706,1.706,Laurent Brossoit
20232024,2023021057,2024-03-15,8476434,24,38,6,3.816,-2.184,John Gibson
20232024,2023021058,2024-03-15,8475660,26,28,0,2.416,2.416,Cam Talbot
20232024,2023021058,2024-03-15,8475852,16,23,1,2.565,1.565,Petr Mrazek
20232024,2023021058,2024-03-15,8482821,16,14,4,1.099,-2.901,Arvid Soderblom
20232024,2023021059,2024-03-16,8473503,17,26,1,2.41,1.41,James Reimer
20232024,2023021059,2024-03-16,8480045,7,25,3,1.865,-1.135,Ukko-Pekka Luukkonen
20232024,2023021060,2024-03-16,8473575,2,30,4,2.42,-1.58,Semyon Varlamov
20232024,2023021060,2024-03-16,8476914,9,33,3,2.216,-0.784,Joonas Korpisalo
20232024,2023021061,2024-03-16,8471734,3,37,4,4.221,0.221,Jonathan Quick
20232024,2023021061,2024-03-16,8477465,5,23,6,2.729,-3.271,Tristan Jarry
20232024,2023021061,2024-03-16,8477968,5,4,0,0.318,0.318,Alex Nedeljkovic
20232024,2023021062,2024-03-16,8478039,1,15,3,1.577,-1.423,Kaapo Kahkonen
20232024,2023021062,2024-03-16,8478872,53,38,1,2.839,1.839,Karel Vejmelka
20232024,2023021062,2024-03-16,8482076,1,16,0,1.475,1.475,Nico Daws
20232024,2023021063,2024-03-16,8475683,13,15,4,1.658,-2.342,Sergei Bobrovsky
20232024,2023021063,2024-03-16,8476883,14,50,3,5.02,2.02,Andrei Vasilevskiy
20232024,2023021064,2024-03-16,8478433,4,30,6,3.321,-2.679,Felix Sandstrom
20232024,2023021064,2024-03-16,8480280,6,29,5,2.275,-2.725,Jeremy Swayman
20232024,2023021065,2024-03-16,8480193,29,41,2,4.486,2.486,Daniil Tarasov
20232024,2023021065,2024-03-16,8480992,28,19,3,2.045,-0.955,Magnus Chrona
20232024,2023021066,2024-03-16,8480051,8,28,5,2.602,-2.398,Cayden Primeau
20232024,2023021066,2024-03-16,8481692,20,38,2,3.116,1.116,Dustin Wolf
20232024,2023021067,2024-03-16,8478492,10,40,4,3.996,-0.004,Ilya Samsonov
20232024,2023021067,2024-03-16,8481611,12,40,4,4.996,0.996,Pyotr Kochetkov
20232024,2023021068,2024-03-16,8475809,25,28,1,1.789,0.789,Scott Wedgewood
20232024,2023021068,2024-03-16,8479496,26,29,4,2.415,-1.585,David Rittich
20232024,2023021069,2024-03-16,8470594,30,37,2,2.164,0.164,Marc-Andre Fleury
20232024,2023021069,2024-03-16,8476412,19,24,2,2.042,0.042,Jordan Binnington
20232024,2023021070,2024-03-16,8479973,22,43,3,3.875,0.875,Stuart Skinner
20232024,2023021070,2024-03-16,8480382,21,34,2,3.913,1.913,Alexandar Georgiev
20232024,2023021071,2024-03-16,8475831,55,29,3,2.406,-0.594,Philipp Grubauer
20232024,2023021071,2024-03-16,8477424,18,24,1,1.406,0.406,Juuse Saros
20232024,2023021072,2024-03-16,8479193,23,24,2,2.573,0.573,Casey DeSmith
20232024,2023021072,2024-03-16,8479292,15,22,1,0.834,-0.166,Charlie Lindgren
20232024,2023021073,2024-03-17,8478009,2,31,5,1.902,-3.098,Ilya Sorokin
20232024,2023021073,2024-03-17,8478048,3,27,2,2.287,0.287,Igor Shesterkin
20232024,2023021074,2024-03-17,8474596,1,36,2,3.291,1.291,Jake Allen
20232024,2023021074,2024-03-17,8480313,54,21,1,1.96,0.96,Logan Thompson
20232024,2023021075,2024-03-17,8476945,52,31,1,2.577,1.577,Connor Hellebuyck
20232024,2023021075,2024-03-17,8478007,29,27,6,3.155,-2.845,Elvis Merzlikins
20232024,2023021076,2024-03-17,8475852,16,27,2,3.692,1.692,Petr Mrazek
20232024,2023021076,2024-03-17,8482445,28,30,4,3.137,-0.863,Devin Cooley
20232024,2023021077,2024-03-17,8475883,12,32,2,2.448,0.448,Frederik Andersen
20232024,2023021077,2024-03-17,8476341,9,38,7,3.106,-3.894,Anton Forsberg
20232024,2023021078,2024-03-17,8477968,5,28,3,2.469,-0.531,Alex Nedeljkovic
20232024,2023021078,2024-03-17,8479312,17,37,5,3.826,-1.174,Alex Lyon
20232024,2023021079,2024-03-17,8480843,24,27,4,2.715,-1.285,Lukas Dostal
20232024,2023021079,2024-03-17,8480981,19,28,2,2.824,0.824,Joel Hofer
20232024,2023021080,2024-03-18,8479292,15,36,2,4.165,2.165,Charlie Lindgren
20232024,2023021080,2024-03-18,8481692,20,32,4,1.929,-2.071,Dustin Wolf
20232024,2023021081,2024-03-18,8475831,55,26,3,2.388,-0.612,Philipp Grubauer
20232024,2023021081,2024-03-18,8478916,55,4,3,0.405,-2.595,Joey Daccord
20232024,2023021081,2024-03-18,8480045,7,34,2,3.365,1.365,Ukko-Pekka Luukkonen
20232024,2023021082,2024-03-19,8476914,9,26,6,3.041,-2.959,Joonas Korpisalo
20232024,2023021082,2024-03-19,8476999,6,31,2,3.185,1.185,Linus Ullmark
20232024,2023021083,2024-03-19,8473503,17,35,3,3.254,0.254,James Reimer
20232024,2023021083,2024-03-19,8480193,29,26,4,3.031,-0.969,Daniil Tarasov
20232024,2023021084,2024-03-19,8474596,1,38,2,3.135,1.135,Jake Allen
20232024,2023021084,2024-03-19,8477465,5,38,5,4.999,-0.001,Tristan Jarry
20232024,2023021085,2024-03-19,8476945,52,41,2,3.271,1.271,Connor Hellebuyck
20232024,2023021085,2024-03-19,8478048,3,26,3,2.64,-0.36,Igor Shesterkin
20232024,2023021086,2024-03-19,8478492,10,30,4,1.93,-2.07,Ilya Samsonov
20232024,2023021086,2024-03-19,8481035,4,30,3,3.367,0.367,Samuel Ersson
20232024,2023021087,2024-03-19,8478009,2,33,3,2.528,-0.472,Ilya Sorokin
20232024,2023021087,2024-03-19,8481611,12,31,1,2.967,1.967,Pyotr Kochetkov
20232024,2023021088,2024-03-19,8477424,18,20,2,1.352,-0.648,Juuse Saros
20232024,2023021088,2024-03-19,8480992,28,40,8,5.922,-2.078,Magnus Chrona
20232024,2023021089,2024-03-19,8476412,19,35,4,2.622,-1.378,Jordan Binnington
20232024,2023021089,2024-03-19,8481020,21,33,3,2.645,-0.355,Justus Annunen
20232024,2023021090,2024-03-19,8475717,22,25,2,2.227,0.227,Calvin Pickard
20232024,2023021090,2024-03-19,8478470,8,32,3,4.565,1.565,Samuel Montembeault
20232024,2023021091,2024-03-19,8476434,24,32,4,2.761,-1.239,John Gibson
20232024,2023021091,2024-03-19,8479406,30,27,0,1.901,1.901,Filip Gustavsson
20232024,2023021092,2024-03-19,8475660,26,24,2,1.245,-0.755,Cam Talbot
20232024,2023021092,2024-03-19,8475852,16,24,6,2.782,-3.218,Petr Mrazek
20232024,2023021093,2024-03-19,8479193,23,17,2,1.361,-0.639,Casey DeSmith
20232024,2023021093,2024-03-19,8482221,7,33,2,4.524,2.524,Devon Levi
20232024,2023021094,2024-03-19,8476883,14,27,3,1.621,-1.379,Andrei Vasilevskiy
20232024,2023021094,2024-03-19,8478499,54,20,4,1.876,-2.124,Adin Hill
20232024,2023021095,2024-03-20,8479292,15,29,7,2.037,-4.963,Charlie Lindgren
20232024,2023021095,2024-03-20,8479361,10,21,3,2.719,-0.281,Joseph Woll
20232024,2023021096,2024-03-20,8478971,53,33,5,3.553,-1.447,Connor Ingram
20232024,2023021096,2024-03-20,8479979,25,25,2,1.611,-0.389,Jake Oettinger
20232024,2023021097,2024-03-20,8470594,30,16,5,1.575,-3.425,Marc-Andre Fleury
20232024,2023021097,2024-03-20,8479406,30,11,1,0.989,-0.011,Filip Gustavsson
20232024,2023021097,2024-03-20,8479496,26,31,0,2.868,2.868,David Rittich
20232024,2023021098,2024-03-21,8471734,3,26,2,3.127,1.127,Jonathan Quick
20232024,2023021098,2024-03-21,8480280,6,29,3,2.217,-0.783,Jeremy Swayman
20232024,2023021099,2024-03-21,8475883,12,32,2,3.799,1.799,Frederik Andersen
20232024,2023021099,2024-03-21,8481035,4,33,3,2.328,-0.672,Samuel Ersson
20232024,2023021100,2024-03-21,8473503,17,36,3,2.991,-0.009,James Reimer
20232024,2023021100,2024-03-21,8478009,2,23,5,3.126,-1.874,Ilya Sorokin
20232024,2023021101,2024-03-21,8475683,13,37,3,3.583,0.583,Sergei Bobrovsky
20232024,2023021101,2024-03-21,8480947,18,33,0,2.617,2.617,Kevin Lankinen
20232024,2023021102,2024-03-21,8474596,1,19,1,2.053,1.053,Jake Allen
20232024,2023021102,2024-03-21,8476316,52,40,3,3.744,0.744,Laurent Brossoit
20232024,2023021103,2024-03-21,8476341,9,26,4,3.0,-1.0,Anton Forsberg
20232024,2023021103,2024-03-21,8480981,19,39,2,5.342,3.342,Joel Hofer
20232024,2023021104,2024-03-21,8479973,22,29,3,2.751,-0.249,Stuart Skinner
20232024,2023021104,2024-03-21,8480045,7,39,8,5.884,-2.116,Ukko-Pekka Luukkonen
20232024,2023021105,2024-03-21,8480843,24,29,0,1.803,1.803,Lukas Dostal
20232024,2023021105,2024-03-21,8482821,16,25,4,1.963,-2.037,Arvid Soderblom
20232024,2023021106,2024-03-21,8478470,8,25,4,2.067,-1.933,Samuel Montembeault
20232024,2023021106,2024-03-21,8479193,23,17,1,1.328,0.328,Casey DeSmith
20232024,2023021107,2024-03-21,8475831,55,36,2,3.08,1.08,Philipp Grubauer
20232024,2023021107,2024-03-21,8480313,54,22,1,1.481,0.481,Logan Thompson
20232024,2023021108,2024-03-21,8476883,14,22,1,2.203,1.203,Andrei Vasilevskiy
20232024,2023021108,2024-03-21,8478406,28,21,4,2.651,-1.349,Mackenzie Blackwood
20232024,2023021109,2024-03-22,8475311,15,22,4,1.907,-2.093,Darcy Kuemper
20232024,2023021109,2024-03-22,8479292,15,9,2,1.362,-0.638,Charlie Lindgren
20232024,2023021109,2024-03-22,8481611,12,25,6,2.968,-3.032,Pyotr Kochetkov
20232024,2023021110,2024-03-22,8477465,5,20,4,2.16,-1.84,Tristan Jarry
20232024,2023021110,2024-03-22,8477968,5,3,0,0.406,0.406,Alex Nedeljkovic
20232024,2023021110,2024-03-22,8479979,25,22,2,1.699,-0.301,Jake Oettinger
20232024,2023021111,2024-03-22,8478007,29,50,6,6.81,0.81,Elvis Merzlikins
20232024,2023021111,2024-03-22,8480382,21,24,1,1.718,0.718,Alexandar Georgiev
20232024,2023021112,2024-03-22,8478872,53,28,1,2.458,1.458,Karel Vejmelka
20232024,2023021112,2024-03-22,8478916,55,26,2,2.807,0.807,Joey Daccord
20232024,2023021113,2024-03-23,8473575,2,35,3,3.041,0.041,Semyon Varlamov
20232024,2023021113,2024-03-23,8476316,52,13,1,1.034,0.034,Laurent Brossoit
20232024,2023021113,2024-03-23,8476945,52,26,5,2.129,-2.871,Connor Hellebuyck
20232024,2023021114,2024-03-23,8476999,6,29,3,3.132,0.132,Linus Ullmark
20232024,2023021114,2024-03-23,8481035,4,20,2,1.858,-0.142,Samuel Ersson
20232024,2023021115,2024-03-23,8470594,30,27,5,3.076,-1.924,Marc-Andre Fleury
20232024,2023021115,2024-03-23,8476412,19,34,4,3.965,-0.035,Jordan Binnington
20232024,2023021116,2024-03-23,8477424,18,22,0,1.502,1.502,Juuse Saros
20232024,2023021116,2024-03-23,8479312,17,32,1,1.954,0.954,Alex Lyon
20232024,2023021117,2024-03-23,8474596,1,25,5,2.13,-2.87,Jake Allen
20232024,2023021117,2024-03-23,8476914,9,20,2,2.512,0.512,Joonas Korpisalo
20232024,2023021118,2024-03-23,8474889,10,5,0,0.365,0.365,Martin Jones
20232024,2023021118,2024-03-23,8475717,22,5,0,0.612,0.612,Calvin Pickard
20232024,2023021118,2024-03-23,8478492,10,34,3,3.382,0.382,Ilya Samsonov
20232024,2023021118,2024-03-23,8479973,22,23,5,1.854,-3.146,Stuart Skinner
20232024,2023021119,2024-03-23,8475683,13,37,3,2.786,-0.214,Sergei Bobrovsky
20232024,2023021119,2024-03-23,8478048,3,30,3,2.233,-0.767,Igor Shesterkin
20232024,2023021120,2024-03-23,8474593,20,25,3,2.004,-0.996,Jacob Markstrom
20232024,2023021120,2024-03-23,8479193,23,24,2,2.134,0.134,Casey DeSmith
20232024,2023021121,2024-03-23,8475660,26,25,3,2.71,-0.29,Cam Talbot
20232024,2023021121,2024-03-23,8476883,14,23,4,3.116,-0.884,Andrei Vasilevskiy
20232024,2023021122,2024-03-23,8475852,16,30,4,2.875,-1.125,Petr Mrazek
20232024,2023021122,2024-03-23,8482445,28,31,5,2.811,-2.189,Devin Cooley
20232024,2023021123,2024-03-23,8478499,54,13,1,1.119,0.119,Adin Hill
20232024,2023021123,2024-03-23,8480193,29,47,4,4.266,0.266,Daniil Tarasov
20232024,2023021123,2024-03-23,8480313,54,9,1,0.581,-0.419,Logan Thompson
20232024,2023021124,2024-03-24,8476945,52,19,3,1.504,-1.496,Connor Hellebuyck
20232024,2023021124,2024-03-24,8479292,15,27,0,2.077,2.077,Charlie Lindgren
20232024,2023021125,2024-03-24,8477465,5,5,1,0.613,-0.387,Tristan Jarry
20232024,2023021125,2024-03-24,8477968,5,25,4,2.69,-1.31,Alex Nedeljkovic
20232024,2023021125,2024-03-24,8480382,21,34,4,2.84,-1.16,Alexandar Georgiev
20232024,2023021126,2024-03-24,8478009,2,29,3,2.625,-0.375,Ilya Sorokin
20232024,2023021126,2024-03-24,8478039,1,36,0,3.321,3.321,Kaapo Kahkonen
20232024,2023021127,2024-03-24,8475883,12,33,1,3.251,2.251,Frederik Andersen
20232024,2023021127,2024-03-24,8479361,10,43,2,4.103,2.103,Joseph Woll
20232024,2023021128,2024-03-24,8475717,22,15,4,1.752,-2.248,Calvin Pickard
20232024,2023021128,2024-03-24,8476914,9,36,3,3.457,0.457,Joonas Korpisalo
20232024,2023021129,2024-03-24,8476932,13,33,1,2.827,1.827,Anthony Stolarz
20232024,2023021129,2024-03-24,8478433,4,14,3,2.118,-0.882,Felix Sandstrom
20232024,2023021130,2024-03-24,8478971,53,34,3,3.694,0.694,Connor Ingram
20232024,2023021130,2024-03-24,8479979,25,28,2,2.89,0.89,Jake Oettinger
20232024,2023021131,2024-03-24,8477992,14,32,2,3.01,1.01,Jonas Johansson
20232024,2023021131,2024-03-24,8480843,24,27,3,2.674,-0.326,Lukas Dostal
20232024,2023021132,2024-03-24,8480045,7,33,1,2.285,1.285,Ukko-Pekka Luukkonen
20232024,2023021132,2024-03-24,8481692,20,27,2,2.978,0.978,Dustin Wolf
20232024,2023021133,2024-03-24,8475831,55,6,4,0.577,-3.423,Philipp Grubauer
20232024,2023021133,2024-03-24,8478916,55,11,1,0.9,-0.1,Joey Daccord
20232024,2023021133,2024-03-24,8480051,8,37,1,2.956,1.956,Cayden Primeau
20232024,2023021134,2024-03-25,8476412,19,34,2,2.996,0.996,Jordan Binnington
20232024,2023021134,2024-03-25,8480313,54,32,1,2.913,1.913,Logan Thompson
20232024,2023021135,2024-03-25,8475660,26,23,2,1.955,-0.045,Cam Talbot
20232024,2023021135,2024-03-25,8479193,23,19,3,1.891,-1.109,Casey DeSmith
20232024,2023021136,2024-03-26,8475683,13,21,4,2.246,-1.754,Sergei Bobrovsky
20232024,2023021136,2024-03-26,8480280,6,21,3,2.624,-0.376,Jeremy Swayman
20232024,2023021137,2024-03-26,8478048,3,42,5,3.723,-1.277,Igor Shesterkin
20232024,2023021137,2024-03-26,8481035,4,27,6,2.572,-3.428,Samuel Ersson
20232024,2023021138,2024-03-26,8477968,5,39,1,2.741,1.741,Alex Nedeljkovic
20232024,2023021138,2024-03-26,8481611,12,20,2,1.425,-0.575,Pyotr Kochetkov
20232024,2023021139,2024-03-26,8474596,1,45,3,3.699,0.699,Jake Allen
20232024,2023021139,2024-03-26,8479361,10,24,5,2.626,-2.374,Joseph Woll
20232024,2023021140,2024-03-26,8479292,15,33,3,4.041,1.041,Charlie Lindgren
20232024,2023021140,2024-03-26,8479312,17,30,4,2.289,-1.711,Alex Lyon
20232024,2023021141,2024-03-26,8477424,18,35,4,3.237,-0.763,Juuse Saros
20232024,2023021141,2024-03-26,8480238,54,35,5,4.199,-0.801,Jiri Patera
20232024,2023021142,2024-03-26,8476945,52,42,4,4.195,0.195,Connor Hellebuyck
20232024,2023021142,2024-03-26,8479973,22,25,3,2.296,-0.704,Stuart Skinner
20232024,2023021143,2024-03-26,8474593,20,27,3,2.621,-0.379,Jacob Markstrom
20232024,2023021143,2024-03-26,8475852,16,39,1,3.005,2.005,Petr Mrazek
20232024,2023021144,2024-03-26,8478470,8,28,1,2.734,1.734,Samuel Montembeault
20232024,2023021144,2024-03-26,8481020,21,27,2,2.965,0.965,Justus Annunen
20232024,2023021145,2024-03-26,8478007,29,35,6,3.95,-2.05,Elvis Merzlikins
20232024,2023021145,2024-03-26,8478872,53,27,2,2.359,0.359,Karel Vejmelka
20232024,2023021146,2024-03-26,8476434,24,36,4,3.4,-0.6,John Gibson
20232024,2023021146,2024-03-26,8478916,55,12,0,0.76,0.76,Joey Daccord
20232024,2023021147,2024-03-26,8475809,25,20,3,2.156,-0.844,Scott Wedgewood
20232024,2023021147,2024-03-26,8478406,28,41,6,3.861,-2.139,Mackenzie Blackwood
20232024,2023021148,2024-03-27,8476914,9,36,2,3.083,1.083,Joonas Korpisalo
20232024,2023021148,2024-03-27,8480045,7,9,4,1.072,-2.928,Ukko-Pekka Luukkonen
20232024,2023021148,2024-03-27,8482221,7,32,1,2.818,1.818,Devon Levi
20232024,2023021149,2024-03-27,8476883,14,24,1,1.994,0.994,Andrei Vasilevskiy
20232024,2023021149,2024-03-27,8476999,6,30,2,3.198,1.198,Linus Ullmark
20232024,2023021150,2024-03-28,8473503,17,33,4,3.291,-0.709,James Reimer
20232024,2023021150,2024-03-28,8475883,12,24,0,2.108,2.108,Frederik Andersen
20232024,2023021151,2024-03-28,8473575,2,28,2,2.082,0.082,Semyon Varlamov
20232024,2023021151,2024-03-28,8476932,13,24,3,1.823,-1.177,Anthony Stolarz
20232024,2023021152,2024-03-28,8480051,8,30,1,2.494,1.494,Cayden Primeau
20232024,2023021152,2024-03-28,8481035,4,15,2,1.52,-0.48,Samuel Ersson
20232024,2023021153,2024-03-28,8475852,16,34,2,2.694,0.694,Petr Mrazek
20232024,2023021153,2024-03-28,8476341,9,19,0,1.32,1.32,Anton Forsberg
20232024,2023021154,2024-03-28,8477968,5,19,2,2.66,0.66,Alex Nedeljkovic
20232024,2023021154,2024-03-28,8480193,29,36,3,3.386,0.386,Daniil Tarasov
20232024,2023021155,2024-03-28,8479292,15,48,5,4.707,-0.293,Charlie Lindgren
20232024,2023021155,2024-03-28,8479361,10,24,1,1.139,0.139,Joseph Woll
20232024,2023021156,2024-03-28,8478406,28,31,2,3.47,1.47,Mackenzie Blackwood
20232024,2023021156,2024-03-28,8479406,30,27,1,1.733,0.733,Filip Gustavsson
20232024,2023021157,2024-03-28,8476412,19,28,3,2.144,-0.856,Jordan Binnington
20232024,2023021157,2024-03-28,8481692,20,18,4,1.692,-2.308,Dustin Wolf
20232024,2023021158,2024-03-28,8476945,52,25,2,1.465,-0.535,Connor Hellebuyck
20232024,2023021158,2024-03-28,8480313,54,40,1,3.438,2.438,Logan Thompson
20232024,2023021159,2024-03-28,8478048,3,41,2,3.414,1.414,Igor Shesterkin
20232024,2023021159,2024-03-28,8480382,21,25,2,2.287,0.287,Alexandar Georgiev
20232024,2023021160,2024-03-28,8475660,26,19,3,2.638,-0.362,Cam Talbot
20232024,2023021160,2024-03-28,8479973,22,32,1,2.547,1.547,Stuart Skinner
20232024,2023021161,2024-03-28,8477424,18,27,6,3.037,-2.963,Juuse Saros
20232024,2023021161,2024-03-28,8478971,53,37,4,3.559,-0.441,Connor Ingram
20232024,2023021161,2024-03-28,8480947,18,11,0,0.916,0.916,Kevin Lankinen
20232024,2023021162,2024-03-28,8475831,55,23,2,2.376,0.376,Philipp Grubauer
20232024,2023021162,2024-03-28,8480843,24,28,4,2.915,-1.085,Lukas Dostal
20232024,2023021163,2024-03-28,8479193,23,33,2,3.062,1.062,Casey DeSmith
20232024,2023021163,2024-03-28,8479979,25,28,1,3.022,2.022,Jake Oettinger
20232024,2023021164,2024-03-29,8474596,1,34,3,2.85,-0.15,Jake Allen
20232024,2023021164,2024-03-29,8482221,7,30,2,2.894,0.894,Devon Levi
20232024,2023021165,2024-03-30,8475683,13,22,2,2.282,0.282,Sergei Bobrovsky
20232024,2023021165,2024-03-30,8479312,17,38,2,2.799,0.799,Alex Lyon
20232024,2023021166,2024-03-30,8479406,30,30,1,2.916,1.916,Filip Gustavsson
20232024,2023021166,2024-03-30,8480313,54,33,1,2.6,1.6,Logan Thompson
20232024,2023021167,2024-03-30,8475717,22,22,1,2.071,1.071,Calvin Pickard
20232024,2023021167,2024-03-30,8476434,24,37,6,4.351,-1.649,John Gibson
20232024,2023021168,2024-03-30,8471734,3,32,5,3.861,-1.139,Jonathan Quick
20232024,2023021168,2024-03-30,8478872,53,30,6,2.544,-3.456,Karel Vejmelka
20232024,2023021169,2024-03-30,8480382,21,13,4,1.43,-2.57,Alexandar Georgiev
20232024,2023021169,2024-03-30,8480947,18,41,6,4.333,-1.667,Kevin Lankinen
20232024,2023021169,2024-03-30,8481020,21,22,0,1.125,1.125,Justus Annunen
20232024,2023021170,2024-03-30,8478492,10,34,0,2.978,2.978,Ilya Samsonov
20232024,2023021170,2024-03-30,8480045,7,22,3,2.265,-0.735,Ukko-Pekka Luukkonen
20232024,2023021171,2024-03-30,8477968,5,37,3,3.914,0.914,Alex Nedeljkovic
20232024,2023021171,2024-03-30,8478007,29,33,3,2.452,-0.548,Elvis Merzlikins
20232024,2023021172,2024-03-30,8478470,8,29,2,2.851,0.851,Samuel Montembeault
20232024,2023021172,2024-03-30,8481611,12,26,0,2.924,2.924,Pyotr Kochetkov
20232024,2023021173,2024-03-30,8481035,4,24,5,2.277,-2.723,Samuel Ersson
20232024,2023021173,2024-03-30,8482821,16,31,1,2.264,1.264,Arvid Soderblom
20232024,2023021174,2024-03-30,8473575,2,39,3,2.932,-0.068,Semyon Varlamov
20232024,2023021174,2024-03-30,8476883,14,28,1,1.748,0.748,Andrei Vasilevskiy
20232024,2023021175,2024-03-30,8476914,9,30,2,3.11,1.11,Joonas Korpisalo
20232024,2023021175,2024-03-30,8476945,52,27,3,2.509,-0.491,Connor Hellebuyck
20232024,2023021176,2024-03-30,8479292,15,29,2,2.05,0.05,Charlie Lindgren
20232024,2023021176,2024-03-30,8480280,6,20,2,2.325,0.325,Jeremy Swayman
20232024,2023021177,2024-03-30,8478406,28,35,0,2.831,2.831,Mackenzie Blackwood
20232024,2023021177,2024-03-30,8480981,19,19,3,2.473,-0.527,Joel Hofer
20232024,2023021178,2024-03-30,8474593,20,18,2,1.905,-0.095,Jacob Markstrom
20232024,2023021178,2024-03-30,8479496,26,35,4,3.353,-0.647,David Rittich
20232024,2023021179,2024-03-30,8478916,55,29,2,2.625,0.625,Joey Daccord
20232024,2023021179,2024-03-30,8479979,25,17,0,0.81,0.81,Jake Oettinger
20232024,2023021180,2024-03-31,8480843,24,30,3,2.518,-0.482,Lukas Dostal
20232024,2023021180,2024-03-31,8481668,23,22,2,1.364,-0.636,Arturs Silovs
20232024,2023021181,2024-04-01,8480193,29,46,1,3.841,2.841,Daniil Tarasov
20232024,2023021181,2024-04-01,8481020,21,24,3,2.319,-0.681,Justus Annunen
20232024,2023021182,2024-04-01,8477968,5,30,2,2.411,0.411,Alex Nedeljkovic
20232024,2023021182,2024-04-01,8478048,3,18,3,1.987,-1.013,Igor Shesterkin
20232024,2023021183,2024-04-01,8473575,2,34,3,2.831,-0.169,Semyon Varlamov
20232024,2023021183,2024-04-01,8478905,4,21,2,1.647,-0.353,Ivan Fedotov
20232024,2023021183,2024-04-01,8481035,4,6,2,0.478,-1.522,Samuel Ersson
20232024,2023021184,2024-04-01,8476883,14,31,3,2.626,-0.374,Andrei Vasilevskiy
20232024,2023021184,2024-04-01,8479312,17,36,2,2.931,0.931,Alex Lyon
20232024,2023021185,2024-04-01,8475683,13,16,5,2.595,-2.405,Sergei Bobrovsky
20232024,2023021185,2024-04-01,8476932,13,6,0,0.42,0.42,Anthony Stolarz
20232024,2023021185,2024-04-01,8478492,10,30,4,2.78,-1.22,Ilya Samsonov
20232024,2023021186,2024-04-01,8476412,19,38,2,3.357,1.357,Jordan Binnington
20232024,2023021186,2024-04-01,8479973,22,29,3,3.835,0.835,Stuart Skinner
20232024,2023021187,2024-04-01,8475660,26,32,4,3.13,-0.87,Cam Talbot
20232024,2023021187,2024-04-01,8476316,52,28,3,1.487,-1.513,Laurent Brossoit
20232024,2023021188,2024-04-01,8475831,55,26,2,1.358,-0.642,Philipp Grubauer
20232024,2023021188,2024-04-01,8478406,28,31,3,2.846,-0.154,Mackenzie Blackwood
20232024,2023021189,2024-04-02,8475311,15,4,0,0.147,0.147,Darcy Kuemper
20232024,2023021189,2024-04-02,8479292,15,31,6,3.686,-2.314,Charlie Lindgren
20232024,2023021189,2024-04-02,8480045,7,26,2,2.188,0.188,Ukko-Pekka Luukkonen
20232024,2023021190,2024-04-02,8476932,13,38,5,4.293,-0.707,Anthony Stolarz
20232024,2023021190,2024-04-02,8478470,8,40,3,4.388,1.388,Samuel Montembeault
20232024,2023021191,2024-04-02,8474596,1,20,5,1.433,-3.567,Jake Allen
20232024,2023021191,2024-04-02,8477968,5,26,3,3.057,0.057,Alex Nedeljkovic
20232024,2023021192,2024-04-02,8475852,16,29,2,2.779,0.779,Petr Mrazek
20232024,2023021192,2024-04-02,8478009,2,19,1,2.522,1.522,Ilya Sorokin
20232024,2023021193,2024-04-02,8470594,30,32,2,2.283,0.283,Marc-Andre Fleury
20232024,2023021193,2024-04-02,8476914,9,19,3,1.592,-1.408,Joonas Korpisalo
20232024,2023021194,2024-04-02,8476999,6,31,0,2.452,2.452,Linus Ullmark
20232024,2023021194,2024-04-02,8477424,18,31,2,2.873,0.873,Juuse Saros
20232024,2023021195,2024-04-02,8474593,20,29,5,2.435,-2.565,Jacob Markstrom
20232024,2023021195,2024-04-02,8480843,24,24,3,1.875,-1.125,Lukas Dostal
20232024,2023021196,2024-04-02,8479193,23,30,6,4.178,-1.822,Casey DeSmith
20232024,2023021196,2024-04-02,8480313,54,30,3,2.297,-0.703,Logan Thompson
20232024,2023021197,2024-04-03,8476883,14,29,1,2.474,1.474,Andrei Vasilevskiy
20232024,2023021197,2024-04-03,8479361,10,25,4,2.303,-1.697,Joseph Woll
20232024,2023021198,2024-04-03,8478039,1,41,4,4.36,0.36,Kaapo Kahkonen
20232024,2023021198,2024-04-03,8478048,3,20,3,1.381,-1.619,Igor Shesterkin
20232024,2023021199,2024-04-03,8475717,22,32,5,3.515,-1.485,Calvin Pickard
20232024,2023021199,2024-04-03,8479979,25,35,0,3.393,3.393,Jake Oettinger
20232024,2023021200,2024-04-03,8478971,53,33,2,2.779,0.779,Connor Ingram
20232024,2023021200,2024-04-03,8481668,23,21,1,1.815,0.815,Arturs Silovs
20232024,2023021201,2024-04-03,8475660,26,23,2,2.118,0.118,Cam Talbot
20232024,2023021201,2024-04-03,8475831,55,27,5,3.343,-1.657,Philipp Grubauer
20232024,2023021202,2024-04-04,8475883,12,27,3,2.9,-0.1,Frederik Andersen
20232024,2023021202,2024-04-04,8480280,6,29,1,3.386,2.386,Jeremy Swayman
20232024,2023021203,2024-04-04,8478009,2,27,2,2.307,0.307,Ilya Sorokin
20232024,2023021203,2024-04-04,8480193,29,15,2,1.634,-0.366,Daniil Tarasov
20232024,2023021203,2024-04-04,8482982,29,25,1,2.285,1.285,Jet Greaves
20232024,2023021204,2024-04-04,8477035,14,30,4,3.064,-0.936,Matt Tomkins
20232024,2023021204,2024-04-04,8480051,8,34,6,3.337,-2.663,Cayden Primeau
20232024,2023021205,2024-04-04,8475683,13,30,0,2.15,2.15,Sergei Bobrovsky
20232024,2023021205,2024-04-04,8476341,9,14,2,1.564,-0.436,Anton Forsberg
20232024,2023021205,2024-04-04,8476914,9,17,4,1.4,-2.6,Joonas Korpisalo
20232024,2023021206,2024-04-04,8477968,5,31,1,3.324,2.324,Alex Nedeljkovic
20232024,2023021206,2024-04-04,8479292,15,23,3,2.306,-0.694,Charlie Lindgren
20232024,2023021207,2024-04-04,8479406,30,35,4,3.956,-0.044,Filip Gustavsson
20232024,2023021207,2024-04-04,8481020,21,46,2,3.472,1.472,Justus Annunen
20232024,2023021208,2024-04-04,8476412,19,29,4,3.662,-0.338,Jordan Binnington
20232024,2023021208,2024-04-04,8477424,18,47,3,5.823,2.823,Juuse Saros
20232024,2023021209,2024-04-04,8476945,52,33,2,2.06,0.06,Connor Hellebuyck
20232024,2023021209,2024-04-04,8481692,20,44,4,3.54,-0.46,Dustin Wolf
20232024,2023021210,2024-04-04,8478406,28,27,2,2.424,0.424,Mackenzie Blackwood
20232024,2023021210,2024-04-04,8479496,26,16,1,1.214,0.214,David Rittich
20232024,2023021211,2024-04-05,8478905,4,19,4,2.197,-1.803,Ivan Fedotov
20232024,2023021211,2024-04-05,8480045,7,34,2,2.548,0.548,Ukko-Pekka Luukkonen
20232024,2023021212,2024-04-05,8475311,15,44,3,3.795,0.795,Darcy Kuemper
20232024,2023021212,2024-04-05,8481611,12,16,2,1.561,-0.439,Pyotr Kochetkov
20232024,2023021213,2024-04-05,8471734,3,34,3,3.29,0.29,Jonathan Quick
20232024,2023021213,2024-04-05,8479312,17,38,4,4.343,0.343,Alex Lyon
20232024,2023021214,2024-04-05,8479973,22,24,2,2.139,0.139,Stuart Skinner
20232024,2023021214,2024-04-05,8480382,21,47,6,4.963,-1.037,Alexandar Georgiev
20232024,2023021215,2024-04-05,8475831,55,17,1,1.777,0.777,Philipp Grubauer
20232024,2023021215,2024-04-05,8480843,24,27,3,2.662,-0.338,Lukas Dostal
20232024,2023021216,2024-04-05,8478872,53,24,4,2.586,-1.414,Karel Vejmelka
20232024,2023021216,2024-04-05,8480313,54,31,6,2.466,-3.534,Logan Thompson
20232024,2023021217,2024-04-06,8476883,14,28,5,3.717,-1.283,Andrei Vasilevskiy
20232024,2023021217,2024-04-06,8477968,5,34,4,2.955,-1.045,Alex Nedeljkovic
20232024,2023021218,2024-04-06,8475683,13,29,3,2.733,-0.267,Sergei Bobrovsky
20232024,2023021218,2024-04-06,8476999,6,30,2,2.535,0.535,Linus Ullmark
20232024,2023021219,2024-04-06,8470594,30,25,4,2.0,-2.0,Marc-Andre Fleury
20232024,2023021219,2024-04-06,8476945,52,27,2,2.48,0.48,Connor Hellebuyck
20232024,2023021220,2024-04-06,8475809,25,17,3,1.873,-1.127,Scott Wedgewood
20232024,2023021220,2024-04-06,8475852,16,44,2,3.649,1.649,Petr Mrazek
20232024,2023021221,2024-04-06,8480981,19,25,3,2.667,-0.333,Joel Hofer
20232024,2023021221,2024-04-06,8482445,28,36,2,2.874,0.874,Devin Cooley
20232024,2023021222,2024-04-06,8481035,4,33,6,2.75,-3.25,Samuel Ersson
20232024,2023021222,2024-04-06,8482982,29,39,2,2.936,0.936,Jet Greaves
20232024,2023021223,2024-04-06,8478470,8,12,4,1.407,-2.593,Samuel Montembeault
20232024,2023021223,2024-04-06,8478492,10,26,2,2.371,0.371,Ilya Samsonov
20232024,2023021223,2024-04-06,8480051,8,18,0,2.059,2.059,Cayden Primeau
20232024,2023021224,2024-04-06,8474596,1,28,3,1.962,-1.038,Jake Allen
20232024,2023021224,2024-04-06,8476341,9,9,3,1.107,-1.893,Anton Forsberg
20232024,2023021224,2024-04-06,8476914,9,18,1,1.919,0.919,Joonas Korpisalo
20232024,2023021225,2024-04-06,8473575,2,42,0,3.83,3.83,Semyon Varlamov
20232024,2023021225,2024-04-06,8480947,18,29,1,1.722,0.722,Kevin Lankinen
20232024,2023021226,2024-04-06,8474593,20,26,3,2.613,-0.387,Jacob Markstrom
20232024,2023021226,2024-04-06,8475717,22,35,2,2.63,0.63,Calvin Pickard
20232024,2023021227,2024-04-06,8475660,26,42,3,4.278,1.278,Cam Talbot
20232024,2023021227,2024-04-06,8479193,23,29,6,3.002,-2.998,Casey DeSmith
20232024,2023021228,2024-04-07,8479312,17,38,1,3.04,2.04,Alex Lyon
20232024,2023021228,2024-04-07,8480045,7,24,3,2.148,-0.852,Ukko-Pekka Luukkonen
20232024,2023021229,2024-04-07,8482661,30,24,0,1.546,1.546,Jesper Wallstedt
20232024,2023021229,2024-04-07,8482821,16,37,4,3.723,-0.277,Arvid Soderblom
20232024,2023021230,2024-04-07,8475883,12,23,0,1.338,1.338,Frederik Andersen
20232024,2023021230,2024-04-07,8476876,29,35,3,3.789,0.789,Malcolm Subban
20232024,2023021231,2024-04-07,8478406,28,27,4,2.512,-1.488,Mackenzie Blackwood
20232024,2023021231,2024-04-07,8478971,53,27,2,1.923,-0.077,Connor Ingram
20232024,2023021232,2024-04-07,8476914,9,22,2,2.562,0.562,Joonas Korpisalo
20232024,2023021232,2024-04-07,8479292,15,21,3,2.707,-0.293,Charlie Lindgren
20232024,2023021233,2024-04-07,8474596,1,30,1,2.13,1.13,Jake Allen
20232024,2023021233,2024-04-07,8477424,18,25,2,1.698,-0.302,Juuse Saros
20232024,2023021233,2024-04-07,8478039,1,5,1,0.491,-0.509,Kaapo Kahkonen
20232024,2023021234,2024-04-07,8478048,3,28,2,2.636,0.636,Igor Shesterkin
20232024,2023021234,2024-04-07,8480051,8,45,4,4.536,0.536,Cayden Primeau
20232024,2023021235,2024-04-07,8476412,19,38,5,4.124,-0.876,Jordan Binnington
20232024,2023021235,2024-04-07,8480843,24,31,5,2.916,-2.084,Lukas Dostal
20232024,2023021236,2024-04-07,8479979,25,38,4,3.718,-0.282,Jake Oettinger
20232024,2023021236,2024-04-07,8480382,21,36,6,4.753,-1.247,Alexandar Georgiev
20232024,2023021237,2024-04-08,8477968,5,23,3,1.976,-1.024,Alex Nedeljkovic
20232024,2023021237,2024-04-08,8478492,10,33,2,4.279,2.279,Ilya Samsonov
20232024,2023021238,2024-04-08,8480313,54,30,4,3.22,-0.78,Logan Thompson
20232024,2023021238,2024-04-08,8481668,23,23,3,1.927,-1.073,Arturs Silovs
20232024,2023021239,2024-04-09,8480280,6,26,4,2.454,-1.546,Jeremy Swayman
20232024,2023021239,2024-04-09,8481611,12,23,1,1.801,0.801,Pyotr Kochetkov
20232024,2023021240,2024-04-09,8479292,15,43,1,3.68,2.68,Charlie Lindgren
20232024,2023021240,2024-04-09,8479312,17,23,2,1.95,-0.05,Alex Lyon
20232024,2023021241,2024-04-09,8476914,9,30,2,2.859,0.859,Joonas Korpisalo
20232024,2023021241,2024-04-09,8476932,13,26,0,2.433,2.433,Anthony Stolarz
20232024,2023021242,2024-04-09,8478470,8,36,3,4.081,1.081,Samuel Montembeault
20232024,2023021242,2024-04-09,8478905,4,13,4,1.647,-2.353,Ivan Fedotov
20232024,2023021242,2024-04-09,8481035,4,17,5,1.572,-3.428,Samuel Ersson
20232024,2023021243,2024-04-09,8474596,1,38,4,5.611,1.611,Jake Allen
20232024,2023021243,2024-04-09,8479361,10,20,2,1.603,-0.397,Joseph Woll
20232024,2023021244,2024-04-09,8473575,2,33,2,2.796,0.796,Semyon Varlamov
20232024,2023021244,2024-04-09,8478048,3,27,3,2.524,-0.476,Igor Shesterkin
20232024,2023021245,2024-04-09,8476883,14,32,2,2.351,0.351,Andrei Vasilevskiy
20232024,2023021245,2024-04-09,8482982,29,32,4,2.532,-1.468,Jet Greaves
20232024,2023021246,2024-04-09,8479979,25,21,2,1.751,-0.249,Jake Oettinger
20232024,2023021246,2024-04-09,8480045,7,24,3,2.223,-0.777,Ukko-Pekka Luukkonen
20232024,2023021247,2024-04-09,8476945,52,48,3,5.895,2.895,Connor Hellebuyck
20232024,2023021247,2024-04-09,8477424,18,22,4,2.507,-1.493,Juuse Saros
20232024,2023021248,2024-04-09,8479406,30,32,5,3.348,-1.652,Filip Gustavsson
20232024,2023021248,2024-04-09,8480382,21,22,2,2.348,0.348,Alexandar Georgiev
20232024,2023021249,2024-04-09,8475660,26,27,3,2.371,-0.629,Cam Talbot
20232024,2023021249,2024-04-09,8480843,24,37,1,2.298,1.298,Lukas Dostal
20232024,2023021250,2024-04-09,8475831,55,39,0,3.484,3.484,Philipp Grubauer
20232024,2023021250,2024-04-09,8478872,53,25,5,2.127,-2.873,Karel Vejmelka
20232024,2023021251,2024-04-09,8478406,28,41,3,4.555,1.555,Mackenzie Blackwood
20232024,2023021251,2024-04-09,8481692,20,22,2,1.827,-0.173,Dustin Wolf
20232024,2023021252,2024-04-10,8475852,16,3,3,0.352,-2.648,Petr Mrazek
20232024,2023021252,2024-04-10,8480981,19,20,2,2.529,0.529,Joel Hofer
20232024,2023021252,2024-04-10,8482821,16,23,2,2.364,0.364,Arvid Soderblom
20232024,2023021253,2024-04-10,8478499,54,25,5,3.292,-1.708,Adin Hill
20232024,2023021253,2024-04-10,8479973,22,18,1,1.822,0.822,Stuart Skinner
20232024,2023021254,2024-04-10,8478971,53,26,3,2.774,-0.226,Connor Ingram
20232024,2023021254,2024-04-10,8481668,23,18,4,1.554,-2.446,Arturs Silovs
20232024,2023021255,2024-04-11,8479292,15,16,3,1.609,-1.391,Charlie Lindgren
20232024,2023021255,2024-04-11,8480045,7,24,2,2.316,0.316,Ukko-Pekka Luukkonen
20232024,2023021256,2024-04-11,8475683,13,25,0,1.6,1.6,Sergei Bobrovsky
20232024,2023021256,2024-04-11,8482982,29,46,4,4.647,0.647,Jet Greaves
20232024,2023021257,2024-04-11,8471734,3,26,4,2.755,-1.245,Jonathan Quick
20232024,2023021257,2024-04-11,8481035,4,25,1,2.797,1.797,Samuel Ersson
20232024,2023021258,2024-04-11,8477968,5,30,5,3.489,-1.511,Alex Nedeljkovic
20232024,2023021258,2024-04-11,8479312,17,27,6,3.092,-2.908,Alex Lyon
20232024,2023021259,2024-04-11,8476341,9,26,2,3.275,1.275,Anton Forsberg
20232024,2023021259,2024-04-11,8477035,14,27,2,3.094,1.094,Matt Tomkins
20232024,2023021260,2024-04-11,8474596,1,32,5,3.68,-1.32,Jake Allen
20232024,2023021260,2024-04-11,8478492,10,20,6,1.778,-4.222,Ilya Samsonov
20232024,2023021261,2024-04-11,8473575,2,14,2,1.362,-0.638,Semyon Varlamov
20232024,2023021261,2024-04-11,8478470,8,31,3,3.029,0.029,Samuel Montembeault
20232024,2023021262,2024-04-11,8476316,52,24,0,1.913,1.913,Laurent Brossoit
20232024,2023021262,2024-04-11,8479979,25,23,2,2.268,0.268,Jake Oettinger
20232024,2023021263,2024-04-11,8478916,55,23,3,1.328,-1.672,Joey Daccord
20232024,2023021263,2024-04-11,8482445,28,50,1,5.903,4.903,Devin Cooley
20232024,2023021264,2024-04-11,8474593,20,29,3,3.388,0.388,Jacob Markstrom
20232024,2023021264,2024-04-11,8475660,26,23,1,1.424,0.424,Cam Talbot
20232024,2023021265,2024-04-12,8475883,12,31,2,3.209,1.209,Frederik Andersen
20232024,2023021265,2024-04-12,8476412,19,40,3,2.685,-0.315,Jordan Binnington
20232024,2023021266,2024-04-12,8480947,18,26,1,2.912,1.912,Kevin Lankinen
20232024,2023021266,2024-04-12,8482821,16,40,5,4.431,-0.569,Arvid Soderblom
20232024,2023021267,2024-04-12,8475717,22,28,3,3.663,0.663,Calvin Pickard
20232024,2023021267,2024-04-12,8478872,53,41,2,3.418,1.418,Karel Vejmelka
20232024,2023021268,2024-04-12,8476434,24,27,6,3.514,-2.486,John Gibson
20232024,2023021268,2024-04-12,8481692,20,22,3,1.942,-1.058,Dustin Wolf
20232024,2023021269,2024-04-12,8470594,30,30,7,4.327,-2.673,Marc-Andre Fleury
20232024,2023021269,2024-04-12,8480313,54,27,2,1.667,-0.333,Logan Thompson
20232024,2023021270,2024-04-13,8478009,2,43,2,3.815,1.815,Ilya Sorokin
20232024,2023021270,2024-04-13,8478048,3,36,2,3.378,1.378,Igor Shesterkin
20232024,2023021271,2024-04-13,8475831,55,30,3,3.104,0.104,Philipp Grubauer
20232024,2023021271,2024-04-13,8479979,25,27,1,1.604,0.604,Jake Oettinger
20232024,2023021272,2024-04-13,8476945,52,30,0,2.57,2.57,Connor Hellebuyck
20232024,2023021272,2024-04-13,8480382,21,15,4,2.007,-1.993,Alexandar Georgiev
20232024,2023021272,2024-04-13,8481020,21,11,3,1.112,-1.888,Justus Annunen
20232024,2023021273,2024-04-13,8475683,13,29,2,2.669,0.669,Sergei Bobrovsky
20232024,2023021273,2024-04-13,8480045,7,42,3,4.153,1.153,Ukko-Pekka Luukkonen
20232024,2023021274,2024-04-13,8478039,1,21,1,1.556,0.556,Kaapo Kahkonen
20232024,2023021274,2024-04-13,8481035,4,20,0,1.629,1.629,Samuel Ersson
20232024,2023021275,2024-04-13,8476883,14,34,4,4.436,0.436,Andrei Vasilevskiy
20232024,2023021275,2024-04-13,8479292,15,34,2,3.252,1.252,Charlie Lindgren
20232024,2023021276,2024-04-13,8476914,9,25,4,3.181,-0.819,Joonas Korpisalo
20232024,2023021276,2024-04-13,8480051,8,44,4,5.146,1.146,Cayden Primeau
20232024,2023021277,2024-04-13,8473503,17,36,4,4.765,0.765,James Reimer
20232024,2023021277,2024-04-13,8478492,10,32,5,3.186,-1.814,Ilya Samsonov
20232024,2023021278,2024-04-13,8477424,18,35,4,2.56,-1.44,Juuse Saros
20232024,2023021278,2024-04-13,8480947,18,2,0,0.265,0.265,Kevin Lankinen
20232024,2023021278,2024-04-13,8482982,29,37,6,3.416,-2.584,Jet Greaves
20232024,2023021279,2024-04-13,8476999,6,32,4,2.754,-1.246,Linus Ullmark
20232024,2023021279,2024-04-13,8477465,5,14,2,1.222,-0.778,Tristan Jarry
20232024,2023021279,2024-04-13,8477968,5,16,3,3.292,0.292,Alex Nedeljkovic
20232024,2023021280,2024-04-13,8479193,23,33,1,3.01,2.01,Casey DeSmith
20232024,2023021280,2024-04-13,8479973,22,26,2,2.096,0.096,Stuart Skinner
20232024,2023021281,2024-04-13,8479496,26,29,1,2.606,1.606,David Rittich
20232024,2023021281,2024-04-13,8480843,24,28,3,2.574,-0.426,Lukas Dostal
20232024,2023021282,2024-04-13,8478406,28,38,6,4.227,-1.773,Mackenzie Blackwood
20232024,2023021282,2024-04-13,8482661,30,29,2,1.786,-0.214,Jesper Wallstedt
20232024,2023021283,2024-04-14,8478916,55,27,3,1.82,-1.18,Joey Daccord
20232024,2023021283,2024-04-14,8480981,19,20,1,1.539,0.539,Joel Hofer
20232024,2023021284,2024-04-14,8478499,54,24,3,1.919,-1.081,Adin Hill
20232024,2023021284,2024-04-14,8480382,21,30,4,2.306,-1.694,Alexandar Georgiev
20232024,2023021285,2024-04-14,8475852,16,34,3,3.521,0.521,Petr Mrazek
20232024,2023021285,2024-04-14,8481611,12,16,2,1.603,-0.397,Pyotr Kochetkov
20232024,2023021286,2024-04-14,8478971,53,31,6,2.896,-3.104,Connor Ingram
20232024,2023021286,2024-04-14,8481692,20,35,5,2.908,-2.092,Dustin Wolf
20232024,2023021287,2024-04-15,8478470,8,35,5,4.067,-0.933,Samuel Montembeault
20232024,2023021287,2024-04-15,8479312,17,21,4,3.231,-0.769,Alex Lyon
20232024,2023021288,2024-04-15,8473575,2,24,1,2.377,1.377,Semyon Varlamov
20232024,2023021288,2024-04-15,8474596,1,19,4,2.309,-1.691,Jake Allen
20232024,2023021289,2024-04-15,8477424,18,38,4,4.533,0.533,Juuse Saros
20232024,2023021289,2024-04-15,8477968,5,30,2,2.612,0.612,Alex Nedeljkovic
20232024,2023021290,2024-04-15,8476883,14,34,4,4.667,0.667,Andrei Vasilevskiy
20232024,2023021290,2024-04-15,8477480,7,33,2,3.651,1.651,Eric Comrie
20232024,2023021291,2024-04-15,8479292,15,16,0,1.124,1.124,Charlie Lindgren
20232024,2023021291,2024-04-15,8480280,6,24,1,2.333,1.333,Jeremy Swayman
20232024,2023021292,2024-04-15,8476914,9,34,4,3.632,-0.368,Joonas Korpisalo
20232024,2023021292,2024-04-15,8478048,3,25,0,2.134,2.134,Igor Shesterkin
20232024,2023021293,2024-04-15,8479973,22,21,2,1.627,-0.373,Stuart Skinner
20232024,2023021293,2024-04-15,8482445,28,22,8,3.472,-4.528,Devin Cooley
20232024,2023021293,2024-04-15,8484312,28,16,1,1.447,0.447,Georgi Romanov
20232024,2023021294,2024-04-15,8475660,26,28,3,2.735,-0.265,Cam Talbot
20232024,2023021294,2024-04-15,8479406,30,24,1,1.855,0.855,Filip Gustavsson
20232024,2023021295,2024-04-16,8476341,9,35,1,4.159,3.159,Anton Forsberg
20232024,2023021295,2024-04-16,8476999,6,19,2,0.697,-1.303,Linus Ullmark
20232024,2023021296,2024-04-16,8477484,12,25,6,3.26,-2.74,Spencer Martin
20232024,2023021296,2024-04-16,8482982,29,41,3,4.896,1.896,Jet Greaves
20232024,2023021297,2024-04-16,8476932,13,26,2,3.229,1.229,Anthony Stolarz
20232024,2023021297,2024-04-16,8479361,10,41,4,4.313,0.313,Joseph Woll
20232024,2023021298,2024-04-16,8473503,17,33,4,4.934,0.934,James Reimer
20232024,2023021298,2024-04-16,8480051,8,40,4,3.421,-0.579,Cayden Primeau
20232024,2023021299,2024-04-16,8479292,15,28,1,1.49,0.49,Charlie Lindgren
20232024,2023021299,2024-04-16,8481035,4,17,1,0.979,-0.021,Samuel Ersson
20232024,2023021300,2024-04-16,8475831,55,24,4,2.944,-1.056,Philipp Grubauer
20232024,2023021300,2024-04-16,8476945,52,23,3,2.044,-0.956,Connor Hellebuyck
20232024,2023021301,2024-04-16,8475852,16,36,2,3.417,1.417,Petr Mrazek
20232024,2023021301,2024-04-16,8480313,54,23,1,1.963,0.963,Logan Thompson
20232024,2023021302,2024-04-16,8474593,20,31,4,3.88,-0.12,Jacob Markstrom
20232024,2023021302,2024-04-16,8477967,23,40,1,2.891,1.891,Thatcher Demko
20232024,2023021303,2024-04-17,8477968,5,32,5,3.348,-1.652,Alex Nedeljkovic
20232024,2023021303,2024-04-17,8478009,2,44,4,4.67,0.67,Ilya Sorokin
20232024,2023021304,2024-04-17,8474889,10,32,6,4.261,-1.739,Martin Jones
20232024,2023021304,2024-04-17,8477035,14,38,4,3.251,-0.749,Matt Tomkins
20232024,2023021305,2024-04-17,8476412,19,37,1,4.587,3.587,Jordan Binnington
20232024,2023021305,2024-04-17,8479979,25,26,1,2.76,1.76,Jake Oettinger
20232024,2023021306,2024-04-17,8475717,22,23,4,2.11,-1.89,Calvin Pickard
20232024,2023021306,2024-04-17,8478971,53,30,2,3.145,1.145,Connor Ingram
20232024,2023021307,2024-04-18,8470594,30,26,3,2.6,-0.4,Marc-Andre Fleury
20232024,2023021307,2024-04-18,8478916,55,24,3,1.729,-1.271,Joey Daccord
20232024,2023021308,2024-04-18,8476316,52,20,2,2.047,0.047,Laurent Brossoit
20232024,2023021308,2024-04-18,8477967,23,25,3,2.702,-0.298,Thatcher Demko
20232024,2023021309,2024-04-18,8481692,20,17,1,1.241,0.241,Dustin Wolf
20232024,2023021309,2024-04-18,8482445,28,23,5,1.633,-3.367,Devin Cooley
20232024,2023021309,2024-04-18,8484312,28,14,0,1.344,1.344,Georgi Romanov
20232024,2023021310,2024-04-18,8475717,22,14,1,1.417,0.417,Calvin Pickard
20232024,2023021310,2024-04-18,8479973,22,13,4,1.516,-2.484,Stuart Skinner
20232024,2023021310,2024-04-18,8481020,21,26,1,2.447,1.447,Justus Annunen
20232024,2023021311,2024-04-18,8478499,54,22,3,2.031,-0.969,Adin Hill
20232024,2023021311,2024-04-18,8480843,24,33,1,3.629,2.629,Lukas Dostal
20232024,2023021312,2024-04-18,8475660,26,13,4,1.478,-2.522,Cam Talbot
20232024,2023021312,2024-04-18,8482821,16,35,5,4.721,-0.279,Arvid Soderblom
20242025,2024020001,2024-10-04,8474593,1,31,1,2.256,1.256,Jacob Markstrom
20242025,2024020001,2024-10-04,8480045,7,22,3,1.532,-1.468,Ukko-Pekka Luukkonen
20242025,2024020002,2024-10-05,8474596,1,18,1,1.134,0.134,Jake Allen
20242025,2024020002,2024-10-05,8482221,7,37,3,3.771,0.771,Devon Levi
20242025,2024020003,2024-10-08,8475831,55,25,3,1.661,-1.339,Philipp Grubauer
20242025,2024020003,2024-10-08,8476412,19,32,2,2.384,0.384,Jordan Binnington
20242025,2024020004,2024-10-08,8475683,13,28,4,3.065,-0.935,Sergei Bobrovsky
20242025,2024020004,2024-10-08,8476914,6,35,6,3.692,-2.308,Joonas Korpisalo
20242025,2024020005,2024-10-08,8475852,16,26,4,2.656,-1.344,Petr Mrazek
20242025,2024020005,2024-10-08,8478971,59,26,2,2.799,0.799,Connor Ingram
20242025,2024020006,2024-10-09,8476932,10,27,1,3.999,2.999,Anthony Stolarz
20242025,2024020006,2024-10-09,8478470,8,48,0,4.247,4.247,Samuel Montembeault
20242025,2024020007,2024-10-09,8477465,5,40,6,5.496,-0.504,Tristan Jarry
20242025,2024020007,2024-10-09,8478048,3,31,0,2.368,2.368,Igor Shesterkin
20242025,2024020008,2024-10-09,8475717,22,7,1,0.568,-0.432,Calvin Pickard
20242025,2024020008,2024-10-09,8476945,52,30,0,2.764,2.764,Connor Hellebuyck
20242025,2024020008,2024-10-09,8479973,22,13,5,1.792,-3.208,Stuart Skinner
20242025,2024020009,2024-10-09,8478435,20,24,5,2.828,-2.172,Dan Vladar
20242025,2024020009,2024-10-09,8481668,23,26,6,2.389,-3.611,Arturs Silovs
20242025,2024020010,2024-10-09,8478499,54,32,4,2.458,-1.542,Adin Hill
20242025,2024020010,2024-10-09,8480382,21,16,5,1.822,-3.178,Alexandar Georgiev
20242025,2024020010,2024-10-09,8481020,21,4,2,0.477,-1.523,Justus Annunen
20242025,2024020011,2024-10-10,8480051,8,29,6,3.352,-2.648,Cayden Primeau
20242025,2024020011,2024-10-10,8480280,6,24,4,2.258,-1.742,Jeremy Swayman
20242025,2024020012,2024-10-10,8475311,26,33,1,4.191,3.191,Darcy Kuemper
20242025,2024020012,2024-10-10,8480045,7,22,2,2.193,0.193,Ukko-Pekka Luukkonen
20242025,2024020013,2024-10-10,8475683,13,30,2,1.981,-0.019,Sergei Bobrovsky
20242025,2024020013,2024-10-10,8476999,9,32,1,2.28,1.28,Linus Ullmark
20242025,2024020014,2024-10-10,8475660,17,14,2,2.057,0.057,Cam Talbot
20242025,2024020014,2024-10-10,8478024,17,14,4,1.363,-2.637,Ville Husso
20242025,2024020014,2024-10-10,8482446,5,32,3,3.375,0.375,Joel Blomqvist
20242025,2024020015,2024-10-10,8474593,1,22,4,1.938,-2.062,Jacob Markstrom
20242025,2024020015,2024-10-10,8483710,10,23,2,2.071,0.071,Dennis Hildeby
20242025,2024020016,2024-10-10,8473575,2,26,5,3.676,-1.324,Semyon Varlamov
20242025,2024020016,2024-10-10,8478971,59,27,4,3.761,-0.239,Connor Ingram
20242025,2024020017,2024-10-10,8475809,18,20,4,1.51,-2.49,Scott Wedgewood
20242025,2024020017,2024-10-10,8479979,25,36,3,3.927,0.927,Jake Oettinger
20242025,2024020018,2024-10-10,8478007,29,26,3,2.256,-0.744,Elvis Merzlikins
20242025,2024020018,2024-10-10,8479406,30,33,2,3.448,1.448,Filip Gustavsson
20242025,2024020019,2024-10-10,8478406,28,40,5,3.825,-1.175,Mackenzie Blackwood
20242025,2024020019,2024-10-10,8480981,19,29,4,3.359,-0.641,Joel Hofer
20242025,2024020020,2024-10-11,8475883,12,21,2,2.538,0.538,Frederik Andersen
20242025,2024020020,2024-10-11,8476883,14,21,1,3.323,2.323,Andrei Vasilevskiy
20242025,2024020021,2024-10-11,8476945,52,26,1,2.05,1.05,Connor Hellebuyck
20242025,2024020021,2024-10-11,8482821,16,35,2,3.213,1.213,Arvid Soderblom
20242025,2024020022,2024-10-11,8480947,23,31,2,2.686,0.686,Kevin Lankinen
20242025,2024020022,2024-10-11,8481035,4,26,2,1.953,-0.047,Samuel Ersson
20242025,2024020023,2024-10-11,8476412,19,28,4,2.761,-1.239,Jordan Binnington
20242025,2024020023,2024-10-11,8478499,54,22,3,2.182,-0.818,Adin Hill
20242025,2024020024,2024-10-12,8475311,26,26,2,1.74,-0.26,Darcy Kuemper
20242025,2024020024,2024-10-12,8480280,6,34,1,4.155,3.155,Jeremy Swayman
20242025,2024020025,2024-10-12,8481519,13,26,4,2.506,-1.494,Spencer Knight
20242025,2024020025,2024-10-12,8482221,7,25,2,2.133,0.133,Devon Levi
20242025,2024020026,2024-10-12,8476932,10,23,2,2.137,0.137,Anthony Stolarz
20242025,2024020026,2024-10-12,8482446,5,32,3,3.319,0.319,Joel Blomqvist
20242025,2024020027,2024-10-12,8476999,9,26,4,3.195,-0.805,Linus Ullmark
20242025,2024020027,2024-10-12,8478470,8,25,1,1.764,0.764,Samuel Montembeault
20242025,2024020028,2024-10-12,8475660,17,42,0,4.891,4.891,Cam Talbot
20242025,2024020028,2024-10-12,8477424,18,21,2,2.764,0.764,Juuse Saros
20242025,2024020029,2025-01-07,8476883,14,31,2,1.379,-0.621,Andrei Vasilevskiy
20242025,2024020029,2025-01-07,8481611,12,33,3,3.45,0.45,Pyotr Kochetkov
20242025,2024020030,2024-10-12,8478048,3,26,6,2.935,-3.065,Igor Shesterkin
20242025,2024020030,2024-10-12,8478971,59,34,5,2.723,-2.277,Connor Ingram
20242025,2024020031,2024-10-12,8474593,1,32,3,2.691,-0.309,Jacob Markstrom
20242025,2024020031,2024-10-12,8479292,15,32,4,3.732,-0.268,Charlie Lindgren
20242025,2024020032,2024-10-12,8473575,2,26,2,1.992,-0.008,Semyon Varlamov
20242025,2024020032,2024-10-12,8479979,25,34,0,3.477,3.477,Jake Oettinger
20242025,2024020033,2024-10-12,8470594,30,34,4,3.082,-0.918,Marc-Andre Fleury
20242025,2024020033,2024-10-12,8478916,55,38,4,3.357,-0.643,Joey Daccord
20242025,2024020034,2024-10-12,8480193,29,30,4,3.712,-0.288,Daniil Tarasov
20242025,2024020034,2024-10-12,8480382,21,9,3,1.042,-1.958,Alexandar Georgiev
20242025,2024020034,2024-10-12,8481020,21,13,2,1.67,-0.33,Justus Annunen
20242025,2024020035,2024-10-12,8478905,4,31,5,4.022,-0.978,Ivan Fedotov
20242025,2024020035,2024-10-12,8481692,20,40,3,3.18,0.18,Dustin Wolf
20242025,2024020036,2024-10-12,8475717,22,20,5,1.725,-3.275,Calvin Pickard
20242025,2024020036,2024-10-12,8475852,16,38,2,3.5,1.5,Petr Mrazek
20242025,2024020037,2024-10-12,8477970,28,29,1,2.434,1.434,Vitek Vanecek
20242025,2024020037,2024-10-12,8480843,24,30,0,2.252,2.252,Lukas Dostal
20242025,2024020038,2024-10-13,8476945,52,27,1,2.026,1.026,Connor Hellebuyck
20242025,2024020038,2024-10-13,8479406,30,35,2,1.954,-0.046,Filip Gustavsson
20242025,2024020039,2024-10-13,8475831,55,23,2,2.63,0.63,Philipp Grubauer
20242025,2024020039,2024-10-13,8479193,25,25,0,1.459,1.459,Casey DeSmith
20242025,2024020040,2024-10-13,8478435,20,26,1,1.465,0.465,Dan Vladar
20242025,2024020040,2024-10-13,8479973,22,28,3,3.286,0.286,Stuart Skinner
20242025,2024020041,2024-10-13,8473503,24,32,3,3.89,0.89,James Reimer
20242025,2024020041,2024-10-13,8478492,54,23,1,2.17,1.17,Ilya Samsonov
20242025,2024020042,2024-10-14,8475683,13,27,3,2.139,-0.861,Sergei Bobrovsky
20242025,2024020042,2024-10-14,8480280,6,26,4,2.804,-1.196,Jeremy Swayman
20242025,2024020043,2024-10-14,8475311,26,41,8,3.75,-4.25,Darcy Kuemper
20242025,2024020043,2024-10-14,8476341,9,9,3,1.317,-1.683,Anton Forsberg
20242025,2024020043,2024-10-14,8481544,9,17,4,1.265,-2.735,Mads Sogaard
20242025,2024020044,2024-10-14,8474596,1,20,0,1.585,1.585,Jake Allen
20242025,2024020044,2024-10-14,8478872,59,32,3,4.128,1.128,Karel Vejmelka
20242025,2024020045,2024-10-14,8478048,3,32,1,3.899,2.899,Igor Shesterkin
20242025,2024020045,2024-10-14,8479312,17,27,3,2.871,-0.129,Alex Lyon
20242025,2024020046,2024-10-14,8477465,5,28,3,3.546,0.546,Tristan Jarry
20242025,2024020046,2024-10-14,8478470,8,29,5,4.079,-0.921,Samuel Montembeault
20242025,2024020047,2024-10-14,8478009,2,34,2,4.037,2.037,Ilya Sorokin
20242025,2024020047,2024-10-14,8480382,21,36,5,3.911,-1.089,Alexandar Georgiev
20242025,2024020048,2024-10-15,8476883,14,27,1,2.888,1.888,Andrei Vasilevskiy
20242025,2024020048,2024-10-15,8481668,23,26,3,3.194,0.194,Arturs Silovs
20242025,2024020049,2024-10-15,8478499,54,22,4,3.342,-0.658,Adin Hill
20242025,2024020049,2024-10-15,8480313,15,26,2,2.017,0.017,Logan Thompson
20242025,2024020050,2024-10-15,8474593,1,30,3,3.495,0.495,Jacob Markstrom
20242025,2024020050,2024-10-15,8481611,12,26,2,2.792,0.792,Pyotr Kochetkov
20242025,2024020051,2024-10-15,8478007,29,22,4,2.146,-1.854,Elvis Merzlikins
20242025,2024020051,2024-10-15,8481519,13,38,3,3.535,0.535,Spencer Knight
20242025,2024020052,2024-10-15,8476412,19,26,3,2.767,-0.233,Jordan Binnington
20242025,2024020052,2024-10-15,8479406,30,28,1,2.379,1.379,Filip Gustavsson
20242025,2024020053,2024-10-15,8477424,18,34,6,2.582,-3.418,Juuse Saros
20242025,2024020053,2024-10-15,8478916,55,33,3,2.823,-0.177,Joey Daccord
20242025,2024020054,2024-10-15,8478406,28,38,2,3.473,1.473,Mackenzie Blackwood
20242025,2024020054,2024-10-15,8479979,25,27,2,3.678,1.678,Jake Oettinger
20242025,2024020055,2024-10-15,8475852,16,26,2,2.351,0.351,Petr Mrazek
20242025,2024020055,2024-10-15,8481692,20,32,1,2.734,1.734,Dustin Wolf
20242025,2024020056,2024-10-15,8479973,22,30,3,2.632,-0.368,Stuart Skinner
20242025,2024020056,2024-10-15,8481035,4,31,4,3.576,-0.424,Samuel Ersson
20242025,2024020057,2024-10-16,8477465,5,5,3,0.743,-2.257,Tristan Jarry
20242025,2024020057,2024-10-16,8480045,7,43,6,6.244,0.244,Ukko-Pekka Luukkonen
20242025,2024020057,2024-10-16,8482446,5,28,2,1.956,-0.044,Joel Blomqvist
20242025,2024020058,2024-10-16,8476932,10,34,2,2.772,0.772,Anthony Stolarz
20242025,2024020058,2024-10-16,8477831,26,12,2,1.456,-0.544,Pheonix Copley
20242025,2024020058,2024-10-16,8479496,26,14,4,1.392,-2.608,David Rittich
20242025,2024020059,2024-10-16,8476914,6,25,3,2.705,-0.295,Joonas Korpisalo
20242025,2024020059,2024-10-16,8480382,21,25,4,2.772,-1.228,Alexandar Georgiev
20242025,2024020060,2024-10-16,8478971,59,34,5,3.619,-1.381,Connor Ingram
20242025,2024020060,2024-10-16,8480843,24,30,4,3.492,-0.508,Lukas Dostal
20242025,2024020061,2024-10-17,8478470,8,31,3,2.586,-0.414,Samuel Montembeault
20242025,2024020061,2024-10-17,8479496,26,27,1,2.52,1.52,David Rittich
20242025,2024020062,2024-10-17,8474593,1,31,1,2.025,1.025,Jacob Markstrom
20242025,2024020062,2024-10-17,8476341,9,35,3,3.29,0.29,Anton Forsberg
20242025,2024020063,2024-10-17,8471734,3,31,2,2.261,0.261,Jonathan Quick
20242025,2024020063,2024-10-17,8475660,17,19,5,1.421,-3.579,Cam Talbot
20242025,2024020063,2024-10-17,8479312,17,15,0,1.484,1.484,Alex Lyon
20242025,2024020064,2024-10-17,8476883,14,25,3,2.58,-0.42,Andrei Vasilevskiy
20242025,2024020064,2024-10-17,8478499,54,25,4,3.586,-0.414,Adin Hill
20242025,2024020065,2024-10-17,8475683,13,33,3,2.354,-0.646,Sergei Bobrovsky
20242025,2024020065,2024-10-17,8480947,23,28,2,2.047,0.047,Kevin Lankinen
20242025,2024020066,2024-10-17,8479193,25,26,3,2.313,-0.687,Casey DeSmith
20242025,2024020066,2024-10-17,8479292,15,24,2,2.506,0.506,Charlie Lindgren
20242025,2024020067,2024-10-17,8480193,29,24,4,2.726,-1.274,Daniil Tarasov
20242025,2024020067,2024-10-17,8482221,7,25,6,1.833,-4.167,Devon Levi
20242025,2024020068,2024-10-17,8478009,2,30,1,3.031,2.031,Ilya Sorokin
20242025,2024020068,2024-10-17,8480981,19,34,0,2.532,2.532,Joel Hofer
20242025,2024020069,2024-10-17,8475717,22,27,2,2.443,0.443,Calvin Pickard
20242025,2024020069,2024-10-17,8477424,18,35,3,3.343,0.343,Juuse Saros
20242025,2024020070,2024-10-17,8475852,16,22,2,1.876,-0.124,Petr Mrazek
20242025,2024020070,2024-10-17,8477970,28,27,4,2.78,-1.22,Vitek Vanecek
20242025,2024020071,2024-10-17,8475831,55,25,4,1.881,-2.119,Philipp Grubauer
20242025,2024020071,2024-10-17,8478905,4,24,5,2.239,-2.761,Ivan Fedotov
20242025,2024020071,2024-10-17,8481035,4,5,1,0.426,-0.574,Samuel Ersson
20242025,2024020072,2024-10-18,8475883,12,26,1,2.868,1.868,Frederik Andersen
20242025,2024020072,2024-10-18,8482446,5,38,4,4.328,0.328,Joel Blomqvist
20242025,2024020073,2024-10-18,8476945,52,22,3,1.296,-1.704,Connor Hellebuyck
20242025,2024020073,2024-10-18,8477970,28,18,3,2.174,-0.826,Vitek Vanecek
20242025,2024020073,2024-10-18,8478406,28,18,5,1.818,-3.182,Mackenzie Blackwood
20242025,2024020074,2024-10-18,8480382,21,19,3,2.639,-0.361,Alexandar Georgiev
20242025,2024020074,2024-10-18,8480843,24,49,4,6.946,2.946,Lukas Dostal
20242025,2024020075,2024-10-19,8476341,9,29,4,2.641,-1.359,Anton Forsberg
20242025,2024020075,2024-10-19,8476883,14,28,5,2.838,-2.162,Andrei Vasilevskiy
20242025,2024020076,2024-10-19,8477424,18,22,3,2.564,-0.436,Juuse Saros
20242025,2024020076,2024-10-19,8479312,17,39,2,3.107,1.107,Alex Lyon
20242025,2024020077,2024-10-19,8479973,22,23,3,2.22,-0.78,Stuart Skinner
20242025,2024020077,2024-10-19,8479979,25,31,1,2.766,1.766,Jake Oettinger
20242025,2024020078,2024-10-19,8475683,13,26,3,2.837,-0.163,Sergei Bobrovsky
20242025,2024020078,2024-10-19,8478492,54,49,4,3.974,-0.026,Ilya Samsonov
20242025,2024020079,2024-10-19,8476932,10,27,2,2.509,0.509,Anthony Stolarz
20242025,2024020079,2024-10-19,8478048,3,35,1,3.411,2.411,Igor Shesterkin
20242025,2024020080,2024-10-19,8474593,1,37,6,3.416,-2.584,Jacob Markstrom
20242025,2024020080,2024-10-19,8480313,15,31,5,3.69,-1.31,Logan Thompson
20242025,2024020081,2024-10-19,8473575,2,24,3,2.446,-0.554,Semyon Varlamov
20242025,2024020081,2024-10-19,8480051,8,36,3,3.922,0.922,Cayden Primeau
20242025,2024020082,2024-10-19,8480947,23,26,0,1.84,1.84,Kevin Lankinen
20242025,2024020082,2024-10-19,8481035,4,32,3,2.21,-0.79,Samuel Ersson
20242025,2024020083,2024-10-19,8479406,30,24,1,2.147,1.147,Filip Gustavsson
20242025,2024020083,2024-10-19,8480193,29,34,3,3.341,0.341,Daniil Tarasov
20242025,2024020084,2024-10-19,8480981,19,40,3,3.541,0.541,Joel Hofer
20242025,2024020084,2024-10-19,8481611,12,19,4,1.57,-2.43,Pyotr Kochetkov
20242025,2024020085,2024-10-19,8480045,7,37,2,3.102,1.102,Ukko-Pekka Luukkonen
20242025,2024020085,2024-10-19,8482821,16,21,3,1.516,-1.484,Arvid Soderblom
20242025,2024020086,2024-10-19,8478971,59,22,1,1.635,0.635,Connor Ingram
20242025,2024020086,2024-10-19,8480280,6,32,2,2.904,0.904,Jeremy Swayman
20242025,2024020087,2024-10-19,8478435,20,23,2,2.028,0.028,Dan Vladar
20242025,2024020087,2024-10-19,8478916,55,22,1,1.678,0.678,Joey Daccord
20242025,2024020088,2024-10-20,8477480,52,42,3,4.079,1.079,Eric Comrie
20242025,2024020088,2024-10-20,8477968,5,36,5,4.331,-0.669,Alex Nedeljkovic
20242025,2024020089,2024-10-20,8477970,28,21,3,2.873,-0.127,Vitek Vanecek
20242025,2024020089,2024-10-20,8481020,21,26,1,1.608,0.608,Justus Annunen
20242025,2024020090,2024-10-20,8479496,26,14,1,1.673,0.673,David Rittich
20242025,2024020090,2024-10-20,8480843,24,34,2,3.057,1.057,Lukas Dostal
20242025,2024020091,2024-10-21,8476883,14,14,4,1.787,-2.213,Andrei Vasilevskiy
20242025,2024020091,2024-10-21,8476932,10,34,2,3.956,1.956,Anthony Stolarz
20242025,2024020091,2024-10-21,8477992,14,15,1,1.527,0.527,Jonas Johansson
20242025,2024020092,2024-10-22,8479292,15,18,1,1.682,0.682,Charlie Lindgren
20242025,2024020092,2024-10-22,8481035,4,29,4,1.459,-2.541,Samuel Ersson
20242025,2024020093,2024-10-22,8475683,13,16,5,1.375,-3.625,Sergei Bobrovsky
20242025,2024020093,2024-10-22,8479406,30,25,1,2.164,1.164,Filip Gustavsson
20242025,2024020093,2024-10-22,8481519,13,6,0,0.385,0.385,Spencer Knight
20242025,2024020094,2024-10-22,8474596,1,37,8,4.184,-3.816,Jake Allen
20242025,2024020094,2024-10-22,8477992,14,35,5,3.954,-1.046,Jonas Johansson
20242025,2024020095,2024-10-22,8479979,25,24,3,3.252,0.252,Jake Oettinger
20242025,2024020095,2024-10-22,8480045,7,30,2,2.741,0.741,Ukko-Pekka Luukkonen
20242025,2024020096,2024-10-22,8478048,3,23,2,2.329,0.329,Igor Shesterkin
20242025,2024020096,2024-10-22,8478470,8,10,4,1.3,-2.7,Samuel Montembeault
20242025,2024020096,2024-10-22,8480051,8,35,3,4.726,1.726,Cayden Primeau
20242025,2024020097,2024-10-22,8480193,29,28,2,2.864,0.864,Daniil Tarasov
20242025,2024020097,2024-10-22,8483710,10,38,6,3.924,-2.076,Dennis Hildeby
20242025,2024020098,2024-10-22,8478009,2,11,1,0.942,-0.058,Ilya Sorokin
20242025,2024020098,2024-10-22,8479312,17,30,0,2.608,2.608,Alex Lyon
20242025,2024020099,2024-10-22,8476412,19,24,3,1.748,-1.252,Jordan Binnington
20242025,2024020099,2024-10-22,8476945,52,29,2,3.008,1.008,Connor Hellebuyck
20242025,2024020100,2024-10-22,8475852,16,30,6,3.254,-2.746,Petr Mrazek
20242025,2024020100,2024-10-22,8480947,23,34,3,3.346,0.346,Kevin Lankinen
20242025,2024020101,2024-10-22,8477424,18,33,0,3.534,3.534,Juuse Saros
20242025,2024020101,2024-10-22,8480280,6,41,3,3.799,0.799,Jeremy Swayman
20242025,2024020102,2024-10-22,8477968,5,25,3,2.138,-0.862,Alex Nedeljkovic
20242025,2024020102,2024-10-22,8481692,20,38,3,3.109,0.109,Dustin Wolf
20242025,2024020103,2024-10-22,8475883,12,35,2,4.879,2.879,Frederik Andersen
20242025,2024020103,2024-10-22,8479973,22,33,3,4.803,1.803,Stuart Skinner
20242025,2024020104,2024-10-22,8476341,9,31,0,3.138,3.138,Anton Forsberg
20242025,2024020104,2024-10-22,8478872,59,14,0,1.442,1.442,Karel Vejmelka
20242025,2024020104,2024-10-22,8478971,59,8,4,1.805,-2.195,Connor Ingram
20242025,2024020105,2024-10-22,8478406,28,39,2,3.341,1.341,Mackenzie Blackwood
20242025,2024020105,2024-10-22,8480843,24,28,1,2.109,1.109,Lukas Dostal
20242025,2024020106,2024-10-22,8475831,55,28,3,2.54,-0.46,Philipp Grubauer
20242025,2024020106,2024-10-22,8481020,21,27,2,2.18,0.18,Justus Annunen
20242025,2024020107,2024-10-22,8478492,54,35,1,3.514,2.514,Ilya Samsonov
20242025,2024020107,2024-10-22,8479496,26,30,6,3.63,-2.37,David Rittich
20242025,2024020108,2024-10-23,8478905,4,23,4,2.398,-1.602,Ivan Fedotov
20242025,2024020108,2024-10-23,8480313,15,29,3,3.346,0.346,Logan Thompson
20242025,2024020109,2024-10-24,8479193,25,27,2,2.558,0.558,Casey DeSmith
20242025,2024020109,2024-10-24,8480280,6,31,4,2.821,-1.179,Jeremy Swayman
20242025,2024020110,2024-10-24,8476412,19,41,1,3.939,2.939,Jordan Binnington
20242025,2024020110,2024-10-24,8479361,10,26,4,2.438,-1.562,Joseph Woll
20242025,2024020111,2024-10-24,8474593,1,19,4,1.489,-2.511,Jacob Markstrom
20242025,2024020111,2024-10-24,8475660,17,40,3,3.904,0.904,Cam Talbot
20242025,2024020112,2024-10-24,8470594,30,26,2,2.05,0.05,Marc-Andre Fleury
20242025,2024020112,2024-10-24,8476883,14,17,3,1.311,-1.689,Andrei Vasilevskiy
20242025,2024020113,2024-10-24,8475683,13,25,1,2.349,1.349,Sergei Bobrovsky
20242025,2024020113,2024-10-24,8478048,3,29,3,3.187,0.187,Igor Shesterkin
20242025,2024020114,2024-10-24,8478435,20,42,3,4.502,1.502,Dan Vladar
20242025,2024020114,2024-10-24,8481611,12,32,2,3.348,1.348,Pyotr Kochetkov
20242025,2024020115,2024-10-24,8478872,59,26,5,2.577,-2.423,Karel Vejmelka
20242025,2024020115,2024-10-24,8481020,21,26,1,2.664,1.664,Justus Annunen
20242025,2024020116,2024-10-24,8476945,52,32,3,2.135,-0.865,Connor Hellebuyck
20242025,2024020116,2024-10-24,8478916,55,36,4,2.96,-1.04,Joey Daccord
20242025,2024020117,2024-10-24,8478406,28,30,3,3.495,0.495,Mackenzie Blackwood
20242025,2024020117,2024-10-24,8479496,26,26,2,1.638,-0.362,David Rittich
20242025,2024020118,2024-10-25,8476999,9,27,5,2.274,-2.726,Linus Ullmark
20242025,2024020118,2024-10-25,8478499,54,39,4,2.641,-1.359,Adin Hill
20242025,2024020119,2024-10-25,8474596,1,30,4,2.976,-1.024,Jake Allen
20242025,2024020119,2024-10-25,8478009,2,36,3,4.075,1.075,Ilya Sorokin
20242025,2024020120,2024-10-25,8475852,16,34,3,3.273,0.273,Petr Mrazek
20242025,2024020120,2024-10-25,8477424,18,29,2,3.205,1.205,Juuse Saros
20242025,2024020121,2024-10-25,8479973,22,27,0,2.791,2.791,Stuart Skinner
20242025,2024020121,2024-10-25,8482446,5,50,4,4.98,0.98,Joel Blomqvist
20242025,2024020122,2024-10-26,8479312,17,38,4,3.079,-0.921,Alex Lyon
20242025,2024020122,2024-10-26,8480045,7,25,3,2.002,-0.998,Ukko-Pekka Luukkonen
20242025,2024020123,2024-10-26,8479406,30,22,6,2.934,-3.066,Filip Gustavsson
20242025,2024020123,2024-10-26,8481035,4,26,5,2.67,-2.33,Samuel Ersson
20242025,2024020124,2024-10-26,8475311,26,26,2,2.06,0.06,Darcy Kuemper
20242025,2024020124,2024-10-26,8478971,59,23,3,2.229,-0.771,Connor Ingram
20242025,2024020125,2024-10-26,8476932,10,34,4,3.693,-0.307,Anthony Stolarz
20242025,2024020125,2024-10-26,8480280,6,23,3,2.764,-0.236,Jeremy Swayman
20242025,2024020126,2024-10-26,8476412,19,25,4,2.501,-1.499,Jordan Binnington
20242025,2024020126,2024-10-26,8478470,8,31,2,3.49,1.49,Samuel Montembeault
20242025,2024020127,2024-10-26,8476883,14,32,0,2.055,2.055,Andrei Vasilevskiy
20242025,2024020127,2024-10-26,8479292,15,21,3,1.676,-1.324,Charlie Lindgren
20242025,2024020128,2024-10-26,8471734,3,33,1,2.492,1.492,Jonathan Quick
20242025,2024020128,2024-10-26,8480843,24,32,2,3.098,1.098,Lukas Dostal
20242025,2024020129,2024-10-26,8477480,52,29,3,1.956,-1.044,Eric Comrie
20242025,2024020129,2024-10-26,8481692,20,34,4,2.638,-1.362,Dustin Wolf
20242025,2024020130,2024-10-26,8473575,2,28,5,3.849,-1.151,Semyon Varlamov
20242025,2024020130,2024-10-26,8481519,13,28,3,3.369,0.369,Spencer Knight
20242025,2024020131,2024-10-26,8475809,18,28,3,2.824,-0.176,Scott Wedgewood
20242025,2024020131,2024-10-26,8480193,29,33,4,2.63,-1.37,Daniil Tarasov
20242025,2024020132,2024-10-26,8475852,16,29,3,3.762,0.762,Petr Mrazek
20242025,2024020132,2024-10-26,8479979,25,24,2,1.955,-0.045,Jake Oettinger
20242025,2024020133,2024-10-26,8477968,5,34,4,4.179,0.179,Alex Nedeljkovic
20242025,2024020133,2024-10-26,8480947,23,24,3,1.806,-1.194,Kevin Lankinen
20242025,2024020134,2024-10-26,8477970,28,42,7,4.033,-2.967,Vitek Vanecek
20242025,2024020134,2024-10-26,8478492,54,26,3,2.379,-0.621,Ilya Samsonov
20242025,2024020135,2024-10-26,8475883,12,19,1,2.071,1.071,Frederik Andersen
20242025,2024020135,2024-10-26,8478916,55,38,3,3.354,0.354,Joey Daccord
20242025,2024020136,2024-10-27,8475660,17,34,3,3.573,0.573,Cam Talbot
20242025,2024020136,2024-10-27,8475717,22,26,2,2.357,0.357,Calvin Pickard
20242025,2024020137,2024-10-27,8473503,24,34,6,4.382,-1.618,James Reimer
20242025,2024020137,2024-10-27,8474593,1,26,2,2.246,0.246,Jacob Markstrom
20242025,2024020138,2024-10-27,8480051,8,26,3,2.169,-0.831,Cayden Primeau
20242025,2024020138,2024-10-27,8482783,4,24,4,2.405,-1.595,Aleksei Kolosov
20242025,2024020139,2024-10-27,8476341,9,29,4,3.323,-0.677,Anton Forsberg
20242025,2024020139,2024-10-27,8476999,9,2,0,0.186,0.186,Linus Ullmark
20242025,2024020139,2024-10-27,8481020,21,30,4,3.049,-0.951,Justus Annunen
20242025,2024020140,2024-10-28,8475683,13,28,2,2.113,0.113,Sergei Bobrovsky
20242025,2024020140,2024-10-28,8480045,7,31,5,3.152,-1.848,Ukko-Pekka Luukkonen
20242025,2024020141,2024-10-28,8476883,14,37,2,3.007,1.007,Andrei Vasilevskiy
20242025,2024020141,2024-10-28,8477424,18,27,3,4.183,1.183,Juuse Saros
20242025,2024020142,2024-10-28,8478007,29,32,1,2.584,1.584,Elvis Merzlikins
20242025,2024020142,2024-10-28,8479973,22,25,6,2.225,-3.775,Stuart Skinner
20242025,2024020143,2024-10-28,8476932,10,23,4,1.34,-2.66,Anthony Stolarz
20242025,2024020143,2024-10-28,8476945,52,35,5,3.651,-1.349,Connor Hellebuyck
20242025,2024020144,2024-10-28,8475852,16,26,2,2.825,0.825,Petr Mrazek
20242025,2024020144,2024-10-28,8480382,21,24,3,2.635,-0.365,Alexandar Georgiev
20242025,2024020145,2024-10-28,8478406,28,23,4,2.223,-1.777,Mackenzie Blackwood
20242025,2024020145,2024-10-28,8478971,59,46,5,5.291,0.291,Connor Ingram
20242025,2024020146,2024-10-28,8480947,23,32,4,3.958,-0.042,Kevin Lankinen
20242025,2024020146,2024-10-28,8481611,12,27,3,2.928,-0.072,Pyotr Kochetkov
20242025,2024020147,2024-10-28,8478435,20,38,5,4.577,-0.423,Dan Vladar
20242025,2024020147,2024-10-28,8478499,54,16,0,1.281,1.281,Adin Hill
20242025,2024020148,2024-10-29,8476914,6,18,1,2.264,1.264,Joonas Korpisalo
20242025,2024020148,2024-10-29,8481035,4,25,0,2.055,2.055,Samuel Ersson
20242025,2024020149,2024-10-29,8478470,8,10,5,1.228,-3.772,Samuel Montembeault
20242025,2024020149,2024-10-29,8478916,55,30,2,2.897,0.897,Joey Daccord
20242025,2024020149,2024-10-29,8480051,8,13,3,2.2,-0.8,Cayden Primeau
20242025,2024020150,2024-10-29,8476412,19,14,3,1.066,-1.934,Jordan Binnington
20242025,2024020150,2024-10-29,8476999,9,27,1,2.221,1.221,Linus Ullmark
20242025,2024020150,2024-10-29,8480981,19,21,5,1.863,-3.137,Joel Hofer
20242025,2024020151,2024-10-29,8478048,3,45,4,6.288,2.288,Igor Shesterkin
20242025,2024020151,2024-10-29,8480313,15,19,3,1.901,-1.099,Logan Thompson
20242025,2024020152,2024-10-29,8478009,2,21,2,1.604,-0.396,Ilya Sorokin
20242025,2024020152,2024-10-29,8480843,24,41,1,3.434,2.434,Lukas Dostal
20242025,2024020153,2024-10-29,8470594,30,29,3,2.197,-0.803,Marc-Andre Fleury
20242025,2024020153,2024-10-29,8482446,5,39,4,3.15,-0.85,Joel Blomqvist
20242025,2024020154,2024-10-29,8477970,28,28,2,2.294,0.294,Vitek Vanecek
20242025,2024020154,2024-10-29,8479496,26,20,3,2.41,-0.59,David Rittich
20242025,2024020155,2024-10-30,8473575,2,25,1,1.955,0.955,Semyon Varlamov
20242025,2024020155,2024-10-30,8478007,29,26,0,2.121,2.121,Elvis Merzlikins
20242025,2024020156,2024-10-30,8476945,52,21,2,1.047,-0.953,Connor Hellebuyck
20242025,2024020156,2024-10-30,8479312,17,29,6,3.003,-2.997,Alex Lyon
20242025,2024020157,2024-10-30,8476883,14,35,2,3.069,1.069,Andrei Vasilevskiy
20242025,2024020157,2024-10-30,8478039,21,20,4,1.79,-2.21,Kaapo Kahkonen
20242025,2024020158,2024-10-30,8478971,59,31,1,2.398,1.398,Connor Ingram
20242025,2024020158,2024-10-30,8481692,20,28,5,3.175,-1.825,Dustin Wolf
20242025,2024020159,2024-10-30,8474593,1,20,0,1.181,1.181,Jacob Markstrom
20242025,2024020159,2024-10-30,8481668,23,22,6,2.993,-3.007,Arturs Silovs
20242025,2024020160,2024-10-30,8475311,26,26,3,2.255,-0.745,Darcy Kuemper
20242025,2024020160,2024-10-30,8478492,54,27,6,2.314,-3.686,Ilya Samsonov
20242025,2024020161,2024-10-31,8478916,55,29,3,2.914,-0.086,Joey Daccord
20242025,2024020161,2024-10-31,8479361,10,25,1,1.457,0.457,Joseph Woll
20242025,2024020162,2024-10-31,8476412,19,21,2,1.278,-0.722,Jordan Binnington
20242025,2024020162,2024-10-31,8481035,4,21,1,1.542,0.542,Samuel Ersson
20242025,2024020163,2024-10-31,8477968,5,23,1,1.991,0.991,Alex Nedeljkovic
20242025,2024020163,2024-10-31,8480843,24,45,2,4.419,2.419,Lukas Dostal
20242025,2024020164,2024-10-31,8479292,15,15,3,1.39,-1.61,Charlie Lindgren
20242025,2024020164,2024-10-31,8480051,8,34,6,3.846,-2.154,Cayden Primeau
20242025,2024020165,2024-10-31,8476914,6,15,2,1.134,-0.866,Joonas Korpisalo
20242025,2024020165,2024-10-31,8480280,6,22,6,2.667,-3.333,Jeremy Swayman
20242025,2024020165,2024-10-31,8481611,12,15,2,1.775,-0.225,Pyotr Kochetkov
20242025,2024020166,2024-10-31,8475717,22,27,1,2.302,1.302,Calvin Pickard
20242025,2024020166,2024-10-31,8477424,18,29,5,2.168,-2.832,Juuse Saros
20242025,2024020167,2024-10-31,8475852,16,29,3,2.214,-0.786,Petr Mrazek
20242025,2024020167,2024-10-31,8478406,28,29,2,2.902,0.902,Mackenzie Blackwood
20242025,2024020168,2024-11-01,8475683,13,36,4,4.108,0.108,Sergei Bobrovsky
20242025,2024020168,2024-11-01,8479979,25,28,6,2.225,-3.775,Jake Oettinger
20242025,2024020169,2024-11-01,8478009,2,35,3,3.471,0.471,Ilya Sorokin
20242025,2024020169,2024-11-01,8482221,7,36,4,3.583,-0.417,Devon Levi
20242025,2024020170,2024-11-01,8476999,9,18,2,1.678,-0.322,Linus Ullmark
20242025,2024020170,2024-11-01,8478048,3,41,1,3.06,2.06,Igor Shesterkin
20242025,2024020171,2024-11-01,8477480,52,22,2,1.696,-0.304,Eric Comrie
20242025,2024020171,2024-11-01,8478007,29,44,6,4.971,-1.029,Elvis Merzlikins
20242025,2024020172,2024-11-01,8476883,14,20,3,1.408,-1.592,Andrei Vasilevskiy
20242025,2024020172,2024-11-01,8479406,30,30,3,2.66,-0.34,Filip Gustavsson
20242025,2024020173,2024-11-01,8474593,1,31,2,1.798,-0.202,Jacob Markstrom
20242025,2024020173,2024-11-01,8478435,20,22,0,1.877,1.877,Dan Vladar
20242025,2024020174,2024-11-02,8479193,25,24,3,2.345,-0.655,Casey DeSmith
20242025,2024020174,2024-11-02,8481519,13,25,2,1.973,-0.027,Spencer Knight
20242025,2024020175,2024-11-02,8476914,6,20,0,1.48,1.48,Joonas Korpisalo
20242025,2024020175,2024-11-02,8481035,4,8,0,0.28,0.28,Samuel Ersson
20242025,2024020175,2024-11-02,8482783,4,22,2,1.933,-0.067,Aleksei Kolosov
20242025,2024020176,2024-11-02,8475311,26,21,3,1.808,-1.192,Darcy Kuemper
20242025,2024020176,2024-11-02,8475852,16,40,3,3.534,0.534,Petr Mrazek
20242025,2024020177,2024-11-02,8480193,29,22,7,3.572,-3.428,Daniil Tarasov
20242025,2024020177,2024-11-02,8480313,15,36,2,3.079,1.079,Logan Thompson
20242025,2024020178,2024-11-02,8475831,55,22,2,2.498,0.498,Philipp Grubauer
20242025,2024020178,2024-11-02,8476341,9,22,0,1.596,1.596,Anton Forsberg
20242025,2024020179,2024-11-02,8475660,17,32,1,3.556,2.556,Cam Talbot
20242025,2024020179,2024-11-02,8480045,7,23,2,2.415,0.415,Ukko-Pekka Luukkonen
20242025,2024020180,2024-11-02,8477968,5,26,1,2.427,1.427,Alex Nedeljkovic
20242025,2024020180,2024-11-02,8478470,8,23,2,2.019,0.019,Samuel Montembeault
20242025,2024020181,2024-11-02,8476412,19,37,2,4.503,2.503,Jordan Binnington
20242025,2024020181,2024-11-02,8479361,10,23,3,2.409,-0.591,Joseph Woll
20242025,2024020182,2024-11-02,8477424,18,31,2,2.633,0.633,Juuse Saros
20242025,2024020182,2024-11-02,8481020,21,24,3,1.926,-1.074,Justus Annunen
20242025,2024020183,2024-11-02,8478499,54,19,3,1.738,-1.262,Adin Hill
20242025,2024020183,2024-11-02,8478971,59,35,4,3.787,-0.213,Connor Ingram
20242025,2024020184,2024-11-02,8478406,28,28,3,2.482,-0.518,Mackenzie Blackwood
20242025,2024020184,2024-11-02,8480947,23,23,2,1.675,-0.325,Kevin Lankinen
20242025,2024020185,2024-11-03,8478009,2,39,4,3.935,-0.065,Ilya Sorokin
20242025,2024020185,2024-11-03,8478048,3,37,2,4.184,2.184,Igor Shesterkin
20242025,2024020186,2024-11-03,8476945,52,30,4,2.459,-1.541,Connor Hellebuyck
20242025,2024020186,2024-11-03,8477992,14,32,5,3.342,-1.658,Jonas Johansson
20242025,2024020187,2024-11-03,8478916,55,33,2,3.643,1.643,Joey Daccord
20242025,2024020187,2024-11-03,8480280,6,23,0,2.213,2.213,Jeremy Swayman
20242025,2024020188,2024-11-03,8479292,15,44,3,4.104,1.104,Charlie Lindgren
20242025,2024020188,2024-11-03,8481611,12,21,2,2.954,0.954,Pyotr Kochetkov
20242025,2024020189,2024-11-03,8476932,10,33,2,3.309,1.309,Anthony Stolarz
20242025,2024020189,2024-11-03,8479406,30,28,1,2.317,1.317,Filip Gustavsson
20242025,2024020190,2024-11-03,8478435,20,30,3,2.609,-0.391,Dan Vladar
20242025,2024020190,2024-11-03,8479973,22,31,2,2.634,0.634,Stuart Skinner
20242025,2024020191,2024-11-03,8480843,24,29,4,3.672,-0.328,Lukas Dostal
20242025,2024020191,2024-11-03,8482821,16,40,2,4.579,2.579,Arvid Soderblom
20242025,2024020192,2024-11-04,8475311,26,16,0,0.999,0.999,Darcy Kuemper
20242025,2024020192,2024-11-04,8477424,18,26,2,2.583,0.583,Juuse Saros
20242025,2024020193,2024-11-04,8474596,1,31,0,2.904,2.904,Jake Allen
20242025,2024020193,2024-11-04,8475717,22,16,3,1.448,-1.552,Calvin Pickard
20242025,2024020194,2024-11-05,8476999,9,34,5,4.094,-0.906,Linus Ullmark
20242025,2024020194,2024-11-05,8480045,7,38,1,3.651,2.651,Ukko-Pekka Luukkonen
20242025,2024020195,2024-11-05,8476932,10,29,0,2.605,2.605,Anthony Stolarz
20242025,2024020195,2024-11-05,8480280,6,26,3,2.173,-0.827,Jeremy Swayman
20242025,2024020196,2024-11-05,8478470,8,35,3,3.408,0.408,Samuel Montembeault
20242025,2024020196,2024-11-05,8481692,20,24,2,2.611,0.611,Dustin Wolf
20242025,2024020197,2024-11-05,8481611,12,16,4,2.041,-1.959,Pyotr Kochetkov
20242025,2024020197,2024-11-05,8482783,4,34,5,3.47,-1.53,Aleksei Kolosov
20242025,2024020198,2024-11-05,8477968,5,26,3,2.461,-0.539,Alex Nedeljkovic
20242025,2024020198,2024-11-05,8478009,2,35,3,3.472,0.472,Ilya Sorokin
20242025,2024020199,2024-11-05,8476412,19,23,2,2.032,0.032,Jordan Binnington
20242025,2024020199,2024-11-05,8476883,14,23,3,2.117,-0.883,Andrei Vasilevskiy
20242025,2024020200,2024-11-05,8479406,30,27,4,3.136,-0.864,Filip Gustavsson
20242025,2024020200,2024-11-05,8479496,26,24,1,1.292,0.292,David Rittich
20242025,2024020201,2024-11-05,8476945,52,21,0,1.902,1.902,Connor Hellebuyck
20242025,2024020201,2024-11-05,8478872,59,27,2,2.367,0.367,Karel Vejmelka
20242025,2024020202,2024-11-05,8475831,55,31,5,3.411,-1.589,Philipp Grubauer
20242025,2024020202,2024-11-05,8481020,21,20,3,2.081,-0.919,Justus Annunen
20242025,2024020203,2024-11-05,8480843,24,37,5,3.935,-1.065,Lukas Dostal
20242025,2024020203,2024-11-05,8480947,23,22,1,1.725,0.725,Kevin Lankinen
20242025,2024020204,2024-11-05,8477970,28,50,1,4.731,3.731,Vitek Vanecek
20242025,2024020204,2024-11-05,8478007,29,27,2,1.77,-0.23,Elvis Merzlikins
20242025,2024020205,2024-11-06,8477424,18,36,3,3.635,0.635,Juuse Saros
20242025,2024020205,2024-11-06,8480313,15,35,2,2.952,0.952,Logan Thompson
20242025,2024020206,2024-11-06,8475660,17,29,1,1.976,0.976,Cam Talbot
20242025,2024020206,2024-11-06,8475852,16,24,3,2.567,-0.433,Petr Mrazek
20242025,2024020207,2024-11-06,8478499,54,29,2,3.018,1.018,Adin Hill
20242025,2024020207,2024-11-06,8479973,22,34,3,3.04,0.04,Stuart Skinner
20242025,2024020208,2024-11-07,8476914,6,37,3,2.613,-0.387,Joonas Korpisalo
20242025,2024020208,2024-11-07,8481692,20,38,4,3.383,-0.617,Dustin Wolf
20242025,2024020209,2024-11-07,8473575,2,30,2,2.739,0.739,Semyon Varlamov
20242025,2024020209,2024-11-07,8476341,9,24,3,2.813,-0.187,Anton Forsberg
20242025,2024020210,2024-11-07,8476883,14,31,1,2.573,1.573,Andrei Vasilevskiy
20242025,2024020210,2024-11-07,8478905,4,23,1,2.185,1.185,Ivan Fedotov
20242025,2024020211,2024-11-07,8475683,13,18,2,1.661,-0.339,Sergei Bobrovsky
20242025,2024020211,2024-11-07,8475809,18,34,6,3.298,-2.702,Scott Wedgewood
20242025,2024020212,2024-11-07,8474593,1,24,3,2.454,-0.546,Jacob Markstrom
20242025,2024020212,2024-11-07,8478470,8,26,4,3.376,-0.624,Samuel Montembeault
20242025,2024020213,2024-11-07,8471734,3,10,1,1.056,0.056,Jonathan Quick
20242025,2024020213,2024-11-07,8478048,3,12,5,1.608,-3.392,Igor Shesterkin
20242025,2024020213,2024-11-07,8480045,7,26,1,2.715,1.715,Ukko-Pekka Luukkonen
20242025,2024020214,2024-11-07,8477968,5,18,5,2.245,-2.755,Alex Nedeljkovic
20242025,2024020214,2024-11-07,8481611,12,36,1,3.864,2.864,Pyotr Kochetkov
20242025,2024020215,2024-11-07,8478971,59,15,2,1.688,-0.312,Connor Ingram
20242025,2024020215,2024-11-07,8480981,19,30,3,2.578,-0.422,Joel Hofer
20242025,2024020216,2024-11-07,8479979,25,26,1,2.565,1.565,Jake Oettinger
20242025,2024020216,2024-11-07,8482821,16,39,2,5.021,3.021,Arvid Soderblom
20242025,2024020217,2024-11-07,8476945,52,35,0,3.538,3.538,Connor Hellebuyck
20242025,2024020217,2024-11-07,8480382,21,28,1,2.146,1.146,Alexandar Georgiev
20242025,2024020218,2024-11-07,8475311,26,23,3,3.469,0.469,Darcy Kuemper
20242025,2024020218,2024-11-07,8480947,23,28,2,1.614,-0.386,Kevin Lankinen
20242025,2024020219,2024-11-07,8470594,30,26,2,1.888,-0.112,Marc-Andre Fleury
20242025,2024020219,2024-11-07,8477970,28,30,4,2.654,-1.346,Vitek Vanecek
20242025,2024020220,2024-11-08,8475660,17,19,2,1.745,-0.255,Cam Talbot
20242025,2024020220,2024-11-08,8476932,10,22,1,2.337,1.337,Anthony Stolarz
20242025,2024020221,2024-11-08,8479292,15,31,3,2.629,-0.371,Charlie Lindgren
20242025,2024020221,2024-11-08,8482446,5,34,2,4.596,2.596,Joel Blomqvist
20242025,2024020222,2024-11-08,8479406,30,35,2,3.875,1.875,Filip Gustavsson
20242025,2024020222,2024-11-08,8480843,24,31,5,3.807,-1.193,Lukas Dostal
20242025,2024020223,2024-11-08,8478499,54,32,4,3.437,-0.563,Adin Hill
20242025,2024020223,2024-11-08,8478916,55,24,3,2.658,-0.342,Joey Daccord
20242025,2024020224,2024-11-09,8478435,20,19,2,2.192,0.192,Dan Vladar
20242025,2024020224,2024-11-09,8480045,7,26,2,1.919,-0.081,Ukko-Pekka Luukkonen
20242025,2024020225,2024-11-09,8475683,13,37,3,4.395,1.395,Sergei Bobrovsky
20242025,2024020225,2024-11-09,8481035,4,31,3,2.522,-0.478,Samuel Ersson
20242025,2024020226,2024-11-09,8476999,9,16,2,1.983,-0.017,Linus Ullmark
20242025,2024020226,2024-11-09,8480280,6,34,3,3.053,0.053,Jeremy Swayman
20242025,2024020227,2024-11-09,8478470,8,27,4,2.867,-1.133,Samuel Montembeault
20242025,2024020227,2024-11-09,8479361,10,21,1,2.289,1.289,Joseph Woll
20242025,2024020228,2024-11-09,8471734,3,37,0,3.687,3.687,Jonathan Quick
20242025,2024020228,2024-11-09,8478024,17,23,3,1.867,-1.133,Ville Husso
20242025,2024020229,2024-11-09,8476412,19,27,8,2.825,-5.175,Jordan Binnington
20242025,2024020229,2024-11-09,8480313,15,25,1,2.493,1.493,Logan Thompson
20242025,2024020230,2024-11-09,8476945,52,33,1,2.723,1.723,Connor Hellebuyck
20242025,2024020230,2024-11-09,8479193,25,10,0,1.536,1.536,Casey DeSmith
20242025,2024020230,2024-11-09,8479979,25,15,4,2.845,-1.155,Jake Oettinger
20242025,2024020231,2024-11-09,8474593,1,22,3,2.514,-0.486,Jacob Markstrom
20242025,2024020231,2024-11-09,8478009,2,33,4,3.821,-0.179,Ilya Sorokin
20242025,2024020232,2024-11-09,8477424,18,27,0,2.393,2.393,Juuse Saros
20242025,2024020232,2024-11-09,8478971,59,20,3,2.418,-0.582,Connor Ingram
20242025,2024020233,2024-11-09,8477484,12,28,5,4.423,-0.577,Spencer Martin
20242025,2024020233,2024-11-09,8480382,21,31,4,3.57,-0.43,Alexandar Georgiev
20242025,2024020234,2024-11-09,8478007,29,22,4,1.805,-2.195,Elvis Merzlikins
20242025,2024020234,2024-11-09,8479496,26,26,2,3.087,1.087,David Rittich
20242025,2024020235,2024-11-09,8479973,22,20,3,1.6,-1.4,Stuart Skinner
20242025,2024020235,2024-11-09,8480947,23,27,7,3.818,-3.182,Kevin Lankinen
20242025,2024020235,2024-11-09,8481668,23,4,0,0.23,0.23,Arturs Silovs
20242025,2024020236,2024-11-10,8474596,1,27,1,2.442,1.442,Jake Allen
20242025,2024020236,2024-11-10,8478406,28,44,0,3.054,3.054,Mackenzie Blackwood
20242025,2024020237,2024-11-10,8475852,16,33,1,2.444,1.444,Petr Mrazek
20242025,2024020237,2024-11-10,8479406,30,22,2,1.443,-0.557,Filip Gustavsson
20242025,2024020238,2024-11-10,8476434,24,40,2,3.33,1.33,John Gibson
20242025,2024020238,2024-11-10,8480193,29,29,3,3.413,0.413,Daniil Tarasov
20242025,2024020239,2024-11-11,8478470,8,4,0,0.524,0.524,Samuel Montembeault
20242025,2024020239,2024-11-11,8480045,7,18,4,2.012,-1.988,Ukko-Pekka Luukkonen
20242025,2024020239,2024-11-11,8480051,8,14,5,1.447,-3.553,Cayden Primeau
20242025,2024020239,2024-11-11,8482221,7,4,2,0.892,-1.108,Devon Levi
20242025,2024020240,2024-11-11,8477970,28,43,3,3.826,0.826,Vitek Vanecek
20242025,2024020240,2024-11-11,8481035,4,31,3,2.671,-0.329,Samuel Ersson
20242025,2024020241,2024-11-11,8477968,5,32,4,3.721,-0.279,Alex Nedeljkovic
20242025,2024020241,2024-11-11,8479979,25,21,1,1.997,0.997,Jake Oettinger
20242025,2024020241,2024-11-11,8482446,5,8,3,0.924,-2.076,Joel Blomqvist
20242025,2024020242,2024-11-11,8475311,26,27,2,2.672,0.672,Darcy Kuemper
20242025,2024020242,2024-11-11,8481692,20,29,1,2.155,1.155,Dustin Wolf
20242025,2024020243,2024-11-11,8477424,18,32,3,3.435,0.435,Juuse Saros
20242025,2024020243,2024-11-11,8480382,21,30,2,2.947,0.947,Alexandar Georgiev
20242025,2024020244,2024-11-11,8478499,54,21,4,2.221,-1.779,Adin Hill
20242025,2024020244,2024-11-11,8481033,54,12,0,1.733,1.733,Akira Schmid
20242025,2024020244,2024-11-11,8481611,12,32,2,2.606,0.606,Pyotr Kochetkov
20242025,2024020245,2024-11-12,8476932,10,41,3,3.215,0.215,Anthony Stolarz
20242025,2024020245,2024-11-12,8476999,9,27,0,2.561,2.561,Linus Ullmark
20242025,2024020246,2024-11-12,8474593,1,35,1,2.787,1.787,Jacob Markstrom
20242025,2024020246,2024-11-12,8481519,13,23,3,2.644,-0.356,Spencer Knight
20242025,2024020247,2024-11-12,8476945,52,36,3,4.145,1.145,Connor Hellebuyck
20242025,2024020247,2024-11-12,8478048,3,32,5,2.735,-2.265,Igor Shesterkin
20242025,2024020248,2024-11-12,8476412,19,30,3,4.001,1.001,Jordan Binnington
20242025,2024020248,2024-11-12,8480280,6,22,2,1.728,-0.272,Jeremy Swayman
20242025,2024020249,2024-11-12,8478009,2,42,4,5.057,1.057,Ilya Sorokin
20242025,2024020249,2024-11-12,8479973,22,22,3,2.305,-0.695,Stuart Skinner
20242025,2024020250,2024-11-12,8478435,20,32,3,3.116,0.116,Dan Vladar
20242025,2024020250,2024-11-12,8480947,23,29,1,2.434,1.434,Kevin Lankinen
20242025,2024020251,2024-11-12,8478007,29,32,4,2.413,-1.587,Elvis Merzlikins
20242025,2024020251,2024-11-12,8478916,55,40,2,3.12,1.12,Joey Daccord
20242025,2024020252,2024-11-13,8475660,17,33,2,2.687,0.687,Cam Talbot
20242025,2024020252,2024-11-13,8477968,5,31,3,1.888,-1.112,Alex Nedeljkovic
20242025,2024020253,2024-11-13,8479361,10,27,3,2.785,-0.215,Joseph Woll
20242025,2024020253,2024-11-13,8480313,15,34,4,4.834,0.834,Logan Thompson
20242025,2024020254,2024-11-13,8477484,12,3,1,0.776,-0.224,Spencer Martin
20242025,2024020254,2024-11-13,8478872,59,50,1,6.243,5.243,Karel Vejmelka
20242025,2024020254,2024-11-13,8481611,12,18,3,1.91,-1.09,Pyotr Kochetkov
20242025,2024020255,2024-11-13,8475311,26,20,2,1.86,-0.14,Darcy Kuemper
20242025,2024020255,2024-11-13,8479496,26,5,1,0.875,-0.125,David Rittich
20242025,2024020255,2024-11-13,8480382,21,15,2,1.338,-0.662,Alexandar Georgiev
20242025,2024020256,2024-11-13,8478499,54,24,2,2.864,0.864,Adin Hill
20242025,2024020256,2024-11-13,8480843,24,39,3,4.738,1.738,Lukas Dostal
20242025,2024020257,2024-11-14,8476412,19,33,4,1.802,-2.198,Jordan Binnington
20242025,2024020257,2024-11-14,8482221,7,27,3,2.318,-0.682,Devon Levi
20242025,2024020258,2024-11-14,8476999,9,19,5,1.765,-3.235,Linus Ullmark
20242025,2024020258,2024-11-14,8478905,4,37,4,4.146,0.146,Ivan Fedotov
20242025,2024020259,2024-11-14,8476883,14,24,1,2.077,1.077,Andrei Vasilevskiy
20242025,2024020259,2024-11-14,8477480,52,28,3,2.868,-0.132,Eric Comrie
20242025,2024020260,2024-11-14,8474596,1,27,2,2.711,0.711,Jake Allen
20242025,2024020260,2024-11-14,8475683,13,28,5,3.337,-1.663,Sergei Bobrovsky
20242025,2024020261,2024-11-14,8478048,3,27,2,1.847,-0.153,Igor Shesterkin
20242025,2024020261,2024-11-14,8478406,28,35,3,2.113,-0.887,Mackenzie Blackwood
20242025,2024020262,2024-11-14,8479979,25,25,2,2.302,0.302,Jake Oettinger
20242025,2024020262,2024-11-14,8480280,6,38,7,4.298,-2.702,Jeremy Swayman
20242025,2024020263,2024-11-14,8478470,8,27,2,2.15,0.15,Samuel Montembeault
20242025,2024020263,2024-11-14,8479406,30,19,0,1.551,1.551,Filip Gustavsson
20242025,2024020264,2024-11-14,8475717,22,22,2,1.853,-0.147,Calvin Pickard
20242025,2024020264,2024-11-14,8475809,18,34,3,4.478,1.478,Scott Wedgewood
20242025,2024020265,2024-11-14,8473575,2,26,2,1.912,-0.088,Semyon Varlamov
20242025,2024020265,2024-11-14,8480947,23,31,4,3.109,-0.891,Kevin Lankinen
20242025,2024020266,2024-11-14,8475852,16,25,2,2.575,0.575,Petr Mrazek
20242025,2024020266,2024-11-14,8478916,55,19,1,1.39,0.39,Joey Daccord
20242025,2024020267,2024-11-15,8477465,5,38,5,4.209,-0.791,Tristan Jarry
20242025,2024020267,2024-11-15,8478007,29,23,2,3.033,1.033,Elvis Merzlikins
20242025,2024020268,2024-11-15,8479292,15,19,2,1.233,-0.767,Charlie Lindgren
20242025,2024020268,2024-11-15,8481020,21,6,3,0.69,-2.31,Justus Annunen
20242025,2024020268,2024-11-15,8481529,21,13,1,0.872,-0.128,Trent Miner
20242025,2024020269,2024-11-15,8477424,18,32,1,3.008,2.008,Juuse Saros
20242025,2024020269,2024-11-15,8481692,20,29,0,2.74,2.74,Dustin Wolf
20242025,2024020270,2024-11-15,8478499,54,32,2,3.271,1.271,Adin Hill
20242025,2024020270,2024-11-15,8478872,59,28,3,2.74,-0.26,Karel Vejmelka
20242025,2024020271,2024-11-15,8476434,24,25,4,2.598,-1.402,John Gibson
20242025,2024020271,2024-11-15,8479312,17,28,5,2.196,-2.804,Alex Lyon
20242025,2024020272,2024-11-16,8476412,19,18,2,1.618,-0.382,Jordan Binnington
20242025,2024020272,2024-11-16,8476914,6,31,3,2.079,-0.921,Joonas Korpisalo
20242025,2024020273,2024-11-16,8478009,2,27,3,1.986,-1.014,Ilya Sorokin
20242025,2024020273,2024-11-16,8478916,55,24,2,2.446,0.446,Joey Daccord
20242025,2024020274,2024-11-16,8476932,10,30,3,2.651,-0.349,Anthony Stolarz
20242025,2024020274,2024-11-16,8479973,22,22,4,2.345,-1.655,Stuart Skinner
20242025,2024020275,2024-11-16,8478470,8,26,1,1.53,0.53,Samuel Montembeault
20242025,2024020275,2024-11-16,8480193,29,30,5,2.884,-2.116,Daniil Tarasov
20242025,2024020276,2024-11-16,8474593,1,26,3,2.415,-0.585,Jacob Markstrom
20242025,2024020276,2024-11-16,8476883,14,29,0,2.177,2.177,Andrei Vasilevskiy
20242025,2024020277,2024-11-16,8475683,13,27,0,1.471,1.471,Sergei Bobrovsky
20242025,2024020277,2024-11-16,8476945,52,31,5,4.206,-0.794,Connor Hellebuyck
20242025,2024020278,2024-11-16,8478905,4,25,2,2.197,0.197,Ivan Fedotov
20242025,2024020278,2024-11-16,8482221,7,31,4,3.542,-0.458,Devon Levi
20242025,2024020279,2024-11-16,8477968,5,29,3,2.15,-0.85,Alex Nedeljkovic
20242025,2024020279,2024-11-16,8477970,28,10,2,1.063,-0.937,Vitek Vanecek
20242025,2024020279,2024-11-16,8478406,28,26,1,2.938,1.938,Mackenzie Blackwood
20242025,2024020280,2024-11-16,8476341,9,27,3,2.947,-0.053,Anton Forsberg
20242025,2024020280,2024-11-16,8477484,12,24,0,2.447,2.447,Spencer Martin
20242025,2024020281,2024-11-16,8479406,30,40,2,3.266,1.266,Filip Gustavsson
20242025,2024020281,2024-11-16,8479979,25,23,1,1.492,0.492,Jake Oettinger
20242025,2024020282,2024-11-16,8475660,17,40,3,3.505,0.505,Cam Talbot
20242025,2024020282,2024-11-16,8479496,26,18,1,1.415,0.415,David Rittich
20242025,2024020283,2024-11-16,8481668,23,29,1,2.723,1.723,Arturs Silovs
20242025,2024020283,2024-11-16,8482821,16,31,2,2.278,0.278,Arvid Soderblom
20242025,2024020284,2024-11-17,8480981,19,24,4,2.917,-1.083,Joel Hofer
20242025,2024020284,2024-11-17,8481611,12,30,1,3.094,2.094,Pyotr Kochetkov
20242025,2024020285,2024-11-17,8477424,18,27,3,2.334,-0.666,Juuse Saros
20242025,2024020285,2024-11-17,8480947,23,21,4,1.407,-2.593,Kevin Lankinen
20242025,2024020286,2024-11-17,8478492,54,24,4,1.236,-2.764,Ilya Samsonov
20242025,2024020286,2024-11-17,8480313,15,42,2,3.947,1.947,Logan Thompson
20242025,2024020287,2024-11-17,8471734,3,24,0,1.598,1.598,Jonathan Quick
20242025,2024020287,2024-11-17,8475831,55,23,2,1.747,-0.253,Philipp Grubauer
20242025,2024020288,2024-11-18,8478007,29,29,1,3.071,2.071,Elvis Merzlikins
20242025,2024020288,2024-11-18,8480280,6,28,5,2.818,-2.182,Jeremy Swayman
20242025,2024020289,2024-11-18,8481020,21,26,2,2.205,0.205,Justus Annunen
20242025,2024020289,2024-11-18,8482783,4,29,3,3.186,0.186,Aleksei Kolosov
20242025,2024020290,2024-11-18,8475717,22,24,2,1.931,-0.069,Calvin Pickard
20242025,2024020290,2024-11-18,8478470,8,30,0,3.077,3.077,Samuel Montembeault
20242025,2024020291,2024-11-18,8479193,25,27,4,2.455,-1.545,Casey DeSmith
20242025,2024020291,2024-11-18,8480843,24,36,2,3.499,1.499,Lukas Dostal
20242025,2024020292,2024-11-18,8478872,59,11,2,1.22,-0.78,Karel Vejmelka
20242025,2024020292,2024-11-18,8478971,59,13,4,1.75,-2.25,Connor Ingram
20242025,2024020292,2024-11-18,8479292,15,26,2,3.283,1.283,Charlie Lindgren
20242025,2024020293,2024-11-18,8475660,17,34,5,3.51,-1.49,Cam Talbot
20242025,2024020293,2024-11-18,8478406,28,21,4,3.279,-0.721,Mackenzie Blackwood
20242025,2024020294,2024-11-19,8476999,9,31,5,2.967,-2.033,Linus Ullmark
20242025,2024020294,2024-11-19,8479973,22,29,2,2.369,0.369,Stuart Skinner
20242025,2024020295,2024-11-19,8476883,14,19,2,1.481,-0.519,Andrei Vasilevskiy
20242025,2024020295,2024-11-19,8477465,5,35,3,3.385,0.385,Tristan Jarry
20242025,2024020296,2024-11-19,8476412,19,27,3,2.677,-0.323,Jordan Binnington
20242025,2024020296,2024-11-19,8479406,30,24,2,1.997,-0.003,Filip Gustavsson
20242025,2024020297,2024-11-19,8475683,13,25,4,2.466,-1.534,Sergei Bobrovsky
20242025,2024020297,2024-11-19,8476945,52,23,3,1.294,-1.706,Connor Hellebuyck
20242025,2024020298,2024-11-19,8476434,24,20,2,1.589,-0.411,John Gibson
20242025,2024020298,2024-11-19,8482821,16,24,3,2.101,-0.899,Arvid Soderblom
20242025,2024020299,2024-11-19,8473575,2,31,1,2.76,1.76,Semyon Varlamov
20242025,2024020299,2024-11-19,8481692,20,29,1,2.544,1.544,Dustin Wolf
20242025,2024020300,2024-11-19,8478048,3,24,3,2.35,-0.65,Igor Shesterkin
20242025,2024020300,2024-11-19,8481668,23,33,4,2.515,-1.485,Arturs Silovs
20242025,2024020301,2024-11-20,8478499,54,25,2,2.802,0.802,Adin Hill
20242025,2024020301,2024-11-20,8479361,10,31,0,2.069,2.069,Joseph Woll
20242025,2024020302,2024-11-20,8478905,4,37,4,2.906,-1.094,Ivan Fedotov
20242025,2024020302,2024-11-20,8481611,12,19,1,1.366,0.366,Pyotr Kochetkov
20242025,2024020303,2024-11-20,8478406,28,29,3,3.246,0.246,Mackenzie Blackwood
20242025,2024020303,2024-11-20,8479979,25,23,2,1.947,-0.053,Jake Oettinger
20242025,2024020304,2024-11-20,8477424,18,36,2,3.393,1.393,Juuse Saros
20242025,2024020304,2024-11-20,8478916,55,24,0,1.479,1.479,Joey Daccord
20242025,2024020305,2024-11-20,8479496,26,19,1,1.314,0.314,David Rittich
20242025,2024020305,2024-11-20,8480045,7,23,0,2.797,2.797,Ukko-Pekka Luukkonen
20242025,2024020306,2024-11-21,8476914,6,22,0,1.151,1.151,Joonas Korpisalo
20242025,2024020306,2024-11-21,8478872,59,31,1,3.109,2.109,Karel Vejmelka
20242025,2024020307,2024-11-21,8476999,9,32,3,4.686,1.686,Linus Ullmark
20242025,2024020307,2024-11-21,8478492,54,40,2,3.758,1.758,Ilya Samsonov
20242025,2024020308,2024-11-21,8478009,2,31,2,2.621,0.621,Ilya Sorokin
20242025,2024020308,2024-11-21,8479312,17,23,1,1.737,0.737,Alex Lyon
20242025,2024020309,2024-11-21,8474593,1,22,2,1.618,-0.382,Jacob Markstrom
20242025,2024020309,2024-11-21,8477484,12,21,4,1.585,-2.415,Spencer Martin
20242025,2024020310,2024-11-21,8480313,15,27,2,3.416,1.416,Logan Thompson
20242025,2024020310,2024-11-21,8480382,21,29,1,2.538,1.538,Alexandar Georgiev
20242025,2024020311,2024-11-21,8477992,14,43,7,4.306,-2.694,Jonas Johansson
20242025,2024020311,2024-11-21,8478007,29,30,6,3.663,-2.337,Elvis Merzlikins
20242025,2024020312,2024-11-21,8476412,19,24,2,1.428,-0.572,Jordan Binnington
20242025,2024020312,2024-11-21,8482137,28,31,2,2.615,0.615,Yaroslav Askarov
20242025,2024020313,2024-11-21,8475852,16,33,1,2.91,1.91,Petr Mrazek
20242025,2024020313,2024-11-21,8481519,13,19,2,2.042,0.042,Spencer Knight
20242025,2024020314,2024-11-21,8478048,3,49,3,3.838,0.838,Igor Shesterkin
20242025,2024020314,2024-11-21,8481692,20,29,2,1.949,-0.051,Dustin Wolf
20242025,2024020315,2024-11-21,8470594,30,31,3,2.388,-0.612,Marc-Andre Fleury
20242025,2024020315,2024-11-21,8479973,22,26,5,2.14,-2.86,Stuart Skinner
20242025,2024020316,2024-11-22,8476945,52,18,1,1.463,0.463,Connor Hellebuyck
20242025,2024020316,2024-11-22,8477465,5,29,3,2.685,-0.315,Tristan Jarry
20242025,2024020317,2024-11-22,8476434,24,33,3,3.877,0.877,John Gibson
20242025,2024020317,2024-11-22,8480045,7,24,2,2.412,0.412,Ukko-Pekka Luukkonen
20242025,2024020318,2024-11-23,8475852,16,37,3,3.389,0.389,Petr Mrazek
20242025,2024020318,2024-11-23,8482783,4,21,2,2.186,0.186,Aleksei Kolosov
20242025,2024020319,2024-11-23,8478435,20,23,3,1.803,-1.197,Dan Vladar
20242025,2024020319,2024-11-23,8479406,30,31,3,2.616,-0.384,Filip Gustavsson
20242025,2024020320,2024-11-23,8478916,55,21,2,2.2,0.2,Joey Daccord
20242025,2024020320,2024-11-23,8479496,26,20,1,1.735,0.735,David Rittich
20242025,2024020321,2024-11-23,8475683,13,24,6,2.554,-3.446,Sergei Bobrovsky
20242025,2024020321,2024-11-23,8480382,21,31,4,3.044,-0.956,Alexandar Georgiev
20242025,2024020322,2024-11-23,8478470,8,25,5,3.568,-1.432,Samuel Montembeault
20242025,2024020322,2024-11-23,8478499,54,17,2,1.357,-0.643,Adin Hill
20242025,2024020322,2024-11-23,8480051,8,3,1,0.392,-0.608,Cayden Primeau
20242025,2024020323,2024-11-23,8476999,9,21,4,2.255,-1.745,Linus Ullmark
20242025,2024020323,2024-11-23,8480947,23,29,3,2.852,-0.148,Kevin Lankinen
20242025,2024020324,2024-11-23,8475660,17,29,2,2.503,0.503,Cam Talbot
20242025,2024020324,2024-11-23,8480280,6,20,1,1.745,0.745,Jeremy Swayman
20242025,2024020325,2024-11-23,8476883,14,28,4,3.007,-0.993,Andrei Vasilevskiy
20242025,2024020325,2024-11-23,8479979,25,29,2,3.501,1.501,Jake Oettinger
20242025,2024020326,2024-11-23,8477968,5,30,6,3.677,-2.323,Alex Nedeljkovic
20242025,2024020326,2024-11-23,8478872,59,28,1,2.428,1.428,Karel Vejmelka
20242025,2024020327,2024-11-23,8474596,1,26,2,2.384,0.384,Jake Allen
20242025,2024020327,2024-11-23,8479292,15,33,3,4.479,1.479,Charlie Lindgren
20242025,2024020328,2024-11-23,8477484,12,1,0,0.163,0.163,Spencer Martin
20242025,2024020328,2024-11-23,8478007,29,36,4,3.111,-0.889,Elvis Merzlikins
20242025,2024020328,2024-11-23,8481611,12,31,4,3.488,-0.512,Pyotr Kochetkov
20242025,2024020329,2024-11-23,8477424,18,24,1,2.868,1.868,Juuse Saros
20242025,2024020329,2024-11-23,8477480,52,35,3,3.579,0.579,Eric Comrie
20242025,2024020330,2024-11-23,8476412,19,30,2,2.095,0.095,Jordan Binnington
20242025,2024020330,2024-11-23,8478009,2,25,1,2.303,1.303,Ilya Sorokin
20242025,2024020331,2024-11-23,8473503,7,33,2,3.798,1.798,James Reimer
20242025,2024020331,2024-11-23,8478406,28,30,3,2.121,-0.879,Mackenzie Blackwood
20242025,2024020332,2024-11-23,8471734,3,40,6,3.666,-2.334,Jonathan Quick
20242025,2024020332,2024-11-23,8479973,22,34,2,2.407,0.407,Stuart Skinner
20242025,2024020333,2024-11-24,8478872,59,35,3,4.038,1.038,Karel Vejmelka
20242025,2024020333,2024-11-24,8479361,10,26,2,2.214,0.214,Joseph Woll
20242025,2024020334,2024-11-25,8476883,14,25,2,2.585,0.585,Andrei Vasilevskiy
20242025,2024020334,2024-11-25,8480382,21,17,3,2.527,-0.473,Alexandar Georgiev
20242025,2024020334,2024-11-25,8481020,21,16,5,2.227,-2.773,Justus Annunen
20242025,2024020335,2024-11-25,8480313,15,21,1,1.946,0.946,Logan Thompson
20242025,2024020335,2024-11-25,8481519,13,29,2,3.099,1.099,Spencer Knight
20242025,2024020336,2024-11-25,8474593,1,22,2,1.698,-0.302,Jacob Markstrom
20242025,2024020336,2024-11-25,8475809,18,15,0,1.185,1.185,Scott Wedgewood
20242025,2024020336,2024-11-25,8477424,18,30,4,4.375,0.375,Juuse Saros
20242025,2024020337,2024-11-25,8478048,3,43,4,5.67,1.67,Igor Shesterkin
20242025,2024020337,2024-11-25,8480981,19,29,2,2.34,0.34,Joel Hofer
20242025,2024020338,2024-11-25,8478492,54,36,4,5.232,1.232,Ilya Samsonov
20242025,2024020338,2024-11-25,8478905,4,30,4,2.842,-1.158,Ivan Fedotov
20242025,2024020339,2024-11-25,8477484,12,19,4,3.575,-0.425,Spencer Martin
20242025,2024020339,2024-11-25,8479979,25,33,5,3.343,-1.657,Jake Oettinger
20242025,2024020340,2024-11-25,8476341,9,27,3,2.115,-0.885,Anton Forsberg
20242025,2024020340,2024-11-25,8481692,20,30,4,4.194,0.194,Dustin Wolf
20242025,2024020341,2024-11-25,8473575,2,20,3,1.803,-1.197,Semyon Varlamov
20242025,2024020341,2024-11-25,8479312,17,29,2,3.017,1.017,Alex Lyon
20242025,2024020342,2024-11-25,8476945,52,44,1,3.684,2.684,Connor Hellebuyck
20242025,2024020342,2024-11-25,8479406,30,31,3,2.623,-0.377,Filip Gustavsson
20242025,2024020343,2024-11-25,8478916,55,23,2,2.228,0.228,Joey Daccord
20242025,2024020343,2024-11-25,8480843,24,28,3,2.078,-0.922,Lukas Dostal
20242025,2024020344,2024-11-25,8479496,26,21,7,1.365,-5.635,David Rittich
20242025,2024020344,2024-11-25,8482137,28,24,2,2.51,0.51,Yaroslav Askarov
20242025,2024020345,2024-11-26,8480280,6,14,1,0.878,-0.122,Jeremy Swayman
20242025,2024020345,2024-11-26,8480947,23,33,0,3.51,3.51,Kevin Lankinen
20242025,2024020346,2024-11-26,8478470,8,29,3,3.965,0.965,Samuel Montembeault
20242025,2024020346,2024-11-26,8478872,59,13,2,1.652,-0.348,Karel Vejmelka
20242025,2024020347,2024-11-27,8479406,30,39,0,3.425,3.425,Filip Gustavsson
20242025,2024020347,2024-11-27,8480045,7,30,1,2.166,1.166,Ukko-Pekka Luukkonen
20242025,2024020348,2024-11-27,8474593,1,20,3,1.957,-1.043,Jacob Markstrom
20242025,2024020348,2024-11-27,8476412,19,32,0,3.045,3.045,Jordan Binnington
20242025,2024020349,2024-11-27,8477484,12,22,3,2.236,-0.764,Spencer Martin
20242025,2024020349,2024-11-27,8478048,3,31,4,2.685,-1.315,Igor Shesterkin
20242025,2024020350,2024-11-27,8475660,17,25,1,1.477,0.477,Cam Talbot
20242025,2024020350,2024-11-27,8478435,20,27,2,2.415,0.415,Dan Vladar
20242025,2024020351,2024-11-27,8476883,14,32,5,2.567,-2.433,Andrei Vasilevskiy
20242025,2024020351,2024-11-27,8479292,15,29,4,2.88,-1.12,Charlie Lindgren
20242025,2024020352,2024-11-27,8475683,13,24,1,2.052,1.052,Sergei Bobrovsky
20242025,2024020352,2024-11-27,8476932,10,23,4,2.187,-1.813,Anthony Stolarz
20242025,2024020353,2024-11-27,8476914,6,24,3,1.662,-1.338,Joonas Korpisalo
20242025,2024020353,2024-11-27,8478009,2,20,5,1.249,-3.751,Ilya Sorokin
20242025,2024020354,2024-11-27,8477465,5,29,4,2.131,-1.869,Tristan Jarry
20242025,2024020354,2024-11-27,8481668,23,23,5,2.767,-2.233,Arturs Silovs
20242025,2024020355,2024-11-27,8478007,29,23,4,2.545,-1.455,Elvis Merzlikins
20242025,2024020355,2024-11-27,8480051,8,24,3,2.107,-0.893,Cayden Primeau
20242025,2024020356,2024-11-27,8477424,18,23,3,2.016,-0.984,Juuse Saros
20242025,2024020356,2024-11-27,8482783,4,27,2,2.598,0.598,Aleksei Kolosov
20242025,2024020357,2024-11-27,8475852,16,27,2,3.372,1.372,Petr Mrazek
20242025,2024020357,2024-11-27,8479193,25,26,6,3.411,-2.589,Casey DeSmith
20242025,2024020358,2024-11-27,8478499,54,34,1,3.748,2.748,Adin Hill
20242025,2024020358,2024-11-27,8480382,21,19,1,1.951,0.951,Alexandar Georgiev
20242025,2024020359,2024-11-27,8476945,52,32,3,3.009,0.009,Connor Hellebuyck
20242025,2024020359,2024-11-27,8479496,26,14,1,1.607,0.607,David Rittich
20242025,2024020360,2024-11-27,8476434,24,44,2,4.729,2.729,John Gibson
20242025,2024020360,2024-11-27,8478916,55,33,5,3.459,-1.541,Joey Daccord
20242025,2024020361,2024-11-27,8476999,9,39,3,4.587,1.587,Linus Ullmark
20242025,2024020361,2024-11-27,8478406,28,11,4,1.106,-2.894,Mackenzie Blackwood
20242025,2024020362,2024-11-29,8478048,3,34,2,4.496,2.496,Igor Shesterkin
20242025,2024020362,2024-11-29,8478905,4,23,1,2.221,1.221,Ivan Fedotov
20242025,2024020363,2024-11-29,8470594,30,23,2,2.026,0.026,Marc-Andre Fleury
20242025,2024020363,2024-11-29,8475852,16,29,3,2.503,-0.497,Petr Mrazek
20242025,2024020364,2024-11-29,8480045,7,22,4,2.888,-1.112,Ukko-Pekka Luukkonen
20242025,2024020364,2024-11-29,8480947,23,34,3,2.574,-0.426,Kevin Lankinen
20242025,2024020365,2024-11-29,8474593,1,28,4,2.547,-1.453,Jacob Markstrom
20242025,2024020365,2024-11-29,8475660,17,29,5,3.501,-1.499,Cam Talbot
20242025,2024020366,2024-11-29,8473575,2,26,5,3.117,-1.883,Semyon Varlamov
20242025,2024020366,2024-11-29,8480313,15,24,4,1.903,-2.097,Logan Thompson
20242025,2024020367,2024-11-29,8475683,13,31,3,2.011,-0.989,Sergei Bobrovsky
20242025,2024020367,2024-11-29,8477484,12,29,5,2.381,-2.619,Spencer Martin
20242025,2024020368,2024-11-29,8478007,29,29,2,2.843,0.843,Elvis Merzlikins
20242025,2024020368,2024-11-29,8481692,20,33,4,2.897,-1.103,Dustin Wolf
20242025,2024020369,2024-11-29,8477424,18,28,3,2.567,-0.433,Juuse Saros
20242025,2024020369,2024-11-29,8477992,14,31,2,2.117,0.117,Jonas Johansson
20242025,2024020370,2024-11-29,8476434,24,18,2,1.732,-0.268,John Gibson
20242025,2024020370,2024-11-29,8479496,26,2,0,0.149,0.149,David Rittich
20242025,2024020370,2024-11-29,8481707,26,29,1,3.235,2.235,Erik Portillo
20242025,2024020371,2024-11-29,8475831,55,26,7,1.921,-5.079,Philipp Grubauer
20242025,2024020371,2024-11-29,8477970,28,31,5,2.872,-2.128,Vitek Vanecek
20242025,2024020372,2024-11-29,8477465,5,31,1,2.717,1.717,Tristan Jarry
20242025,2024020372,2024-11-29,8480280,6,36,2,2.887,0.887,Jeremy Swayman
20242025,2024020373,2024-11-29,8479979,25,32,3,3.786,0.786,Jake Oettinger
20242025,2024020373,2024-11-29,8480382,21,23,4,2.421,-1.579,Alexandar Georgiev
20242025,2024020374,2024-11-29,8477480,52,30,4,2.658,-1.342,Eric Comrie
20242025,2024020374,2024-11-29,8478499,54,25,3,1.57,-1.43,Adin Hill
20242025,2024020375,2024-11-29,8475717,22,31,3,3.311,0.311,Calvin Pickard
20242025,2024020375,2024-11-29,8478872,59,32,4,3.675,-0.325,Karel Vejmelka
20242025,2024020376,2024-11-30,8471734,3,28,3,2.84,-0.16,Jonathan Quick
20242025,2024020376,2024-11-30,8478470,8,28,4,2.613,-1.387,Samuel Montembeault
20242025,2024020377,2024-11-30,8477484,12,28,5,2.607,-2.393,Spencer Martin
20242025,2024020377,2024-11-30,8481519,13,20,0,1.153,1.153,Spencer Knight
20242025,2024020377,2024-11-30,8484293,12,7,1,0.822,-0.178,Yaniv Perets
20242025,2024020378,2024-11-30,8476883,14,28,4,2.852,-1.148,Andrei Vasilevskiy
20242025,2024020378,2024-11-30,8479361,10,41,3,3.989,0.989,Joseph Woll
20242025,2024020379,2024-11-30,8474596,1,32,6,4.552,-1.448,Jake Allen
20242025,2024020379,2024-11-30,8479292,15,27,5,3.394,-1.606,Charlie Lindgren
20242025,2024020380,2024-11-30,8477968,5,32,2,3.318,1.318,Alex Nedeljkovic
20242025,2024020380,2024-11-30,8478435,20,43,6,3.676,-2.324,Dan Vladar
20242025,2024020381,2024-11-30,8476412,19,31,3,3.778,0.778,Jordan Binnington
20242025,2024020381,2024-11-30,8482783,4,27,2,2.9,0.9,Aleksei Kolosov
20242025,2024020382,2024-11-30,8476341,9,26,4,3.278,-0.722,Anton Forsberg
20242025,2024020382,2024-11-30,8479496,26,22,2,1.93,-0.07,David Rittich
20242025,2024020383,2024-11-30,8473503,7,19,2,1.989,-0.011,James Reimer
20242025,2024020383,2024-11-30,8478009,2,29,0,1.488,1.488,Ilya Sorokin
20242025,2024020384,2024-11-30,8477424,18,28,3,2.493,-0.507,Juuse Saros
20242025,2024020384,2024-11-30,8479406,30,27,2,2.399,0.399,Filip Gustavsson
20242025,2024020385,2024-11-30,8479973,22,28,1,1.949,0.949,Stuart Skinner
20242025,2024020385,2024-11-30,8480382,21,31,3,3.875,0.875,Alexandar Georgiev
20242025,2024020386,2024-11-30,8478492,54,28,6,3.214,-2.786,Ilya Samsonov
20242025,2024020386,2024-11-30,8483530,59,29,0,2.591,2.591,Jaxson Stauber
20242025,2024020387,2024-11-30,8478406,28,38,2,2.518,0.518,Mackenzie Blackwood
20242025,2024020387,2024-11-30,8478916,55,23,4,1.309,-2.691,Joey Daccord
20242025,2024020388,2024-12-01,8475660,17,14,2,1.363,-0.637,Cam Talbot
20242025,2024020388,2024-12-01,8478024,17,18,3,1.829,-1.171,Ville Husso
20242025,2024020388,2024-12-01,8480947,23,31,4,3.845,-0.155,Kevin Lankinen
20242025,2024020389,2024-12-01,8480051,8,29,5,3.395,-1.605,Cayden Primeau
20242025,2024020389,2024-12-01,8480280,6,28,3,2.021,-0.979,Jeremy Swayman
20242025,2024020390,2024-12-01,8475852,16,35,5,2.134,-2.866,Petr Mrazek
20242025,2024020390,2024-12-01,8478007,29,31,3,3.008,0.008,Elvis Merzlikins
20242025,2024020391,2024-12-01,8476945,52,30,2,2.705,0.705,Connor Hellebuyck
20242025,2024020391,2024-12-01,8479979,25,27,1,1.747,0.747,Jake Oettinger
20242025,2024020392,2024-12-01,8476999,9,34,3,3.412,0.412,Linus Ullmark
20242025,2024020392,2024-12-01,8480843,24,31,3,4.018,1.018,Lukas Dostal
20242025,2024020393,2024-12-02,8474593,1,39,1,3.74,2.74,Jacob Markstrom
20242025,2024020393,2024-12-02,8478048,3,28,5,3.873,-1.127,Igor Shesterkin
20242025,2024020394,2024-12-02,8476932,10,28,1,2.928,1.928,Anthony Stolarz
20242025,2024020394,2024-12-02,8482821,16,21,3,2.283,-0.717,Arvid Soderblom
20242025,2024020395,2024-12-02,8478872,59,21,2,1.961,-0.039,Karel Vejmelka
20242025,2024020395,2024-12-02,8479193,25,37,1,3.21,2.21,Casey DeSmith
20242025,2024020396,2024-12-03,8476914,6,25,2,2.096,0.096,Joonas Korpisalo
20242025,2024020396,2024-12-03,8478024,17,35,3,2.038,-0.962,Ville Husso
20242025,2024020397,2024-12-03,8475809,21,22,0,2.403,2.403,Scott Wedgewood
20242025,2024020397,2024-12-03,8480045,7,41,5,4.061,-0.939,Ukko-Pekka Luukkonen
20242025,2024020397,2024-12-03,8480382,21,8,4,1.415,-2.585,Alexandar Georgiev
20242025,2024020398,2024-12-03,8478009,2,27,2,2.305,0.305,Ilya Sorokin
20242025,2024020398,2024-12-03,8478470,8,31,1,4.227,3.227,Samuel Montembeault
20242025,2024020399,2024-12-03,8477465,5,41,4,3.118,-0.882,Tristan Jarry
20242025,2024020399,2024-12-03,8481519,13,16,5,1.719,-3.281,Spencer Knight
20242025,2024020400,2024-12-03,8478406,28,28,1,2.176,1.176,Mackenzie Blackwood
20242025,2024020400,2024-12-03,8480313,15,31,2,2.816,0.816,Logan Thompson
20242025,2024020401,2024-12-03,8478916,55,19,2,1.801,-0.199,Joey Daccord
20242025,2024020401,2024-12-03,8481611,12,28,4,2.79,-1.21,Pyotr Kochetkov
20242025,2024020402,2024-12-03,8479406,30,32,2,3.38,1.38,Filip Gustavsson
20242025,2024020402,2024-12-03,8480947,23,29,3,2.373,-0.627,Kevin Lankinen
20242025,2024020403,2024-12-03,8476945,52,31,3,3.919,0.919,Connor Hellebuyck
20242025,2024020403,2024-12-03,8480981,19,23,1,1.566,0.566,Joel Hofer
20242025,2024020404,2024-12-03,8478007,29,21,2,1.816,-0.184,Elvis Merzlikins
20242025,2024020404,2024-12-03,8478435,20,16,0,1.356,1.356,Dan Vladar
20242025,2024020405,2024-12-03,8478499,54,28,0,2.018,2.018,Adin Hill
20242025,2024020405,2024-12-03,8479973,22,16,1,1.072,0.072,Stuart Skinner
20242025,2024020406,2024-12-04,8477424,18,28,3,2.767,-0.233,Juuse Saros
20242025,2024020406,2024-12-04,8479361,10,24,2,2.963,0.963,Joseph Woll
20242025,2024020407,2024-12-04,8475852,16,27,4,4.439,0.439,Petr Mrazek
20242025,2024020407,2024-12-04,8480280,6,22,2,1.313,-0.687,Jeremy Swayman
20242025,2024020408,2024-12-04,8476434,24,32,3,4.225,1.225,John Gibson
20242025,2024020408,2024-12-04,8478492,54,20,1,1.601,0.601,Ilya Samsonov
20242025,2024020409,2024-12-04,8479496,26,28,2,3.101,1.101,David Rittich
20242025,2024020409,2024-12-04,8479979,25,17,3,1.648,-1.352,Jake Oettinger
20242025,2024020410,2024-12-05,8476945,52,30,2,1.931,-0.069,Connor Hellebuyck
20242025,2024020410,2024-12-05,8480045,7,31,3,3.153,0.153,Ukko-Pekka Luukkonen
20242025,2024020411,2024-12-05,8478470,8,29,0,3.086,3.086,Samuel Montembeault
20242025,2024020411,2024-12-05,8481020,18,29,2,3.955,1.955,Justus Annunen
20242025,2024020412,2024-12-05,8476999,9,20,1,1.88,0.88,Linus Ullmark
20242025,2024020412,2024-12-05,8478024,17,32,2,1.807,-0.193,Ville Husso
20242025,2024020413,2024-12-05,8476883,14,21,1,2.694,1.694,Andrei Vasilevskiy
20242025,2024020413,2024-12-05,8477970,28,12,5,1.186,-3.814,Vitek Vanecek
20242025,2024020413,2024-12-05,8478406,28,23,3,2.137,-0.863,Mackenzie Blackwood
20242025,2024020414,2024-12-05,8478905,4,7,2,0.857,-1.143,Ivan Fedotov
20242025,2024020414,2024-12-05,8481519,13,34,5,2.924,-2.076,Spencer Knight
20242025,2024020414,2024-12-05,8482783,4,20,4,2.331,-1.669,Aleksei Kolosov
20242025,2024020415,2024-12-05,8475809,21,34,4,3.138,-0.862,Scott Wedgewood
20242025,2024020415,2024-12-05,8481611,12,19,3,2.364,-0.636,Pyotr Kochetkov
20242025,2024020416,2024-12-05,8477405,2,11,0,1.104,1.104,Marcus Hogberg
20242025,2024020416,2024-12-05,8478009,2,13,4,1.198,-2.802,Ilya Sorokin
20242025,2024020416,2024-12-05,8478916,55,29,2,2.48,0.48,Joey Daccord
20242025,2024020417,2024-12-05,8476412,19,39,3,3.312,0.312,Jordan Binnington
20242025,2024020417,2024-12-05,8478435,20,24,4,3.04,-0.96,Dan Vladar
20242025,2024020418,2024-12-05,8475717,22,22,3,1.758,-1.242,Calvin Pickard
20242025,2024020418,2024-12-05,8480193,29,36,6,4.476,-1.524,Daniil Tarasov
20242025,2024020419,2024-12-06,8476932,10,25,2,2.059,0.059,Anthony Stolarz
20242025,2024020419,2024-12-06,8479292,15,21,1,1.307,0.307,Charlie Lindgren
20242025,2024020420,2024-12-06,8474593,1,19,2,1.185,-0.815,Jacob Markstrom
20242025,2024020420,2024-12-06,8475831,55,36,3,4.369,1.369,Philipp Grubauer
20242025,2024020421,2024-12-06,8477968,5,32,4,2.5,-1.5,Alex Nedeljkovic
20242025,2024020421,2024-12-06,8478048,3,22,2,2.442,0.442,Igor Shesterkin
20242025,2024020422,2024-12-06,8478007,29,16,4,1.658,-2.342,Elvis Merzlikins
20242025,2024020422,2024-12-06,8480947,23,32,2,2.396,0.396,Kevin Lankinen
20242025,2024020423,2024-12-06,8478499,54,40,2,3.608,1.608,Adin Hill
20242025,2024020423,2024-12-06,8479979,25,28,3,2.364,-0.636,Jake Oettinger
20242025,2024020424,2024-12-06,8476434,24,32,4,3.402,-0.598,John Gibson
20242025,2024020424,2024-12-06,8479406,30,27,1,2.507,1.507,Filip Gustavsson
20242025,2024020425,2024-12-07,8480280,6,26,3,2.938,-0.062,Jeremy Swayman
20242025,2024020425,2024-12-07,8482783,4,31,4,3.624,-0.376,Aleksei Kolosov
20242025,2024020426,2024-12-07,8478872,59,25,2,2.57,0.57,Karel Vejmelka
20242025,2024020426,2024-12-07,8480045,7,28,5,2.704,-2.296,Ukko-Pekka Luukkonen
20242025,2024020427,2024-12-07,8475852,16,4,0,0.28,0.28,Petr Mrazek
20242025,2024020427,2024-12-07,8476945,52,14,2,0.651,-1.349,Connor Hellebuyck
20242025,2024020427,2024-12-07,8482821,16,24,3,2.33,-0.67,Arvid Soderblom
20242025,2024020428,2024-12-07,8478009,2,31,3,2.261,-0.739,Ilya Sorokin
20242025,2024020428,2024-12-07,8481611,12,25,4,2.394,-1.606,Pyotr Kochetkov
20242025,2024020429,2024-12-07,8475683,13,29,1,3.128,2.128,Sergei Bobrovsky
20242025,2024020429,2024-12-07,8478406,28,54,3,4.555,1.555,Mackenzie Blackwood
20242025,2024020430,2024-12-07,8478470,8,35,4,3.827,-0.173,Samuel Montembeault
20242025,2024020430,2024-12-07,8480313,15,24,2,2.796,0.796,Logan Thompson
20242025,2024020431,2024-12-07,8476999,9,37,1,2.636,1.636,Linus Ullmark
20242025,2024020431,2024-12-07,8477424,18,30,3,3.057,0.057,Juuse Saros
20242025,2024020432,2024-12-07,8478024,17,25,2,2.014,0.014,Ville Husso
20242025,2024020432,2024-12-07,8480382,21,30,1,3.252,2.252,Alexandar Georgiev
20242025,2024020433,2024-12-07,8477465,5,27,2,2.243,0.243,Tristan Jarry
20242025,2024020433,2024-12-07,8479361,10,27,3,2.382,-0.618,Joseph Woll
20242025,2024020434,2024-12-07,8470594,30,32,2,1.824,-0.176,Marc-Andre Fleury
20242025,2024020434,2024-12-07,8475311,26,23,1,2.313,1.313,Darcy Kuemper
20242025,2024020435,2024-12-07,8476412,19,21,4,2.821,-1.179,Jordan Binnington
20242025,2024020435,2024-12-07,8479973,22,31,2,2.629,0.629,Stuart Skinner
20242025,2024020436,2024-12-08,8471734,3,21,6,1.684,-4.316,Jonathan Quick
20242025,2024020436,2024-12-08,8475831,55,37,5,3.268,-1.732,Philipp Grubauer
20242025,2024020437,2024-12-08,8476883,14,25,2,3.176,1.176,Andrei Vasilevskiy
20242025,2024020437,2024-12-08,8480947,23,32,3,4.425,1.425,Kevin Lankinen
20242025,2024020438,2024-12-08,8476341,9,12,3,1.597,-1.403,Anton Forsberg
20242025,2024020438,2024-12-08,8478009,2,31,2,2.968,0.968,Ilya Sorokin
20242025,2024020439,2024-12-08,8477480,52,27,3,3.069,0.069,Eric Comrie
20242025,2024020439,2024-12-08,8478007,29,25,1,1.974,0.974,Elvis Merzlikins
20242025,2024020440,2024-12-08,8474596,1,23,3,1.744,-1.256,Jake Allen
20242025,2024020440,2024-12-08,8475809,21,25,0,2.468,2.468,Scott Wedgewood
20242025,2024020441,2024-12-08,8481035,4,25,4,2.181,-1.819,Samuel Ersson
20242025,2024020441,2024-12-08,8483530,59,24,2,1.797,-0.203,Jaxson Stauber
20242025,2024020442,2024-12-08,8479979,25,31,2,2.084,0.084,Jake Oettinger
20242025,2024020442,2024-12-08,8481692,20,28,6,2.508,-3.492,Dustin Wolf
20242025,2024020443,2024-12-09,8473503,7,31,5,3.022,-1.978,James Reimer
20242025,2024020443,2024-12-09,8478024,17,7,3,0.619,-2.381,Ville Husso
20242025,2024020443,2024-12-09,8482657,17,14,2,1.471,-0.529,Sebastian Cossa
20242025,2024020444,2024-12-09,8478048,3,32,2,3.536,1.536,Igor Shesterkin
20242025,2024020444,2024-12-09,8482821,16,30,1,2.523,1.523,Arvid Soderblom
20242025,2024020445,2024-12-09,8478470,8,29,2,4.232,2.232,Samuel Montembeault
20242025,2024020445,2024-12-09,8480843,24,21,2,2.056,0.056,Lukas Dostal
20242025,2024020446,2024-12-10,8474593,1,17,2,2.363,0.363,Jacob Markstrom
20242025,2024020446,2024-12-10,8476932,10,39,1,4.016,3.016,Anthony Stolarz
20242025,2024020447,2024-12-10,8475809,21,27,2,2.49,0.49,Scott Wedgewood
20242025,2024020447,2024-12-10,8477465,5,26,5,2.78,-2.22,Tristan Jarry
20242025,2024020448,2024-12-10,8477970,28,28,3,3.233,0.233,Vitek Vanecek
20242025,2024020448,2024-12-10,8481611,12,23,2,2.268,0.268,Pyotr Kochetkov
20242025,2024020449,2024-12-10,8478007,29,25,5,2.503,-2.497,Elvis Merzlikins
20242025,2024020449,2024-12-10,8481035,4,18,3,1.271,-1.729,Samuel Ersson
20242025,2024020450,2024-12-10,8475311,26,20,1,2.053,1.053,Darcy Kuemper
20242025,2024020450,2024-12-10,8478009,2,29,2,3.202,1.202,Ilya Sorokin
20242025,2024020451,2024-12-10,8477424,18,28,4,2.356,-1.644,Juuse Saros
20242025,2024020451,2024-12-10,8478435,20,20,3,1.762,-1.238,Dan Vladar
20242025,2024020452,2024-12-10,8476945,52,24,1,1.944,0.944,Connor Hellebuyck
20242025,2024020452,2024-12-10,8480280,6,35,8,3.268,-4.732,Jeremy Swayman
20242025,2024020453,2024-12-10,8476883,14,26,2,3.575,1.575,Andrei Vasilevskiy
20242025,2024020453,2024-12-10,8479973,22,22,1,2.108,1.108,Stuart Skinner
20242025,2024020454,2024-12-10,8478872,59,38,4,4.394,0.394,Karel Vejmelka
20242025,2024020454,2024-12-10,8479406,30,25,4,3.628,-0.372,Filip Gustavsson
20242025,2024020455,2024-12-10,8477967,23,25,4,2.513,-1.487,Thatcher Demko
20242025,2024020455,2024-12-10,8480981,19,25,3,3.005,0.005,Joel Hofer
20242025,2024020456,2024-12-10,8475683,13,18,1,1.33,0.33,Sergei Bobrovsky
20242025,2024020456,2024-12-10,8478916,55,33,1,2.956,1.956,Joey Daccord
20242025,2024020457,2024-12-11,8478048,3,31,2,2.116,0.116,Igor Shesterkin
20242025,2024020457,2024-12-11,8480045,7,27,2,2.353,0.353,Ukko-Pekka Luukkonen
20242025,2024020458,2024-12-11,8476434,24,34,5,4.519,-0.481,John Gibson
20242025,2024020458,2024-12-11,8476999,9,32,1,2.384,1.384,Linus Ullmark
20242025,2024020459,2024-12-12,8476932,10,8,1,0.61,-0.39,Anthony Stolarz
20242025,2024020459,2024-12-12,8479361,10,20,1,1.602,0.602,Joseph Woll
20242025,2024020459,2024-12-12,8480843,24,33,3,3.407,0.407,Lukas Dostal
20242025,2024020460,2024-12-12,8477465,5,23,2,2.579,0.579,Tristan Jarry
20242025,2024020460,2024-12-12,8478470,8,26,6,2.89,-3.11,Samuel Montembeault
20242025,2024020460,2024-12-12,8480051,8,7,3,1.356,-1.644,Cayden Primeau
20242025,2024020461,2024-12-12,8474593,1,14,1,1.421,0.421,Jacob Markstrom
20242025,2024020461,2024-12-12,8479496,26,26,3,1.666,-1.334,David Rittich
20242025,2024020462,2024-12-12,8475660,17,34,2,2.929,0.929,Cam Talbot
20242025,2024020462,2024-12-12,8482783,4,26,1,2.482,1.482,Aleksei Kolosov
20242025,2024020463,2024-12-12,8479292,15,33,1,3.836,2.836,Charlie Lindgren
20242025,2024020463,2024-12-12,8482982,29,37,2,3.043,1.043,Jet Greaves
20242025,2024020464,2024-12-12,8478009,2,30,4,2.321,-1.679,Ilya Sorokin
20242025,2024020464,2024-12-12,8482123,16,2,0,0.003,0.003,Drew Commesso
20242025,2024020464,2024-12-12,8482821,16,19,5,1.656,-3.344,Arvid Soderblom
20242025,2024020465,2024-12-12,8476412,19,31,4,2.989,-1.011,Jordan Binnington
20242025,2024020465,2024-12-12,8480382,28,20,3,2.951,-0.049,Alexandar Georgiev
20242025,2024020466,2024-12-12,8479979,25,25,3,3.077,0.077,Jake Oettinger
20242025,2024020466,2024-12-12,8481020,18,36,1,2.473,1.473,Justus Annunen
20242025,2024020467,2024-12-12,8470594,30,9,2,0.754,-1.246,Marc-Andre Fleury
20242025,2024020467,2024-12-12,8475717,22,30,1,2.046,1.046,Calvin Pickard
20242025,2024020467,2024-12-12,8479406,30,26,5,2.451,-2.549,Filip Gustavsson
20242025,2024020468,2024-12-12,8476945,52,36,3,3.119,0.119,Connor Hellebuyck
20242025,2024020468,2024-12-12,8478499,54,20,2,1.298,-0.702,Adin Hill
20242025,2024020469,2024-12-12,8475809,21,22,3,1.793,-1.207,Scott Wedgewood
20242025,2024020469,2024-12-12,8478872,59,24,1,2.154,1.154,Karel Vejmelka
20242025,2024020470,2024-12-12,8476883,14,22,3,1.875,-1.125,Andrei Vasilevskiy
20242025,2024020470,2024-12-12,8478435,20,26,8,3.623,-4.377,Dan Vladar
20242025,2024020471,2024-12-12,8475683,13,19,4,1.73,-2.27,Sergei Bobrovsky
20242025,2024020471,2024-12-12,8480947,23,27,0,2.592,2.592,Kevin Lankinen
20242025,2024020472,2024-12-12,8475831,55,34,1,2.739,1.739,Philipp Grubauer
20242025,2024020472,2024-12-12,8476914,6,20,4,2.616,-1.384,Joonas Korpisalo
20242025,2024020473,2024-12-13,8476999,9,32,0,2.771,2.771,Linus Ullmark
20242025,2024020473,2024-12-13,8481611,12,21,2,1.943,-0.057,Pyotr Kochetkov
20242025,2024020474,2024-12-14,8474593,1,17,1,1.536,0.536,Jacob Markstrom
20242025,2024020474,2024-12-14,8482123,16,24,4,2.94,-1.06,Drew Commesso
20242025,2024020475,2024-12-14,8471734,3,11,0,1.032,1.032,Jonathan Quick
20242025,2024020475,2024-12-14,8475311,26,32,1,2.307,1.307,Darcy Kuemper
20242025,2024020475,2024-12-14,8478048,3,21,5,3.194,-1.806,Igor Shesterkin
20242025,2024020476,2024-12-14,8470594,30,22,1,1.65,0.65,Marc-Andre Fleury
20242025,2024020476,2024-12-14,8481035,4,21,3,1.123,-1.877,Samuel Ersson
20242025,2024020477,2024-12-14,8478499,54,34,6,3.641,-2.359,Adin Hill
20242025,2024020477,2024-12-14,8479973,22,42,3,3.958,0.958,Stuart Skinner
20242025,2024020478,2024-12-14,8476999,9,27,2,2.315,0.315,Linus Ullmark
20242025,2024020478,2024-12-14,8477465,5,31,3,3.338,0.338,Tristan Jarry
20242025,2024020479,2024-12-14,8478024,17,25,2,2.375,0.375,Ville Husso
20242025,2024020479,2024-12-14,8479361,10,25,3,3.22,0.22,Joseph Woll
20242025,2024020480,2024-12-14,8480045,7,30,3,2.76,-0.24,Ukko-Pekka Luukkonen
20242025,2024020480,2024-12-14,8480313,15,21,2,2.323,0.323,Logan Thompson
20242025,2024020481,2024-12-14,8476434,24,42,3,4.463,1.463,John Gibson
20242025,2024020481,2024-12-14,8482982,29,27,4,3.098,-0.902,Jet Greaves
20242025,2024020482,2024-12-14,8476945,52,28,2,2.702,0.702,Connor Hellebuyck
20242025,2024020482,2024-12-14,8478470,8,26,3,3.125,0.125,Samuel Montembeault
20242025,2024020483,2024-12-14,8476412,19,37,2,4.217,2.217,Jordan Binnington
20242025,2024020483,2024-12-14,8479979,25,16,1,2.086,1.086,Jake Oettinger
20242025,2024020484,2024-12-14,8477424,18,31,3,2.743,-0.257,Juuse Saros
20242025,2024020484,2024-12-14,8478406,21,39,2,2.795,0.795,Mackenzie Blackwood
20242025,2024020485,2024-12-14,8481519,13,27,3,2.506,-0.494,Spencer Knight
20242025,2024020485,2024-12-14,8481692,20,32,0,2.52,2.52,Dustin Wolf
20242025,2024020486,2024-12-14,8477967,23,28,5,2.954,-2.046,Thatcher Demko
20242025,2024020486,2024-12-14,8480280,6,20,1,1.505,0.505,Jeremy Swayman
20242025,2024020487,2024-12-14,8477970,28,40,4,3.902,-0.098,Vitek Vanecek
20242025,2024020487,2024-12-14,8478872,59,22,3,2.187,-0.813,Karel Vejmelka
20242025,2024020488,2024-12-14,8475831,55,30,4,3.05,-0.95,Philipp Grubauer
20242025,2024020488,2024-12-14,8477992,14,22,1,2.017,1.017,Jonas Johansson
20242025,2024020489,2024-12-15,8478009,2,22,4,3.09,-0.91,Ilya Sorokin
20242025,2024020489,2024-12-15,8482821,16,33,3,2.858,-0.142,Arvid Soderblom
20242025,2024020490,2024-12-15,8482221,7,40,4,4.779,0.779,Devon Levi
20242025,2024020490,2024-12-15,8483710,10,27,3,1.657,-1.343,Dennis Hildeby
20242025,2024020491,2024-12-15,8474682,12,28,1,2.069,1.069,Dustin Tokarski
20242025,2024020491,2024-12-15,8478007,29,28,4,2.808,-1.192,Elvis Merzlikins
20242025,2024020492,2024-12-15,8471734,3,24,3,1.906,-1.094,Jonathan Quick
20242025,2024020492,2024-12-15,8480981,19,28,2,1.718,-0.282,Joel Hofer
20242025,2024020493,2024-12-15,8478492,54,22,2,2.106,0.106,Ilya Samsonov
20242025,2024020493,2024-12-15,8482661,30,27,3,1.901,-1.099,Jesper Wallstedt
20242025,2024020494,2024-12-16,8479292,15,24,3,2.739,-0.261,Charlie Lindgren
20242025,2024020494,2024-12-16,8479979,25,26,1,2.546,1.546,Jake Oettinger
20242025,2024020495,2024-12-16,8475683,13,30,5,2.932,-2.068,Sergei Bobrovsky
20242025,2024020495,2024-12-16,8479973,22,28,6,2.394,-3.606,Stuart Skinner
20242025,2024020496,2024-12-16,8477967,23,31,1,3.311,2.311,Thatcher Demko
20242025,2024020496,2024-12-16,8478406,21,24,2,2.765,0.765,Mackenzie Blackwood
20242025,2024020497,2024-12-17,8473503,7,6,0,0.286,0.286,James Reimer
20242025,2024020497,2024-12-17,8478470,8,21,1,2.107,1.107,Samuel Montembeault
20242025,2024020497,2024-12-17,8480045,7,21,6,3.207,-2.793,Ukko-Pekka Luukkonen
20242025,2024020498,2024-12-17,8476883,14,32,3,2.972,-0.028,Andrei Vasilevskiy
20242025,2024020498,2024-12-17,8482982,29,32,4,4.031,0.031,Jet Greaves
20242025,2024020499,2024-12-17,8475311,26,31,3,3.297,0.297,Darcy Kuemper
20242025,2024020499,2024-12-17,8477968,5,31,2,3.091,1.091,Alex Nedeljkovic
20242025,2024020500,2024-12-17,8477405,2,6,0,0.731,0.731,Marcus Hogberg
20242025,2024020500,2024-12-17,8478009,2,23,4,2.238,-1.762,Ilya Sorokin
20242025,2024020500,2024-12-17,8481611,12,32,0,2.469,2.469,Pyotr Kochetkov
20242025,2024020501,2024-12-17,8474593,1,20,1,1.654,0.654,Jacob Markstrom
20242025,2024020501,2024-12-17,8476412,19,27,3,3.036,0.036,Jordan Binnington
20242025,2024020502,2024-12-17,8477424,18,25,0,2.507,2.507,Juuse Saros
20242025,2024020502,2024-12-17,8478048,3,32,2,2.713,0.713,Igor Shesterkin
20242025,2024020503,2024-12-17,8480313,15,23,3,1.74,-1.26,Logan Thompson
20242025,2024020503,2024-12-17,8482821,16,22,2,1.85,-0.15,Arvid Soderblom
20242025,2024020504,2024-12-17,8480280,6,23,3,1.995,-1.005,Jeremy Swayman
20242025,2024020504,2024-12-17,8481692,20,35,4,3.869,-0.131,Dustin Wolf
20242025,2024020505,2024-12-17,8476999,9,30,0,2.23,2.23,Linus Ullmark
20242025,2024020505,2024-12-17,8478916,55,27,3,2.484,-0.516,Joey Daccord
20242025,2024020506,2024-12-17,8476945,52,35,3,1.878,-1.122,Connor Hellebuyck
20242025,2024020506,2024-12-17,8480382,28,33,4,2.402,-1.598,Alexandar Georgiev
20242025,2024020507,2024-12-18,8479312,17,19,4,1.904,-2.096,Alex Lyon
20242025,2024020507,2024-12-18,8481035,4,23,5,2.84,-2.16,Samuel Ersson
20242025,2024020508,2024-12-18,8479193,25,6,0,0.751,0.751,Casey DeSmith
20242025,2024020508,2024-12-18,8479361,10,39,3,3.248,0.248,Joseph Woll
20242025,2024020508,2024-12-18,8479979,25,12,4,1.508,-2.492,Jake Oettinger
20242025,2024020509,2024-12-18,8470594,30,33,6,3.291,-2.709,Marc-Andre Fleury
20242025,2024020509,2024-12-18,8475683,13,27,1,2.004,1.004,Sergei Bobrovsky
20242025,2024020510,2024-12-18,8477967,23,31,3,4.184,1.184,Thatcher Demko
20242025,2024020510,2024-12-18,8478872,59,26,2,3.187,1.187,Karel Vejmelka
20242025,2024020511,2024-12-18,8477480,52,31,3,3.288,0.288,Eric Comrie
20242025,2024020511,2024-12-18,8480843,24,23,2,3.248,1.248,Lukas Dostal
20242025,2024020512,2024-12-19,8476412,19,11,3,1.585,-1.415,Jordan Binnington
20242025,2024020512,2024-12-19,8476883,14,32,1,2.564,1.564,Andrei Vasilevskiy
20242025,2024020512,2024-12-19,8480981,19,7,0,0.992,0.992,Joel Hofer
20242025,2024020513,2024-12-19,8475311,26,26,3,2.177,-0.823,Darcy Kuemper
20242025,2024020513,2024-12-19,8482783,4,26,6,4.063,-1.937,Aleksei Kolosov
20242025,2024020514,2024-12-19,8474596,1,19,3,1.893,-1.107,Jake Allen
20242025,2024020514,2024-12-19,8478007,29,42,2,4.719,2.719,Elvis Merzlikins
20242025,2024020515,2024-12-19,8477424,18,20,5,1.679,-3.321,Juuse Saros
20242025,2024020515,2024-12-19,8477465,5,26,4,2.532,-1.468,Tristan Jarry
20242025,2024020516,2024-12-19,8478916,55,24,3,2.305,-0.695,Joey Daccord
20242025,2024020516,2024-12-19,8482821,16,27,1,1.999,0.999,Arvid Soderblom
20242025,2024020517,2024-12-19,8476999,9,32,2,3.313,1.313,Linus Ullmark
20242025,2024020517,2024-12-19,8478435,20,29,3,2.46,-0.54,Dan Vladar
20242025,2024020518,2024-12-19,8479973,22,26,2,3.058,1.058,Stuart Skinner
20242025,2024020518,2024-12-19,8480280,6,26,3,3.112,0.112,Jeremy Swayman
20242025,2024020519,2024-12-19,8478499,54,20,1,2.767,1.767,Adin Hill
20242025,2024020519,2024-12-19,8480947,23,20,2,2.142,0.142,Kevin Lankinen
20242025,2024020520,2024-12-19,8478406,21,34,2,2.909,0.909,Mackenzie Blackwood
20242025,2024020520,2024-12-19,8480382,28,31,4,2.858,-1.142,Alexandar Georgiev
20242025,2024020521,2024-12-20,8473503,7,15,1,2.32,1.32,James Reimer
20242025,2024020521,2024-12-20,8476899,10,27,3,2.3,-0.7,Matt Murray
20242025,2024020521,2024-12-20,8480045,7,13,4,1.113,-2.887,Ukko-Pekka Luukkonen
20242025,2024020522,2024-12-20,8475660,17,33,4,3.169,-0.831,Cam Talbot
20242025,2024020522,2024-12-20,8478470,8,28,3,2.56,-0.44,Samuel Montembeault
20242025,2024020523,2024-12-20,8475683,13,27,1,2.831,1.831,Sergei Bobrovsky
20242025,2024020523,2024-12-20,8480981,19,27,2,1.545,-0.455,Joel Hofer
20242025,2024020524,2024-12-20,8479292,15,25,1,2.71,1.71,Charlie Lindgren
20242025,2024020524,2024-12-20,8481611,12,22,3,2.387,-0.613,Pyotr Kochetkov
20242025,2024020525,2024-12-20,8478048,3,42,1,5.624,4.624,Igor Shesterkin
20242025,2024020525,2024-12-20,8479979,25,29,2,3.181,1.181,Jake Oettinger
20242025,2024020526,2024-12-20,8470594,30,18,2,1.015,-0.985,Marc-Andre Fleury
20242025,2024020526,2024-12-20,8478872,59,29,1,3.0,2.0,Karel Vejmelka
20242025,2024020527,2024-12-20,8475809,21,32,2,3.402,1.402,Scott Wedgewood
20242025,2024020527,2024-12-20,8476434,24,22,3,3.275,0.275,John Gibson
20242025,2024020528,2024-12-21,8475311,26,26,3,2.675,-0.325,Darcy Kuemper
20242025,2024020528,2024-12-21,8481020,18,24,2,2.074,0.074,Justus Annunen
20242025,2024020529,2024-12-21,8475852,16,29,5,2.991,-2.009,Petr Mrazek
20242025,2024020529,2024-12-21,8481692,20,28,4,3.354,-0.646,Dustin Wolf
20242025,2024020530,2024-12-21,8475717,22,22,2,2.064,0.064,Calvin Pickard
20242025,2024020530,2024-12-21,8482137,28,42,3,4.258,1.258,Yaroslav Askarov
20242025,2024020531,2024-12-21,8473503,7,18,2,1.608,-0.392,James Reimer
20242025,2024020531,2024-12-21,8476914,6,20,1,1.59,0.59,Joonas Korpisalo
20242025,2024020532,2024-12-21,8478009,2,29,3,2.992,-0.008,Ilya Sorokin
20242025,2024020532,2024-12-21,8479361,10,33,5,3.266,-1.734,Joseph Woll
20242025,2024020533,2024-12-21,8478470,8,21,1,2.613,1.613,Samuel Montembeault
20242025,2024020533,2024-12-21,8479312,17,24,5,2.614,-2.386,Alex Lyon
20242025,2024020534,2024-12-21,8474593,1,12,0,1.429,1.429,Jacob Markstrom
20242025,2024020534,2024-12-21,8477465,5,26,2,2.358,0.358,Tristan Jarry
20242025,2024020535,2024-12-21,8478007,29,30,5,3.377,-1.623,Elvis Merzlikins
20242025,2024020535,2024-12-21,8481035,4,25,4,2.579,-1.421,Samuel Ersson
20242025,2024020536,2024-12-21,8476945,52,19,0,1.537,1.537,Connor Hellebuyck
20242025,2024020536,2024-12-21,8482661,30,24,5,3.011,-1.989,Jesper Wallstedt
20242025,2024020537,2024-12-21,8480947,23,22,5,2.648,-2.352,Kevin Lankinen
20242025,2024020537,2024-12-21,8482447,9,25,4,2.188,-1.812,Leevi Meriläinen
20242025,2024020538,2024-12-21,8475831,55,33,5,3.462,-1.538,Philipp Grubauer
20242025,2024020538,2024-12-21,8478492,54,23,2,1.981,-0.019,Ilya Samsonov
20242025,2024020539,2024-12-22,8478048,3,32,2,4.22,2.22,Igor Shesterkin
20242025,2024020539,2024-12-22,8481611,12,23,1,2.907,1.907,Pyotr Kochetkov
20242025,2024020540,2024-12-22,8476883,14,25,3,2.149,-0.851,Andrei Vasilevskiy
20242025,2024020540,2024-12-22,8481519,13,21,2,2.01,0.01,Spencer Knight
20242025,2024020541,2024-12-22,8479496,26,20,2,1.632,-0.368,David Rittich
20242025,2024020541,2024-12-22,8480313,15,26,1,1.422,0.422,Logan Thompson
20242025,2024020542,2024-12-22,8480843,24,25,4,3.473,-0.527,Lukas Dostal
20242025,2024020542,2024-12-22,8483530,59,30,4,2.742,-1.258,Jaxson Stauber
20242025,2024020543,2024-12-22,8478406,21,19,2,1.451,-0.549,Mackenzie Blackwood
20242025,2024020543,2024-12-22,8478916,55,27,3,2.361,-0.639,Joey Daccord
20242025,2024020544,2024-12-22,8476999,9,7,1,0.952,-0.048,Linus Ullmark
20242025,2024020544,2024-12-22,8479973,22,21,1,1.421,0.421,Stuart Skinner
20242025,2024020544,2024-12-22,8482447,9,14,2,1.998,-0.002,Leevi Meriläinen
20242025,2024020545,2024-12-23,8471734,3,30,5,4.82,-0.18,Jonathan Quick
20242025,2024020545,2024-12-23,8474593,1,12,0,1.258,1.258,Jacob Markstrom
20242025,2024020546,2024-12-23,8476945,52,25,2,1.9,-0.1,Connor Hellebuyck
20242025,2024020546,2024-12-23,8479361,10,26,4,3.511,-0.489,Joseph Woll
20242025,2024020547,2024-12-23,8479292,15,21,3,1.975,-1.025,Charlie Lindgren
20242025,2024020547,2024-12-23,8480280,6,11,1,1.454,0.454,Jeremy Swayman
20242025,2024020548,2024-12-23,8475660,17,20,3,2.936,-0.064,Cam Talbot
20242025,2024020548,2024-12-23,8476412,19,19,0,1.712,1.712,Jordan Binnington
20242025,2024020549,2024-12-23,8475683,13,28,3,2.983,-0.017,Sergei Bobrovsky
20242025,2024020549,2024-12-23,8477992,14,36,0,2.662,2.662,Jonas Johansson
20242025,2024020550,2024-12-23,8477465,5,27,3,2.594,-0.406,Tristan Jarry
20242025,2024020550,2024-12-23,8481035,4,14,5,1.482,-3.518,Samuel Ersson
20242025,2024020550,2024-12-23,8482783,4,7,1,0.635,-0.365,Aleksei Kolosov
20242025,2024020551,2024-12-23,8478470,8,32,5,3.819,-1.181,Samuel Montembeault
20242025,2024020551,2024-12-23,8482982,29,31,4,3.477,-0.523,Jet Greaves
20242025,2024020552,2024-12-23,8478009,2,24,6,2.582,-3.418,Ilya Sorokin
20242025,2024020552,2024-12-23,8480045,7,28,1,2.299,1.299,Ukko-Pekka Luukkonen
20242025,2024020553,2024-12-23,8474682,12,24,4,2.322,-1.678,Dustin Tokarski
20242025,2024020553,2024-12-23,8477424,18,27,2,2.259,0.259,Juuse Saros
20242025,2024020554,2024-12-23,8479406,30,31,3,2.925,-0.075,Filip Gustavsson
20242025,2024020554,2024-12-23,8482821,16,26,3,2.472,-0.528,Arvid Soderblom
20242025,2024020555,2024-12-23,8477967,23,29,3,2.541,-0.459,Thatcher Demko
20242025,2024020555,2024-12-23,8482137,28,24,4,2.697,-1.303,Yaroslav Askarov
20242025,2024020556,2024-12-23,8478872,59,29,3,3.422,0.422,Karel Vejmelka
20242025,2024020556,2024-12-23,8479193,25,26,2,2.917,0.917,Casey DeSmith
20242025,2024020557,2024-12-23,8476434,24,11,0,1.019,1.019,John Gibson
20242025,2024020557,2024-12-23,8478499,54,32,1,2.493,1.493,Adin Hill
20242025,2024020557,2024-12-23,8480843,24,22,3,2.731,-0.269,Lukas Dostal
20242025,2024020558,2024-12-27,8475852,16,11,4,1.417,-2.583,Petr Mrazek
20242025,2024020558,2024-12-27,8480045,7,17,2,1.6,-0.4,Ukko-Pekka Luukkonen
20242025,2024020558,2024-12-27,8482821,16,24,2,2.668,0.668,Arvid Soderblom
20242025,2024020559,2024-12-27,8475660,17,21,5,3.427,-1.573,Cam Talbot
20242025,2024020559,2024-12-27,8479312,17,2,0,0.277,0.277,Alex Lyon
20242025,2024020559,2024-12-27,8479361,10,25,2,2.019,0.019,Joseph Woll
20242025,2024020560,2024-12-27,8474593,1,31,2,3.67,1.67,Jacob Markstrom
20242025,2024020560,2024-12-27,8481611,12,23,4,2.3,-1.7,Pyotr Kochetkov
20242025,2024020561,2024-12-27,8476914,6,33,6,4.159,-1.841,Joonas Korpisalo
20242025,2024020561,2024-12-27,8478007,29,26,2,1.94,-0.06,Elvis Merzlikins
20242025,2024020562,2024-12-27,8477424,18,16,5,1.241,-3.759,Juuse Saros
20242025,2024020562,2024-12-27,8480981,19,30,4,3.204,-0.796,Joel Hofer
20242025,2024020562,2024-12-27,8481020,18,13,1,1.217,0.217,Justus Annunen
20242025,2024020563,2024-12-27,8479406,30,29,2,2.638,0.638,Filip Gustavsson
20242025,2024020563,2024-12-27,8479979,25,18,3,1.057,-1.943,Jake Oettinger
20242025,2024020564,2024-12-27,8478406,21,35,1,3.181,2.181,Mackenzie Blackwood
20242025,2024020564,2024-12-27,8478872,59,35,2,2.927,0.927,Karel Vejmelka
20242025,2024020565,2024-12-27,8478499,54,25,3,2.862,-0.138,Adin Hill
20242025,2024020565,2024-12-27,8480382,28,35,5,3.868,-1.132,Alexandar Georgiev
20242025,2024020566,2024-12-28,8481519,13,25,4,2.514,-1.486,Spencer Knight
20242025,2024020566,2024-12-28,8482487,8,34,0,2.332,2.332,Jakub Dobes
20242025,2024020567,2024-12-28,8475831,55,22,4,2.433,-1.567,Philipp Grubauer
20242025,2024020567,2024-12-28,8477967,23,29,5,2.812,-2.188,Thatcher Demko
20242025,2024020568,2024-12-28,8480843,24,24,2,2.095,0.095,Lukas Dostal
20242025,2024020568,2024-12-28,8481035,4,33,1,3.108,2.108,Samuel Ersson
20242025,2024020569,2024-12-28,8475311,26,27,3,3.458,0.458,Darcy Kuemper
20242025,2024020569,2024-12-28,8479973,22,29,4,3.092,-0.908,Stuart Skinner
20242025,2024020570,2024-12-28,8480193,29,28,4,3.148,-0.852,Daniil Tarasov
20242025,2024020570,2024-12-28,8480280,6,18,0,1.176,1.176,Jeremy Swayman
20242025,2024020571,2024-12-28,8476899,10,31,4,2.677,-1.323,Matt Murray
20242025,2024020571,2024-12-28,8480313,15,37,2,3.722,1.722,Logan Thompson
20242025,2024020572,2024-12-28,8471734,3,12,1,1.33,0.33,Jonathan Quick
20242025,2024020572,2024-12-28,8476883,14,44,2,3.541,1.541,Andrei Vasilevskiy
20242025,2024020572,2024-12-28,8478048,3,13,5,1.997,-3.003,Igor Shesterkin
20242025,2024020573,2024-12-28,8474596,1,40,4,3.916,-0.084,Jake Allen
20242025,2024020573,2024-12-28,8474682,12,23,2,2.344,0.344,Dustin Tokarski
20242025,2024020574,2024-12-28,8476945,52,35,2,3.48,1.48,Connor Hellebuyck
20242025,2024020574,2024-12-28,8481544,9,23,4,2.888,-1.112,Mads Sogaard
20242025,2024020575,2024-12-28,8477465,5,34,5,4.529,-0.471,Tristan Jarry
20242025,2024020575,2024-12-28,8478009,2,25,3,2.872,-0.128,Ilya Sorokin
20242025,2024020576,2024-12-28,8481692,20,22,1,1.623,0.623,Dustin Wolf
20242025,2024020576,2024-12-28,8482137,28,32,2,3.243,1.243,Yaroslav Askarov
20242025,2024020577,2024-12-29,8479979,25,25,1,2.332,1.332,Jake Oettinger
20242025,2024020577,2024-12-29,8482821,16,35,5,3.984,-1.016,Arvid Soderblom
20242025,2024020578,2024-12-29,8475717,22,31,4,3.61,-0.39,Calvin Pickard
20242025,2024020578,2024-12-29,8480843,24,23,3,2.393,-0.607,Lukas Dostal
20242025,2024020579,2024-12-29,8479292,15,27,4,2.943,-1.057,Charlie Lindgren
20242025,2024020579,2024-12-29,8479312,17,27,2,2.184,0.184,Alex Lyon
20242025,2024020580,2024-12-29,8477992,14,36,4,3.355,-0.645,Jonas Johansson
20242025,2024020580,2024-12-29,8478470,8,23,2,3.156,1.156,Samuel Montembeault
20242025,2024020581,2024-12-29,8477405,2,41,3,3.751,0.751,Marcus Hogberg
20242025,2024020581,2024-12-29,8477968,5,31,2,2.643,0.643,Alex Nedeljkovic
20242025,2024020582,2024-12-29,8476412,19,16,4,1.266,-2.734,Jordan Binnington
20242025,2024020582,2024-12-29,8480045,7,37,2,4.567,2.567,Ukko-Pekka Luukkonen
20242025,2024020583,2024-12-29,8479406,30,36,2,2.889,0.889,Filip Gustavsson
20242025,2024020583,2024-12-29,8482447,9,31,1,1.789,0.789,Leevi Meriläinen
20242025,2024020584,2024-12-29,8478435,20,36,2,3.116,1.116,Dan Vladar
20242025,2024020584,2024-12-29,8478492,54,31,0,2.69,2.69,Ilya Samsonov
20242025,2024020585,2024-12-29,8479496,26,21,4,2.151,-1.849,David Rittich
20242025,2024020585,2024-12-29,8482783,4,20,5,2.206,-2.794,Aleksei Kolosov
20242025,2024020586,2024-12-30,8475683,13,35,3,3.336,0.336,Sergei Bobrovsky
20242025,2024020586,2024-12-30,8478048,3,25,4,2.862,-1.138,Igor Shesterkin
20242025,2024020587,2024-12-30,8476945,52,22,0,1.402,1.402,Connor Hellebuyck
20242025,2024020587,2024-12-30,8477424,18,28,3,3.52,0.52,Juuse Saros
20242025,2024020588,2024-12-30,8475831,55,30,2,2.453,0.453,Philipp Grubauer
20242025,2024020588,2024-12-30,8478872,59,32,4,2.503,-1.497,Karel Vejmelka
20242025,2024020589,2024-12-31,8480280,6,26,2,3.446,1.446,Jeremy Swayman
20242025,2024020589,2024-12-31,8480313,15,27,1,2.455,1.455,Logan Thompson
20242025,2024020590,2024-12-31,8478009,2,24,2,2.548,0.548,Ilya Sorokin
20242025,2024020590,2024-12-31,8479361,10,31,1,2.929,1.929,Joseph Woll
20242025,2024020591,2024-12-31,8478470,8,29,2,2.373,0.373,Samuel Montembeault
20242025,2024020591,2024-12-31,8478499,54,22,3,1.867,-1.133,Adin Hill
20242025,2024020592,2024-12-31,8475852,16,28,6,3.267,-2.733,Petr Mrazek
20242025,2024020592,2024-12-31,8476412,19,30,2,2.673,0.673,Jordan Binnington
20242025,2024020593,2024-12-31,8477968,5,24,3,3.009,0.009,Alex Nedeljkovic
20242025,2024020593,2024-12-31,8479312,17,25,2,2.967,0.967,Alex Lyon
20242025,2024020594,2024-12-31,8478007,29,35,3,3.531,0.531,Elvis Merzlikins
20242025,2024020594,2024-12-31,8481611,12,28,3,1.984,-1.016,Pyotr Kochetkov
20242025,2024020595,2024-12-31,8479193,25,23,2,2.495,0.495,Casey DeSmith
20242025,2024020595,2024-12-31,8480045,7,32,3,3.823,0.823,Ukko-Pekka Luukkonen
20242025,2024020596,2024-12-31,8479406,30,46,3,5.182,2.182,Filip Gustavsson
20242025,2024020596,2024-12-31,8481020,18,38,5,3.307,-1.693,Justus Annunen
20242025,2024020597,2024-12-31,8477480,52,36,3,3.012,0.012,Eric Comrie
20242025,2024020597,2024-12-31,8478406,21,22,2,2.485,0.485,Mackenzie Blackwood
20242025,2024020598,2024-12-31,8474593,1,26,3,2.425,-0.575,Jacob Markstrom
20242025,2024020598,2024-12-31,8480843,24,34,2,3.265,1.265,Lukas Dostal
20242025,2024020599,2024-12-31,8480382,28,34,4,3.463,-0.537,Alexandar Georgiev
20242025,2024020599,2024-12-31,8481035,4,15,0,1.367,1.367,Samuel Ersson
20242025,2024020599,2024-12-31,8482783,4,7,0,0.61,0.61,Aleksei Kolosov
20242025,2024020600,2024-12-31,8480947,23,28,2,2.873,0.873,Kevin Lankinen
20242025,2024020600,2024-12-31,8481692,20,24,1,2.511,1.511,Dustin Wolf
20242025,2024020601,2024-12-31,8479973,22,27,1,2.081,1.081,Stuart Skinner
20242025,2024020601,2024-12-31,8483530,59,37,3,3.55,0.55,Jaxson Stauber
20242025,2024020602,2025-01-01,8474596,1,23,2,2.563,0.563,Jake Allen
20242025,2024020602,2025-01-01,8475311,26,33,0,3.235,3.235,Darcy Kuemper
20242025,2024020603,2025-01-02,8475683,13,39,2,2.782,0.782,Sergei Bobrovsky
20242025,2024020603,2025-01-02,8481611,12,26,1,2.944,1.944,Pyotr Kochetkov
20242025,2024020604,2025-01-02,8471734,3,33,1,2.424,1.424,Jonathan Quick
20242025,2024020604,2025-01-02,8480280,6,27,2,2.966,0.966,Jeremy Swayman
20242025,2024020605,2025-01-02,8470594,30,31,3,1.909,-1.091,Marc-Andre Fleury
20242025,2024020605,2025-01-02,8479292,15,33,3,4.21,1.21,Charlie Lindgren
20242025,2024020606,2025-01-02,8475660,17,25,4,1.581,-2.419,Cam Talbot
20242025,2024020606,2025-01-02,8478007,29,26,5,3.185,-1.815,Elvis Merzlikins
20242025,2024020607,2025-01-02,8478009,2,31,2,2.653,0.653,Ilya Sorokin
20242025,2024020607,2025-01-02,8479361,10,33,1,3.316,2.316,Joseph Woll
20242025,2024020608,2025-01-02,8479979,25,13,2,0.967,-1.033,Jake Oettinger
20242025,2024020608,2025-01-02,8482447,9,25,4,2.834,-1.166,Leevi Meriläinen
20242025,2024020609,2025-01-02,8476434,24,30,3,3.971,0.971,John Gibson
20242025,2024020609,2025-01-02,8476945,52,24,4,1.556,-2.444,Connor Hellebuyck
20242025,2024020610,2025-01-02,8475809,21,18,4,1.884,-2.116,Scott Wedgewood
20242025,2024020610,2025-01-02,8478406,21,3,1,0.803,-0.197,Mackenzie Blackwood
20242025,2024020610,2025-01-02,8480045,7,29,6,2.896,-3.104,Ukko-Pekka Luukkonen
20242025,2024020611,2025-01-02,8478435,20,25,4,2.59,-1.41,Dan Vladar
20242025,2024020611,2025-01-02,8478872,59,26,3,1.755,-1.245,Karel Vejmelka
20242025,2024020612,2025-01-02,8478492,54,25,2,2.675,0.675,Ilya Samsonov
20242025,2024020612,2025-01-02,8482783,4,26,4,2.322,-1.678,Aleksei Kolosov
20242025,2024020613,2025-01-02,8475831,55,22,3,2.026,-0.974,Philipp Grubauer
20242025,2024020613,2025-01-02,8477967,23,12,1,1.171,0.171,Thatcher Demko
20242025,2024020613,2025-01-02,8480947,23,15,2,1.729,-0.271,Kevin Lankinen
20242025,2024020614,2025-01-02,8476883,14,25,2,2.239,0.239,Andrei Vasilevskiy
20242025,2024020614,2025-01-02,8482137,28,25,1,2.619,1.619,Yaroslav Askarov
20242025,2024020615,2025-01-03,8477465,5,33,2,2.904,0.904,Tristan Jarry
20242025,2024020615,2025-01-03,8481519,13,31,2,3.687,1.687,Spencer Knight
20242025,2024020616,2025-01-03,8478470,8,26,4,3.72,-0.28,Samuel Montembeault
20242025,2024020616,2025-01-03,8482821,16,40,2,4.152,2.152,Arvid Soderblom
20242025,2024020617,2025-01-03,8476341,9,25,4,2.565,-1.435,Anton Forsberg
20242025,2024020617,2025-01-03,8476412,19,20,0,1.403,1.403,Jordan Binnington
20242025,2024020618,2025-01-03,8479973,22,29,2,2.666,0.666,Stuart Skinner
20242025,2024020618,2025-01-03,8480843,24,26,3,2.531,-0.469,Lukas Dostal
20242025,2024020619,2025-01-03,8477424,18,27,0,1.38,1.38,Juuse Saros
20242025,2024020619,2025-01-03,8480947,23,17,1,1.323,0.323,Kevin Lankinen
20242025,2024020620,2025-01-04,8471734,3,27,6,2.951,-3.049,Jonathan Quick
20242025,2024020620,2025-01-04,8480313,15,33,4,3.627,-0.373,Logan Thompson
20242025,2024020621,2025-01-04,8476945,52,28,3,2.47,-0.53,Connor Hellebuyck
20242025,2024020621,2025-01-04,8479312,17,23,2,2.041,0.041,Alex Lyon
20242025,2024020622,2025-01-04,8474593,1,24,3,2.523,-0.477,Jacob Markstrom
20242025,2024020622,2025-01-04,8482137,28,30,2,3.37,1.37,Yaroslav Askarov
20242025,2024020623,2025-01-04,8479361,10,31,4,3.208,-0.792,Joseph Woll
20242025,2024020623,2025-01-04,8480280,6,27,4,2.161,-1.839,Jeremy Swayman
20242025,2024020624,2025-01-04,8479406,30,21,0,1.983,1.983,Filip Gustavsson
20242025,2024020624,2025-01-04,8481611,12,26,3,2.971,-0.029,Pyotr Kochetkov
20242025,2024020625,2025-01-04,8478007,29,33,4,4.314,0.314,Elvis Merzlikins
20242025,2024020625,2025-01-04,8480981,19,38,5,3.471,-1.529,Joel Hofer
20242025,2024020626,2025-01-04,8478406,21,23,1,2.321,1.321,Mackenzie Blackwood
20242025,2024020626,2025-01-04,8482487,8,23,1,2.299,1.299,Jakub Dobes
20242025,2024020627,2025-01-04,8481020,18,32,1,3.511,2.511,Justus Annunen
20242025,2024020627,2025-01-04,8481692,20,27,3,3.188,0.188,Dustin Wolf
20242025,2024020628,2025-01-04,8478872,59,29,3,4.092,1.092,Karel Vejmelka
20242025,2024020628,2025-01-04,8479979,25,35,2,3.61,1.61,Jake Oettinger
20242025,2024020629,2025-01-04,8475311,26,34,1,2.514,1.514,Darcy Kuemper
20242025,2024020629,2025-01-04,8476883,14,21,2,1.026,-0.974,Andrei Vasilevskiy
20242025,2024020630,2025-01-04,8473503,7,33,3,3.094,0.094,James Reimer
20242025,2024020630,2025-01-04,8478499,54,24,1,1.938,0.938,Adin Hill
20242025,2024020631,2025-01-04,8475717,22,18,2,1.156,-0.844,Calvin Pickard
20242025,2024020631,2025-01-04,8475831,55,31,3,3.299,0.299,Philipp Grubauer
20242025,2024020632,2025-01-05,8475839,3,27,2,2.343,0.343,Louis Domingue
20242025,2024020632,2025-01-05,8482821,16,34,6,2.991,-3.009,Arvid Soderblom
20242025,2024020633,2025-01-05,8476914,6,37,5,2.497,-2.503,Joonas Korpisalo
20242025,2024020633,2025-01-05,8478009,2,30,4,3.559,-0.441,Ilya Sorokin
20242025,2024020634,2025-01-05,8474682,12,19,3,1.48,-1.52,Dustin Tokarski
20242025,2024020634,2025-01-05,8477968,5,31,4,3.327,-0.673,Alex Nedeljkovic
20242025,2024020635,2025-01-05,8478905,4,25,3,2.537,-0.463,Ivan Fedotov
20242025,2024020635,2025-01-05,8483710,10,32,2,3.058,1.058,Dennis Hildeby
20242025,2024020636,2025-01-05,8476434,24,37,1,3.103,2.103,John Gibson
20242025,2024020636,2025-01-05,8477992,14,25,3,2.94,-0.06,Jonas Johansson
20242025,2024020637,2025-01-06,8479292,15,27,3,2.839,-0.161,Charlie Lindgren
20242025,2024020637,2025-01-06,8480045,7,28,3,2.632,-0.368,Ukko-Pekka Luukkonen
20242025,2024020638,2025-01-06,8478470,8,20,4,2.876,-1.124,Samuel Montembeault
20242025,2024020638,2025-01-06,8480947,23,24,5,2.891,-2.109,Kevin Lankinen
20242025,2024020639,2025-01-06,8475683,13,33,2,3.053,1.053,Sergei Bobrovsky
20242025,2024020639,2025-01-06,8478406,21,27,1,3.297,2.297,Mackenzie Blackwood
20242025,2024020640,2025-01-06,8474593,1,24,2,2.639,0.639,Jacob Markstrom
20242025,2024020640,2025-01-06,8475831,55,29,3,3.122,0.122,Philipp Grubauer
20242025,2024020641,2025-01-07,8479973,22,26,0,2.811,2.811,Stuart Skinner
20242025,2024020641,2025-01-07,8480280,6,38,3,4.664,1.664,Jeremy Swayman
20242025,2024020642,2025-01-07,8475660,17,23,2,1.629,-0.371,Cam Talbot
20242025,2024020642,2025-01-07,8476341,9,33,3,3.416,0.416,Anton Forsberg
20242025,2024020642,2025-01-07,8479312,17,10,0,0.625,0.625,Alex Lyon
20242025,2024020643,2025-01-07,8471734,3,39,5,3.304,-1.696,Jonathan Quick
20242025,2024020643,2025-01-07,8479979,25,26,4,2.289,-1.711,Jake Oettinger
20242025,2024020644,2025-01-07,8478905,4,17,3,1.473,-1.527,Ivan Fedotov
20242025,2024020644,2025-01-07,8479361,10,32,2,3.216,1.216,Joseph Woll
20242025,2024020645,2025-01-07,8477465,5,29,3,2.104,-0.896,Tristan Jarry
20242025,2024020645,2025-01-07,8478007,29,23,3,1.535,-1.465,Elvis Merzlikins
20242025,2024020646,2025-01-07,8470594,30,15,0,1.188,1.188,Marc-Andre Fleury
20242025,2024020646,2025-01-07,8476412,19,25,5,2.102,-2.898,Jordan Binnington
20242025,2024020646,2025-01-07,8479406,30,18,4,1.26,-2.74,Filip Gustavsson
20242025,2024020647,2025-01-07,8476945,52,28,2,3.458,1.458,Connor Hellebuyck
20242025,2024020647,2025-01-07,8477424,18,30,4,3.283,-0.717,Juuse Saros
20242025,2024020648,2025-01-07,8476434,24,33,3,4.479,1.479,John Gibson
20242025,2024020648,2025-01-07,8481692,20,28,2,2.434,0.434,Dustin Wolf
20242025,2024020649,2025-01-07,8478492,54,21,2,1.777,-0.223,Ilya Samsonov
20242025,2024020649,2025-01-07,8480382,28,41,3,4.525,1.525,Alexandar Georgiev
20242025,2024020650,2025-01-08,8480313,15,31,1,4.139,3.139,Logan Thompson
20242025,2024020650,2025-01-08,8480947,23,18,2,2.652,0.652,Kevin Lankinen
20242025,2024020651,2025-01-08,8475852,16,36,1,3.01,2.01,Petr Mrazek
20242025,2024020651,2025-01-08,8481529,21,20,3,1.809,-1.191,Trent Miner
20242025,2024020652,2025-01-08,8475683,13,26,1,2.524,1.524,Sergei Bobrovsky
20242025,2024020652,2025-01-08,8478872,59,31,2,1.856,-0.144,Karel Vejmelka
20242025,2024020653,2025-04-17,8478435,20,31,1,3.362,2.362,Dan Vladar
20242025,2024020653,2025-04-17,8479496,26,29,5,3.577,-1.423,David Rittich
20242025,2024020654,2025-01-09,8476341,9,21,4,2.254,-1.746,Anton Forsberg
20242025,2024020654,2025-01-09,8480045,7,35,0,3.069,3.069,Ukko-Pekka Luukkonen
20242025,2024020655,2025-01-09,8476883,14,28,1,1.958,0.958,Andrei Vasilevskiy
20242025,2024020655,2025-01-09,8480280,6,30,3,4.028,1.028,Jeremy Swayman
20242025,2024020656,2025-01-09,8474593,1,32,3,3.062,0.062,Jacob Markstrom
20242025,2024020656,2025-01-09,8478048,3,23,2,2.661,0.661,Igor Shesterkin
20242025,2024020657,2025-01-09,8479193,25,28,1,1.95,0.95,Casey DeSmith
20242025,2024020657,2025-01-09,8481035,4,22,3,2.29,-0.71,Samuel Ersson
20242025,2024020658,2025-01-09,8477968,5,43,3,3.408,0.408,Alex Nedeljkovic
20242025,2024020658,2025-01-09,8479973,22,26,5,2.83,-2.17,Stuart Skinner
20242025,2024020659,2025-01-09,8479361,10,33,5,4.758,-0.242,Joseph Woll
20242025,2024020659,2025-01-09,8481611,12,33,3,3.024,0.024,Pyotr Kochetkov
20242025,2024020660,2025-01-09,8475831,55,19,5,1.987,-3.013,Philipp Grubauer
20242025,2024020660,2025-01-09,8478007,29,31,2,2.398,0.398,Elvis Merzlikins
20242025,2024020660,2025-01-09,8478916,55,4,0,0.264,0.264,Joey Daccord
20242025,2024020661,2025-01-09,8476434,24,12,0,0.865,0.865,John Gibson
20242025,2024020661,2025-01-09,8480843,24,22,6,2.94,-3.06,Lukas Dostal
20242025,2024020661,2025-01-09,8480981,19,23,2,2.042,0.042,Joel Hofer
20242025,2024020662,2025-01-09,8478406,21,25,1,2.433,1.433,Mackenzie Blackwood
20242025,2024020662,2025-01-09,8479406,30,27,6,2.625,-3.375,Filip Gustavsson
20242025,2024020663,2025-01-09,8478009,2,30,0,1.426,1.426,Ilya Sorokin
20242025,2024020663,2025-01-09,8478499,54,20,3,1.894,-1.106,Adin Hill
20242025,2024020664,2025-01-10,8475660,17,15,3,1.3,-1.7,Cam Talbot
20242025,2024020664,2025-01-10,8475852,16,27,4,2.957,-1.043,Petr Mrazek
20242025,2024020665,2025-01-10,8479292,15,9,0,1.558,1.558,Charlie Lindgren
20242025,2024020665,2025-01-10,8480313,15,21,3,3.052,0.052,Logan Thompson
20242025,2024020665,2025-01-10,8482487,8,17,2,2.036,0.036,Jakub Dobes
20242025,2024020666,2025-01-10,8474682,12,14,0,0.883,0.883,Dustin Tokarski
20242025,2024020666,2025-01-10,8477967,23,20,2,1.959,-0.041,Thatcher Demko
20242025,2024020667,2025-01-10,8475311,26,19,1,1.388,0.388,Darcy Kuemper
20242025,2024020667,2025-01-10,8477480,52,23,2,2.193,0.193,Eric Comrie
20242025,2024020668,2025-01-10,8478872,59,19,1,2.134,1.134,Karel Vejmelka
20242025,2024020668,2025-01-10,8480382,28,26,2,2.685,0.685,Alexandar Georgiev
20242025,2024020669,2025-01-11,8475683,13,18,4,1.816,-2.184,Sergei Bobrovsky
20242025,2024020669,2025-01-11,8480280,6,43,3,4.713,1.713,Jeremy Swayman
20242025,2024020670,2025-01-11,8478916,55,35,2,2.016,0.016,Joey Daccord
20242025,2024020670,2025-01-11,8480045,7,28,5,2.72,-2.28,Ukko-Pekka Luukkonen
20242025,2024020671,2025-01-11,8477465,5,5,0,0.191,0.191,Tristan Jarry
20242025,2024020671,2025-01-11,8477968,5,17,5,3.052,-1.948,Alex Nedeljkovic
20242025,2024020671,2025-01-11,8482447,9,29,0,1.481,1.481,Leevi Meriläinen
20242025,2024020672,2025-01-11,8480947,23,20,0,1.633,1.633,Kevin Lankinen
20242025,2024020672,2025-01-11,8483710,10,19,3,1.557,-1.443,Dennis Hildeby
20242025,2024020673,2025-01-11,8478470,8,36,1,4.315,3.315,Samuel Montembeault
20242025,2024020673,2025-01-11,8479979,25,31,1,2.881,1.881,Jake Oettinger
20242025,2024020674,2025-01-11,8474593,1,25,2,2.409,0.409,Jacob Markstrom
20242025,2024020674,2025-01-11,8476883,14,26,3,3.054,0.054,Andrei Vasilevskiy
20242025,2024020675,2025-01-11,8476434,24,30,6,3.921,-2.079,John Gibson
20242025,2024020675,2025-01-11,8481035,4,22,0,0.898,0.898,Samuel Ersson
20242025,2024020676,2025-01-11,8475717,22,22,3,1.901,-1.099,Calvin Pickard
20242025,2024020676,2025-01-11,8482821,16,34,4,4.773,0.773,Arvid Soderblom
20242025,2024020677,2025-01-11,8476412,19,30,2,1.673,-0.327,Jordan Binnington
20242025,2024020677,2025-01-11,8482982,29,32,1,3.088,2.088,Jet Greaves
20242025,2024020678,2025-01-11,8476945,52,22,0,1.526,1.526,Connor Hellebuyck
20242025,2024020678,2025-01-11,8478406,21,28,2,2.19,0.19,Mackenzie Blackwood
20242025,2024020679,2025-01-11,8477424,18,15,3,1.199,-1.801,Juuse Saros
20242025,2024020679,2025-01-11,8480313,15,33,1,2.677,1.677,Logan Thompson
20242025,2024020680,2025-01-11,8477405,2,22,1,2.093,1.093,Marcus Hogberg
20242025,2024020680,2025-01-11,8478971,59,32,2,3.804,1.804,Connor Ingram
20242025,2024020681,2025-01-11,8479496,26,18,2,2.278,0.278,David Rittich
20242025,2024020681,2025-01-11,8481692,20,32,1,2.755,1.755,Dustin Wolf
20242025,2024020682,2025-01-11,8478048,3,30,1,3.166,2.166,Igor Shesterkin
20242025,2024020682,2025-01-11,8478492,54,26,2,2.327,0.327,Ilya Samsonov
20242025,2024020683,2025-01-11,8470594,30,37,1,2.538,1.538,Marc-Andre Fleury
20242025,2024020683,2025-01-11,8482137,28,22,3,2.276,-0.724,Yaroslav Askarov
20242025,2024020684,2025-01-12,8475660,17,33,2,1.972,-0.028,Cam Talbot
20242025,2024020684,2025-01-12,8475831,55,4,3,0.602,-2.398,Philipp Grubauer
20242025,2024020684,2025-01-12,8478916,55,19,3,1.469,-1.531,Joey Daccord
20242025,2024020685,2025-01-12,8479193,25,27,3,2.728,-0.272,Casey DeSmith
20242025,2024020685,2025-01-12,8482447,9,26,2,2.383,0.383,Leevi Meriläinen
20242025,2024020686,2025-01-12,8477465,5,17,3,1.541,-1.459,Tristan Jarry
20242025,2024020686,2025-01-12,8477992,14,33,2,2.783,0.783,Jonas Johansson
20242025,2024020687,2025-01-12,8480843,24,37,2,2.997,0.997,Lukas Dostal
20242025,2024020687,2025-01-12,8481611,12,20,3,2.053,-0.947,Pyotr Kochetkov
20242025,2024020688,2025-01-12,8478499,54,16,1,1.962,0.962,Adin Hill
20242025,2024020688,2025-01-12,8479406,30,37,4,4.644,0.644,Filip Gustavsson
20242025,2024020689,2025-01-13,8475683,13,29,4,3.714,-0.286,Sergei Bobrovsky
20242025,2024020689,2025-01-13,8481035,4,23,3,1.914,-1.086,Samuel Ersson
20242025,2024020690,2025-01-13,8475852,16,36,5,3.111,-1.889,Petr Mrazek
20242025,2024020690,2025-01-13,8481692,20,25,2,2.163,0.163,Dustin Wolf
20242025,2024020691,2025-01-13,8475311,26,30,1,3.114,2.114,Darcy Kuemper
20242025,2024020691,2025-01-13,8479973,22,30,0,2.336,2.336,Stuart Skinner
20242025,2024020692,2025-01-14,8476883,14,22,4,1.967,-2.033,Andrei Vasilevskiy
20242025,2024020692,2025-01-14,8480280,6,45,2,3.52,1.52,Jeremy Swayman
20242025,2024020693,2025-01-14,8479361,10,23,4,2.74,-1.26,Joseph Woll
20242025,2024020693,2025-01-14,8479979,25,28,1,1.853,0.853,Jake Oettinger
20242025,2024020694,2025-01-14,8478024,17,23,5,1.928,-3.072,Ville Husso
20242025,2024020694,2025-01-14,8480382,28,28,3,2.904,-0.096,Alexandar Georgiev
20242025,2024020695,2025-01-14,8474593,1,28,1,2.111,1.111,Jacob Markstrom
20242025,2024020695,2025-01-14,8481519,13,27,1,2.276,1.276,Spencer Knight
20242025,2024020696,2025-01-14,8477465,5,17,3,1.0,-2.0,Tristan Jarry
20242025,2024020696,2025-01-14,8478916,55,33,2,2.431,0.431,Joey Daccord
20242025,2024020697,2025-01-14,8476434,24,25,3,3.034,0.034,John Gibson
20242025,2024020697,2025-01-14,8480313,15,19,0,1.817,1.817,Logan Thompson
20242025,2024020698,2025-01-14,8478905,4,28,2,2.673,0.673,Ivan Fedotov
20242025,2024020698,2025-01-14,8480193,29,25,2,2.309,0.309,Daniil Tarasov
20242025,2024020699,2025-01-14,8477405,2,26,1,3.302,2.302,Marcus Hogberg
20242025,2024020699,2025-01-14,8482447,9,24,0,0.959,0.959,Leevi Meriläinen
20242025,2024020700,2025-01-14,8476412,19,28,1,1.347,0.347,Jordan Binnington
20242025,2024020700,2025-01-14,8478435,20,25,2,1.913,-0.087,Dan Vladar
20242025,2024020701,2025-01-14,8478492,54,22,4,2.093,-1.907,Ilya Samsonov
20242025,2024020701,2025-01-14,8481020,18,22,3,1.758,-1.242,Justus Annunen
20242025,2024020702,2025-01-14,8476945,52,24,1,1.406,0.406,Connor Hellebuyck
20242025,2024020702,2025-01-14,8480947,23,33,6,4.936,-1.064,Kevin Lankinen
20242025,2024020703,2025-01-14,8478048,3,26,3,2.483,-0.517,Igor Shesterkin
20242025,2024020703,2025-01-14,8478406,21,29,2,3.175,1.175,Mackenzie Blackwood
20242025,2024020704,2025-01-14,8478470,8,25,3,3.845,0.845,Samuel Montembeault
20242025,2024020704,2025-01-14,8478872,59,27,5,2.669,-2.331,Karel Vejmelka
20242025,2024020705,2025-01-15,8474682,12,24,3,2.069,-0.931,Dustin Tokarski
20242025,2024020705,2025-01-15,8480045,7,37,2,2.069,0.069,Ukko-Pekka Luukkonen
20242025,2024020706,2025-01-15,8475717,22,34,3,2.787,-0.213,Calvin Pickard
20242025,2024020706,2025-01-15,8479406,30,36,5,3.026,-1.974,Filip Gustavsson
20242025,2024020707,2025-01-16,8474593,1,41,4,2.805,-1.195,Jacob Markstrom
20242025,2024020707,2025-01-16,8479361,10,24,3,2.94,-0.06,Joseph Woll
20242025,2024020708,2025-01-16,8480313,15,24,0,2.037,2.037,Logan Thompson
20242025,2024020708,2025-01-16,8482447,9,26,1,2.287,1.287,Leevi Meriläinen
20242025,2024020709,2025-01-16,8476883,14,37,3,2.383,-0.617,Andrei Vasilevskiy
20242025,2024020709,2025-01-16,8480843,24,35,3,4.982,1.982,Lukas Dostal
20242025,2024020710,2025-01-16,8475660,17,43,2,4.429,2.429,Cam Talbot
20242025,2024020710,2025-01-16,8475683,13,15,4,1.368,-2.632,Sergei Bobrovsky
20242025,2024020710,2025-01-16,8481519,13,4,0,0.374,0.374,Spencer Knight
20242025,2024020711,2025-01-16,8478007,29,19,1,2.476,1.476,Elvis Merzlikins
20242025,2024020711,2025-01-16,8480382,28,33,3,4.389,1.389,Alexandar Georgiev
20242025,2024020712,2025-01-16,8478009,2,23,4,2.734,-1.266,Ilya Sorokin
20242025,2024020712,2025-01-16,8481035,4,29,3,2.492,-0.508,Samuel Ersson
20242025,2024020713,2025-01-16,8480981,19,29,1,2.175,1.175,Joel Hofer
20242025,2024020713,2025-01-16,8481692,20,29,4,2.946,-1.054,Dustin Wolf
20242025,2024020714,2025-01-16,8477424,18,26,2,2.85,0.85,Juuse Saros
20242025,2024020714,2025-01-16,8482821,16,41,2,3.875,1.875,Arvid Soderblom
20242025,2024020715,2025-01-16,8479979,25,23,2,3.305,1.305,Jake Oettinger
20242025,2024020715,2025-01-16,8482487,8,33,1,3.142,2.142,Jakub Dobes
20242025,2024020716,2025-01-16,8476945,52,18,1,1.315,0.315,Connor Hellebuyck
20242025,2024020716,2025-01-16,8478916,55,36,2,3.06,1.06,Joey Daccord
20242025,2024020717,2025-01-16,8478048,3,31,3,3.646,0.646,Igor Shesterkin
20242025,2024020717,2025-01-16,8478872,59,24,4,2.684,-1.316,Karel Vejmelka
20242025,2024020718,2025-01-16,8478406,21,28,4,2.875,-1.125,Mackenzie Blackwood
20242025,2024020718,2025-01-16,8479973,22,25,3,2.172,-0.828,Stuart Skinner
20242025,2024020719,2025-01-16,8475311,26,21,1,1.682,0.682,Darcy Kuemper
20242025,2024020719,2025-01-16,8477967,23,21,5,2.778,-2.222,Thatcher Demko
20242025,2024020720,2025-01-17,8477968,5,42,2,4.378,2.378,Alex Nedeljkovic
20242025,2024020720,2025-01-17,8480045,7,18,4,1.717,-2.283,Ukko-Pekka Luukkonen
20242025,2024020721,2025-01-17,8478499,54,28,3,3.165,0.165,Adin Hill
20242025,2024020721,2025-01-17,8481611,12,31,2,3.108,1.108,Pyotr Kochetkov
20242025,2024020722,2025-01-18,8474596,1,17,2,1.807,-0.193,Jake Allen
20242025,2024020722,2025-01-18,8481035,4,13,1,1.254,0.254,Samuel Ersson
20242025,2024020723,2025-01-18,8480280,6,44,5,4.472,-0.528,Jeremy Swayman
20242025,2024020723,2025-01-18,8482447,9,28,5,2.459,-2.541,Leevi Meriläinen
20242025,2024020724,2025-01-18,8475809,21,29,3,2.16,-0.84,Scott Wedgewood
20242025,2024020724,2025-01-18,8479193,25,36,6,3.61,-2.39,Casey DeSmith
20242025,2024020725,2025-01-18,8476434,24,44,2,3.559,1.559,John Gibson
20242025,2024020725,2025-01-18,8481519,13,34,0,2.18,2.18,Spencer Knight
20242025,2024020726,2025-01-18,8478470,8,33,6,3.667,-2.333,Samuel Montembeault
20242025,2024020726,2025-01-18,8479361,10,35,3,4.43,1.43,Joseph Woll
20242025,2024020727,2025-01-18,8475660,17,16,5,2.383,-2.617,Cam Talbot
20242025,2024020727,2025-01-18,8476883,14,39,1,3.201,2.201,Andrei Vasilevskiy
20242025,2024020727,2025-01-18,8479312,17,6,0,0.738,0.738,Alex Lyon
20242025,2024020728,2025-01-18,8478048,3,27,0,2.255,2.255,Igor Shesterkin
20242025,2024020728,2025-01-18,8480193,29,26,0,2.166,2.166,Daniil Tarasov
20242025,2024020729,2025-01-18,8480313,15,19,1,1.633,0.633,Logan Thompson
20242025,2024020729,2025-01-18,8482446,5,31,3,3.615,0.615,Joel Blomqvist
20242025,2024020730,2025-01-18,8477480,52,21,2,1.603,-0.397,Eric Comrie
20242025,2024020730,2025-01-18,8481692,20,39,1,3.823,2.823,Dustin Wolf
20242025,2024020731,2025-01-18,8477405,2,19,1,0.965,-0.035,Marcus Hogberg
20242025,2024020731,2025-01-18,8480382,28,31,4,2.525,-1.475,Alexandar Georgiev
20242025,2024020732,2025-01-18,8475852,16,35,3,3.062,0.062,Petr Mrazek
20242025,2024020732,2025-01-18,8478492,54,23,5,3.275,-1.725,Ilya Samsonov
20242025,2024020733,2025-01-18,8470594,30,37,5,3.881,-1.119,Marc-Andre Fleury
20242025,2024020733,2025-01-18,8477424,18,29,2,2.196,0.196,Juuse Saros
20242025,2024020734,2025-01-18,8476412,19,33,4,3.051,-0.949,Jordan Binnington
20242025,2024020734,2025-01-18,8478971,59,24,2,2.106,0.106,Connor Ingram
20242025,2024020735,2025-01-18,8477967,23,15,2,0.954,-1.046,Thatcher Demko
20242025,2024020735,2025-01-18,8479973,22,27,3,2.476,-0.524,Stuart Skinner
20242025,2024020736,2025-01-18,8475311,26,21,3,2.184,-0.816,Darcy Kuemper
20242025,2024020736,2025-01-18,8478916,55,30,2,2.016,0.016,Joey Daccord
20242025,2024020737,2025-01-19,8474593,1,20,2,1.886,-0.114,Jacob Markstrom
20242025,2024020737,2025-01-19,8476341,9,26,1,1.858,0.858,Anton Forsberg
20242025,2024020738,2025-01-19,8471734,3,37,5,5.598,0.598,Jonathan Quick
20242025,2024020738,2025-01-19,8482487,8,28,4,3.274,-0.726,Jakub Dobes
20242025,2024020739,2025-01-19,8479312,17,25,4,3.01,-0.99,Alex Lyon
20242025,2024020739,2025-01-19,8479979,25,34,1,2.674,1.674,Jake Oettinger
20242025,2024020740,2025-01-20,8476914,6,28,3,2.653,-0.347,Joonas Korpisalo
20242025,2024020740,2025-01-20,8482137,28,31,4,3.318,-0.682,Yaroslav Askarov
20242025,2024020741,2025-01-20,8470594,30,27,1,2.484,1.484,Marc-Andre Fleury
20242025,2024020741,2025-01-20,8478406,21,26,3,2.773,-0.227,Mackenzie Blackwood
20242025,2024020742,2025-01-20,8478916,55,29,4,2.815,-1.185,Joey Daccord
20242025,2024020742,2025-01-20,8482221,7,33,5,3.323,-1.677,Devon Levi
20242025,2024020743,2025-01-20,8476412,19,32,4,2.543,-1.457,Jordan Binnington
20242025,2024020743,2025-01-20,8478499,54,28,4,2.24,-1.76,Adin Hill
20242025,2024020744,2025-01-20,8477992,14,27,4,3.608,-0.392,Jonas Johansson
20242025,2024020744,2025-01-20,8479361,10,30,3,2.104,-0.896,Joseph Woll
20242025,2024020745,2025-01-20,8478007,29,25,3,2.776,-0.224,Elvis Merzlikins
20242025,2024020745,2025-01-20,8478009,2,26,1,2.122,1.122,Ilya Sorokin
20242025,2024020746,2025-01-20,8475852,16,48,4,4.466,0.466,Petr Mrazek
20242025,2024020746,2025-01-20,8475883,12,25,3,3.084,0.084,Frederik Andersen
20242025,2024020747,2025-01-20,8476945,52,27,4,2.464,-1.536,Connor Hellebuyck
20242025,2024020747,2025-01-20,8478971,59,25,2,2.095,0.095,Connor Ingram
20242025,2024020748,2025-01-20,8477968,5,26,1,1.624,0.624,Alex Nedeljkovic
20242025,2024020748,2025-01-20,8479496,26,33,5,3.71,-1.29,David Rittich
20242025,2024020749,2025-01-21,8476883,14,22,3,2.292,-0.708,Andrei Vasilevskiy
20242025,2024020749,2025-01-21,8478470,8,35,2,4.133,2.133,Samuel Montembeault
20242025,2024020750,2025-01-21,8476341,9,13,3,1.81,-1.19,Anton Forsberg
20242025,2024020750,2025-01-21,8478048,3,20,0,0.774,0.774,Igor Shesterkin
20242025,2024020750,2025-01-21,8482447,9,16,2,0.879,-1.121,Leevi Meriläinen
20242025,2024020751,2025-01-21,8479312,17,26,2,2.623,0.623,Alex Lyon
20242025,2024020751,2025-01-21,8481035,4,28,1,1.911,0.911,Samuel Ersson
20242025,2024020752,2025-01-21,8477424,18,8,4,0.74,-3.26,Juuse Saros
20242025,2024020752,2025-01-21,8480382,28,40,6,3.974,-2.026,Alexandar Georgiev
20242025,2024020752,2025-01-21,8481020,18,16,1,1.129,0.129,Justus Annunen
20242025,2024020753,2025-01-21,8479979,25,19,2,1.375,-0.625,Jake Oettinger
20242025,2024020753,2025-01-21,8481611,12,23,1,3.502,2.502,Pyotr Kochetkov
20242025,2024020754,2025-01-21,8479973,22,14,3,1.745,-1.255,Stuart Skinner
20242025,2024020754,2025-01-21,8480313,15,32,2,3.991,1.991,Logan Thompson
20242025,2024020755,2025-01-21,8477967,23,26,3,1.936,-1.064,Thatcher Demko
20242025,2024020755,2025-01-21,8480045,7,34,2,3.426,1.426,Ukko-Pekka Luukkonen
20242025,2024020756,2025-01-21,8475683,13,30,2,1.656,-0.344,Sergei Bobrovsky
20242025,2024020756,2025-01-21,8480843,24,29,5,3.353,-1.647,Lukas Dostal
20242025,2024020757,2025-01-22,8478007,29,29,1,3.408,2.408,Elvis Merzlikins
20242025,2024020757,2025-01-22,8483710,10,18,4,2.4,-1.6,Dennis Hildeby
20242025,2024020758,2025-01-22,8474593,1,7,1,0.52,-0.48,Jacob Markstrom
20242025,2024020758,2025-01-22,8474596,1,16,0,1.505,1.505,Jake Allen
20242025,2024020758,2025-01-22,8476914,6,6,1,0.629,-0.371,Joonas Korpisalo
20242025,2024020758,2025-01-22,8480280,6,28,4,3.264,-0.736,Jeremy Swayman
20242025,2024020759,2025-01-22,8476945,52,27,2,3.126,1.126,Connor Hellebuyck
20242025,2024020759,2025-01-22,8478406,21,25,3,2.506,-0.494,Mackenzie Blackwood
20242025,2024020760,2025-01-22,8475311,26,28,1,2.347,1.347,Darcy Kuemper
20242025,2024020760,2025-01-22,8481519,13,28,2,2.238,0.238,Spencer Knight
20242025,2024020761,2025-01-23,8476341,9,25,1,3.9,2.9,Anton Forsberg
20242025,2024020761,2025-01-23,8476914,6,29,0,1.968,1.968,Joonas Korpisalo
20242025,2024020762,2025-01-23,8475660,17,29,2,2.691,0.691,Cam Talbot
20242025,2024020762,2025-01-23,8478470,8,45,4,4.921,0.921,Samuel Montembeault
20242025,2024020763,2025-01-23,8478048,3,34,1,3.809,2.809,Igor Shesterkin
20242025,2024020763,2025-01-23,8481035,4,36,5,3.566,-1.434,Samuel Ersson
20242025,2024020764,2025-01-23,8475883,12,22,4,1.358,-2.642,Frederik Andersen
20242025,2024020764,2025-01-23,8480193,29,42,6,5.172,-0.828,Daniil Tarasov
20242025,2024020765,2025-01-23,8478492,54,17,2,1.409,-0.591,Ilya Samsonov
20242025,2024020765,2025-01-23,8480981,19,30,3,3.798,0.798,Joel Hofer
20242025,2024020766,2025-01-23,8478872,59,26,0,2.304,2.304,Karel Vejmelka
20242025,2024020766,2025-01-23,8479406,30,29,4,2.852,-1.148,Filip Gustavsson
20242025,2024020767,2025-01-23,8480045,7,24,3,2.223,-0.777,Ukko-Pekka Luukkonen
20242025,2024020767,2025-01-23,8481692,20,34,2,2.205,0.205,Dustin Wolf
20242025,2024020768,2025-01-23,8475717,22,26,2,1.888,-0.112,Calvin Pickard
20242025,2024020768,2025-01-23,8477967,23,34,6,5.149,-0.851,Thatcher Demko
20242025,2024020769,2025-01-23,8476434,24,32,1,2.337,1.337,John Gibson
20242025,2024020769,2025-01-23,8477968,5,33,4,3.717,-0.283,Alex Nedeljkovic
20242025,2024020770,2025-01-23,8478916,55,32,2,4.416,2.416,Joey Daccord
20242025,2024020770,2025-01-23,8479292,15,22,0,1.513,1.513,Charlie Lindgren
20242025,2024020771,2025-01-23,8481020,18,35,5,3.003,-1.997,Justus Annunen
20242025,2024020771,2025-01-23,8482137,28,38,6,4.823,-1.177,Yaroslav Askarov
20242025,2024020772,2025-01-24,8478009,2,30,1,2.326,1.326,Ilya Sorokin
20242025,2024020772,2025-01-24,8478905,4,27,3,1.883,-1.117,Ivan Fedotov
20242025,2024020773,2025-01-24,8477992,14,14,3,1.099,-1.901,Jonas Johansson
20242025,2024020773,2025-01-24,8482821,16,40,4,4.373,0.373,Arvid Soderblom
20242025,2024020774,2025-01-24,8478499,54,27,4,3.563,-0.437,Adin Hill
20242025,2024020774,2025-01-24,8479979,25,21,3,2.622,-0.378,Jake Oettinger
20242025,2024020775,2025-01-24,8476945,52,19,2,1.483,-0.517,Connor Hellebuyck
20242025,2024020775,2025-01-24,8478971,59,28,4,2.556,-1.444,Connor Ingram
20242025,2024020776,2025-01-25,8475809,21,14,2,0.94,-1.06,Scott Wedgewood
20242025,2024020776,2025-01-25,8480280,6,28,1,2.193,1.193,Jeremy Swayman
20242025,2024020777,2025-01-25,8473503,7,34,3,3.535,0.535,James Reimer
20242025,2024020777,2025-01-25,8479973,22,41,2,5.231,3.231,Stuart Skinner
20242025,2024020778,2025-01-25,8478916,55,29,1,2.593,1.593,Joey Daccord
20242025,2024020778,2025-01-25,8482446,5,25,4,2.44,-1.56,Joel Blomqvist
20242025,2024020779,2025-01-25,8474596,1,32,3,3.713,0.713,Jake Allen
20242025,2024020779,2025-01-25,8482487,8,44,4,5.045,1.045,Jakub Dobes
20242025,2024020780,2025-01-25,8476341,9,29,1,2.2,1.2,Anton Forsberg
20242025,2024020780,2025-01-25,8479361,10,23,2,3.041,1.041,Joseph Woll
20242025,2024020781,2025-01-25,8475660,17,28,0,2.04,2.04,Cam Talbot
20242025,2024020781,2025-01-25,8476883,14,31,1,3.35,2.35,Andrei Vasilevskiy
20242025,2024020782,2025-01-25,8475311,26,24,3,2.553,-0.447,Darcy Kuemper
20242025,2024020782,2025-01-25,8478007,29,33,2,3.907,1.907,Elvis Merzlikins
20242025,2024020783,2025-01-25,8476412,19,19,2,1.936,-0.064,Jordan Binnington
20242025,2024020783,2025-01-25,8479193,25,33,0,2.753,2.753,Casey DeSmith
20242025,2024020784,2025-01-25,8470594,30,29,5,2.689,-2.311,Marc-Andre Fleury
20242025,2024020784,2025-01-25,8481692,20,25,4,2.305,-1.695,Dustin Wolf
20242025,2024020785,2025-01-25,8477405,2,26,2,1.691,-0.309,Marcus Hogberg
20242025,2024020785,2025-01-25,8478009,2,1,0,0.245,0.245,Ilya Sorokin
20242025,2024020785,2025-01-25,8481611,12,27,3,1.789,-1.211,Pyotr Kochetkov
20242025,2024020786,2025-01-25,8479292,15,25,2,1.536,-0.464,Charlie Lindgren
20242025,2024020786,2025-01-25,8480947,23,33,1,2.727,1.727,Kevin Lankinen
20242025,2024020787,2025-01-25,8476434,24,10,1,0.886,-0.114,John Gibson
20242025,2024020787,2025-01-25,8477424,18,35,5,3.95,-1.05,Juuse Saros
20242025,2024020787,2025-01-25,8480843,24,33,1,2.675,1.675,Lukas Dostal
20242025,2024020788,2025-01-25,8475683,13,23,2,1.753,-0.247,Sergei Bobrovsky
20242025,2024020788,2025-01-25,8480382,28,15,4,2.315,-1.685,Alexandar Georgiev
20242025,2024020788,2025-01-25,8482137,28,17,3,2.481,-0.519,Yaroslav Askarov
20242025,2024020789,2025-01-26,8478048,3,22,5,2.522,-2.478,Igor Shesterkin
20242025,2024020789,2025-01-26,8478406,21,37,4,4.232,0.232,Mackenzie Blackwood
20242025,2024020790,2025-01-26,8478872,59,27,3,3.235,0.235,Karel Vejmelka
20242025,2024020790,2025-01-26,8482447,9,35,1,2.653,1.653,Leevi Meriläinen
20242025,2024020791,2025-01-26,8477480,52,22,2,2.173,0.173,Eric Comrie
20242025,2024020791,2025-01-26,8478435,20,27,5,2.738,-2.262,Dan Vladar
20242025,2024020792,2025-01-26,8475852,16,27,3,2.457,-0.543,Petr Mrazek
20242025,2024020792,2025-01-26,8479406,30,20,2,1.409,-0.591,Filip Gustavsson
20242025,2024020793,2025-01-26,8478499,54,34,1,3.177,2.177,Adin Hill
20242025,2024020793,2025-01-26,8481519,13,25,3,2.851,-0.149,Spencer Knight
20242025,2024020794,2025-01-27,8475311,26,27,4,2.718,-1.282,Darcy Kuemper
20242025,2024020794,2025-01-27,8475660,17,26,2,2.446,0.446,Cam Talbot
20242025,2024020795,2025-01-27,8474596,1,25,3,2.725,-0.275,Jake Allen
20242025,2024020795,2025-01-27,8481035,4,33,2,3.212,1.212,Samuel Ersson
20242025,2024020796,2025-01-27,8476412,19,18,3,2.397,-0.603,Jordan Binnington
20242025,2024020796,2025-01-27,8480947,23,26,2,1.888,-0.112,Kevin Lankinen
20242025,2024020796,2025-01-27,8480981,19,11,1,0.625,-0.375,Joel Hofer
20242025,2024020797,2025-01-27,8475717,22,28,2,2.82,0.82,Calvin Pickard
20242025,2024020797,2025-01-27,8478916,55,30,3,3.673,0.673,Joey Daccord
20242025,2024020798,2025-01-27,8477968,5,28,2,2.108,0.108,Alex Nedeljkovic
20242025,2024020798,2025-01-27,8482137,28,30,1,2.837,1.837,Yaroslav Askarov
20242025,2024020799,2025-01-28,8480045,7,27,2,2.856,0.856,Ukko-Pekka Luukkonen
20242025,2024020799,2025-01-28,8480280,6,32,6,2.784,-3.216,Jeremy Swayman
20242025,2024020800,2025-01-28,8476945,52,25,1,2.539,1.539,Connor Hellebuyck
20242025,2024020800,2025-01-28,8478470,8,23,3,2.441,-0.559,Samuel Montembeault
20242025,2024020801,2025-01-28,8477992,14,20,3,2.215,-0.785,Jonas Johansson
20242025,2024020801,2025-01-28,8482821,16,35,1,3.868,2.868,Arvid Soderblom
20242025,2024020802,2025-01-28,8475883,12,22,0,1.893,1.893,Frederik Andersen
20242025,2024020802,2025-01-28,8478048,3,26,4,2.999,-1.001,Igor Shesterkin
20242025,2024020803,2025-01-28,8478009,2,32,2,3.039,1.039,Ilya Sorokin
20242025,2024020803,2025-01-28,8478406,21,27,4,2.197,-1.803,Mackenzie Blackwood
20242025,2024020804,2025-01-28,8480313,15,33,1,2.608,1.608,Logan Thompson
20242025,2024020804,2025-01-28,8481692,20,23,3,2.328,-0.672,Dustin Wolf
20242025,2024020805,2025-01-28,8478499,54,28,4,3.866,-0.134,Adin Hill
20242025,2024020805,2025-01-28,8479979,25,28,3,2.353,-0.647,Jake Oettinger
20242025,2024020806,2025-01-28,8475831,55,22,5,2.287,-2.713,Philipp Grubauer
20242025,2024020806,2025-01-28,8480843,24,30,4,2.593,-1.407,Lukas Dostal
20242025,2024020807,2025-01-29,8479361,10,24,2,1.766,-0.234,Joseph Woll
20242025,2024020807,2025-01-29,8479406,30,33,1,2.311,1.311,Filip Gustavsson
20242025,2024020808,2025-01-29,8475311,26,38,2,4.134,2.134,Darcy Kuemper
20242025,2024020808,2025-01-29,8475683,13,29,0,1.776,1.776,Sergei Bobrovsky
20242025,2024020809,2025-01-29,8474596,1,24,0,2.388,2.388,Jake Allen
20242025,2024020809,2025-01-29,8478905,4,10,1,0.873,-0.127,Ivan Fedotov
20242025,2024020809,2025-01-29,8481035,4,16,4,2.025,-1.975,Samuel Ersson
20242025,2024020810,2025-01-29,8477424,18,21,2,1.968,-0.032,Juuse Saros
20242025,2024020810,2025-01-29,8477967,23,32,1,3.729,2.729,Thatcher Demko
20242025,2024020811,2025-01-29,8477968,5,29,2,2.851,0.851,Alex Nedeljkovic
20242025,2024020811,2025-01-29,8478971,59,29,3,3.023,0.023,Connor Ingram
20242025,2024020812,2025-01-30,8476914,6,27,5,3.601,-1.399,Joonas Korpisalo
20242025,2024020812,2025-01-30,8476945,52,28,2,1.958,-0.042,Connor Hellebuyck
20242025,2024020813,2025-01-30,8470594,30,19,0,2.26,2.26,Marc-Andre Fleury
20242025,2024020813,2025-01-30,8482487,8,26,3,2.559,-0.441,Jakub Dobes
20242025,2024020814,2025-01-30,8476341,9,35,4,3.797,-0.203,Anton Forsberg
20242025,2024020814,2025-01-30,8479292,15,34,5,3.817,-1.183,Charlie Lindgren
20242025,2024020815,2025-01-30,8476883,14,28,0,1.318,1.318,Andrei Vasilevskiy
20242025,2024020815,2025-01-30,8479496,26,32,2,3.748,1.748,David Rittich
20242025,2024020816,2025-01-30,8478009,2,23,0,2.142,2.142,Ilya Sorokin
20242025,2024020816,2025-01-30,8478905,4,28,3,2.183,-0.817,Ivan Fedotov
20242025,2024020817,2025-01-30,8481611,12,20,2,1.974,-0.026,Pyotr Kochetkov
20242025,2024020817,2025-01-30,8482821,16,27,3,4.012,1.012,Arvid Soderblom
20242025,2024020818,2025-01-30,8476434,24,29,3,2.442,-0.558,John Gibson
20242025,2024020818,2025-01-30,8481692,20,31,1,2.881,1.881,Dustin Wolf
20242025,2024020819,2025-01-30,8479312,17,47,2,6.571,4.571,Alex Lyon
20242025,2024020819,2025-01-30,8479973,22,35,2,4.184,2.184,Stuart Skinner
20242025,2024020820,2025-01-30,8478007,29,26,1,1.607,0.607,Elvis Merzlikins
20242025,2024020820,2025-01-30,8478492,54,24,2,2.677,0.677,Ilya Samsonov
20242025,2024020821,2025-01-30,8478916,55,28,2,1.684,-0.316,Joey Daccord
20242025,2024020821,2025-01-30,8480382,28,22,2,2.216,0.216,Alexandar Georgiev
20242025,2024020821,2025-01-30,8482137,28,11,4,1.007,-2.993,Yaroslav Askarov
20242025,2024020822,2025-01-31,8480045,7,31,3,2.883,-0.117,Ukko-Pekka Luukkonen
20242025,2024020822,2025-01-31,8481020,18,27,4,2.431,-1.569,Justus Annunen
20242025,2024020823,2025-01-31,8477967,23,14,3,1.516,-1.484,Thatcher Demko
20242025,2024020823,2025-01-31,8479979,25,29,3,2.872,-0.128,Jake Oettinger
20242025,2024020824,2025-01-31,8478406,21,19,0,1.565,1.565,Mackenzie Blackwood
20242025,2024020824,2025-01-31,8480981,19,36,5,3.1,-1.9,Joel Hofer
20242025,2024020825,2025-01-31,8478872,59,23,3,2.26,-0.74,Karel Vejmelka
20242025,2024020825,2025-01-31,8480193,29,34,2,3.746,1.746,Daniil Tarasov
20242025,2024020826,2025-02-01,8475683,13,25,1,1.561,0.561,Sergei Bobrovsky
20242025,2024020826,2025-02-01,8475852,16,44,5,4.987,-0.013,Petr Mrazek
20242025,2024020827,2025-02-01,8478048,3,24,5,1.89,-3.11,Igor Shesterkin
20242025,2024020827,2025-02-01,8480280,6,25,3,2.803,-0.197,Jeremy Swayman
20242025,2024020828,2025-02-01,8479406,30,52,6,5.262,-0.738,Filip Gustavsson
20242025,2024020828,2025-02-01,8482447,9,16,0,1.189,1.189,Leevi Meriläinen
20242025,2024020829,2025-02-01,8476883,14,36,3,3.487,0.487,Andrei Vasilevskiy
20242025,2024020829,2025-02-01,8478009,2,31,2,3.161,1.161,Ilya Sorokin
20242025,2024020830,2025-02-01,8477424,18,35,2,3.669,1.669,Juuse Saros
20242025,2024020830,2025-02-01,8477968,5,25,0,2.14,2.14,Alex Nedeljkovic
20242025,2024020831,2025-02-01,8476945,52,29,4,2.339,-1.661,Connor Hellebuyck
20242025,2024020831,2025-02-01,8480313,15,30,5,3.674,-1.326,Logan Thompson
20242025,2024020832,2025-02-01,8475311,26,28,2,2.756,0.756,Darcy Kuemper
20242025,2024020832,2025-02-01,8475883,12,26,4,2.214,-1.786,Frederik Andersen
20242025,2024020833,2025-02-01,8479361,10,48,3,4.199,1.199,Joseph Woll
20242025,2024020833,2025-02-01,8479973,22,28,4,2.693,-1.307,Stuart Skinner
20242025,2024020834,2025-02-01,8475660,17,34,1,2.528,1.528,Cam Talbot
20242025,2024020834,2025-02-01,8481692,20,24,2,1.895,-0.105,Dustin Wolf
20242025,2024020835,2025-02-02,8474596,1,27,4,2.805,-1.195,Jake Allen
20242025,2024020835,2025-02-02,8480045,7,24,3,2.651,-0.349,Ukko-Pekka Luukkonen
20242025,2024020835,2025-02-02,8482076,1,7,0,0.325,0.325,Nico Daws
20242025,2024020836,2025-02-02,8478406,21,24,0,1.712,1.712,Mackenzie Blackwood
20242025,2024020836,2025-02-02,8481035,4,32,2,3.132,1.132,Samuel Ersson
20242025,2024020837,2025-02-02,8478470,8,22,3,2.086,-0.914,Samuel Montembeault
20242025,2024020837,2025-02-02,8480843,24,23,2,2.752,0.752,Lukas Dostal
20242025,2024020838,2025-02-02,8480819,2,32,5,2.721,-2.279,Jakub Skarek
20242025,2024020838,2025-02-02,8481519,13,34,3,3.106,0.106,Spencer Knight
20242025,2024020839,2025-02-02,8471734,3,36,2,2.742,0.742,Jonathan Quick
20242025,2024020839,2025-02-02,8478499,54,28,4,2.826,-1.174,Adin Hill
20242025,2024020840,2025-02-02,8478007,29,39,5,4.495,-0.505,Elvis Merzlikins
20242025,2024020840,2025-02-02,8479193,25,30,3,3.423,0.423,Casey DeSmith
20242025,2024020841,2025-02-02,8476412,19,25,1,2.209,1.209,Jordan Binnington
20242025,2024020841,2025-02-02,8478971,59,29,2,3.545,1.545,Connor Ingram
20242025,2024020842,2025-02-02,8479312,17,27,2,3.034,1.034,Alex Lyon
20242025,2024020842,2025-02-02,8480947,23,18,3,1.65,-1.35,Kevin Lankinen
20242025,2024020843,2025-02-02,8478435,20,31,2,2.039,0.039,Dan Vladar
20242025,2024020843,2025-02-02,8478916,55,35,3,3.487,0.487,Joey Daccord
20242025,2024020844,2025-02-03,8476341,9,27,2,2.281,0.281,Anton Forsberg
20242025,2024020844,2025-02-03,8477424,18,38,4,4.298,0.298,Juuse Saros
20242025,2024020845,2025-02-04,8470594,30,34,2,2.775,0.775,Marc-Andre Fleury
20242025,2024020845,2025-02-04,8480280,6,36,0,2.755,2.755,Jeremy Swayman
20242025,2024020846,2025-02-04,8473503,7,29,2,2.078,0.078,James Reimer
20242025,2024020846,2025-02-04,8478007,29,21,3,1.906,-1.094,Elvis Merzlikins
20242025,2024020847,2025-02-04,8476883,14,28,3,2.869,-0.131,Andrei Vasilevskiy
20242025,2024020847,2025-02-04,8476999,9,37,3,4.288,1.288,Linus Ullmark
20242025,2024020848,2025-02-04,8477968,5,21,2,3.019,1.019,Alex Nedeljkovic
20242025,2024020848,2025-02-04,8482076,1,27,2,2.48,0.48,Nico Daws
20242025,2024020849,2025-02-04,8475683,13,24,4,2.273,-1.727,Sergei Bobrovsky
20242025,2024020849,2025-02-04,8480313,15,33,3,4.141,1.141,Logan Thompson
20242025,2024020850,2025-02-04,8478009,2,34,1,2.685,1.685,Ilya Sorokin
20242025,2024020850,2025-02-04,8478492,54,14,2,0.774,-1.226,Ilya Samsonov
20242025,2024020851,2025-02-04,8476412,19,39,3,4.259,1.259,Jordan Binnington
20242025,2024020851,2025-02-04,8479973,22,22,2,3.097,1.097,Stuart Skinner
20242025,2024020852,2025-02-04,8477480,52,29,0,1.837,1.837,Eric Comrie
20242025,2024020852,2025-02-04,8481611,12,30,3,3.184,0.184,Pyotr Kochetkov
20242025,2024020853,2025-02-04,8479361,10,26,3,2.408,-0.592,Joseph Woll
20242025,2024020853,2025-02-04,8481692,20,29,5,4.564,-0.436,Dustin Wolf
20242025,2024020854,2025-02-04,8478872,59,20,2,1.678,-0.322,Karel Vejmelka
20242025,2024020854,2025-02-04,8481035,4,42,3,4.823,1.823,Samuel Ersson
20242025,2024020855,2025-02-04,8477967,23,25,0,1.785,1.785,Thatcher Demko
20242025,2024020855,2025-02-04,8478406,21,30,2,3.664,1.664,Mackenzie Blackwood
20242025,2024020856,2025-02-04,8476434,24,27,1,3.278,2.278,John Gibson
20242025,2024020856,2025-02-04,8479979,25,28,2,2.848,0.848,Jake Oettinger
20242025,2024020857,2025-02-04,8475660,17,27,4,2.484,-1.516,Cam Talbot
20242025,2024020857,2025-02-04,8478916,55,40,4,3.866,-0.134,Joey Daccord
20242025,2024020858,2025-02-04,8478470,8,30,3,2.597,-0.403,Samuel Montembeault
20242025,2024020858,2025-02-04,8480382,28,20,4,2.683,-1.317,Alexandar Georgiev
20242025,2024020859,2025-02-05,8476914,6,22,3,1.842,-1.158,Joonas Korpisalo
20242025,2024020859,2025-02-05,8478048,3,17,2,1.714,-0.286,Igor Shesterkin
20242025,2024020860,2025-02-05,8475717,22,32,3,2.789,-0.211,Calvin Pickard
20242025,2024020860,2025-02-05,8482821,16,38,4,3.604,-0.396,Arvid Soderblom
20242025,2024020861,2025-02-05,8475311,26,21,3,1.603,-1.397,Darcy Kuemper
20242025,2024020861,2025-02-05,8482487,8,36,5,3.683,-1.317,Jakub Dobes
20242025,2024020862,2025-02-06,8476341,9,30,4,2.741,-1.259,Anton Forsberg
20242025,2024020862,2025-02-06,8476883,14,28,1,2.111,1.111,Andrei Vasilevskiy
20242025,2024020863,2025-02-06,8474596,1,40,3,4.283,1.283,Jake Allen
20242025,2024020863,2025-02-06,8478499,54,15,1,0.908,-0.092,Adin Hill
20242025,2024020864,2025-02-06,8478905,4,18,4,2.02,-1.98,Ivan Fedotov
20242025,2024020864,2025-02-06,8479292,15,22,3,3.394,0.394,Charlie Lindgren
20242025,2024020865,2025-02-06,8478007,29,33,3,3.43,0.43,Elvis Merzlikins
20242025,2024020865,2025-02-06,8478971,59,22,2,1.757,-0.243,Connor Ingram
20242025,2024020866,2025-02-06,8480981,19,34,3,2.798,-0.202,Joel Hofer
20242025,2024020866,2025-02-06,8481519,13,22,2,1.953,-0.047,Spencer Knight
20242025,2024020867,2025-02-06,8475883,12,24,2,2.531,0.531,Frederik Andersen
20242025,2024020867,2025-02-06,8479406,30,38,1,3.174,2.174,Filip Gustavsson
20242025,2024020868,2025-02-06,8478406,21,29,2,2.36,0.36,Mackenzie Blackwood
20242025,2024020868,2025-02-06,8481692,20,34,4,4.06,0.06,Dustin Wolf
20242025,2024020869,2025-02-06,8476932,10,27,1,2.004,1.004,Anthony Stolarz
20242025,2024020869,2025-02-06,8478916,55,30,3,2.946,-0.054,Joey Daccord
20242025,2024020870,2025-02-06,8477967,23,34,1,2.895,1.895,Thatcher Demko
20242025,2024020870,2025-02-06,8477970,28,24,2,2.53,0.53,Vitek Vanecek
20242025,2024020871,2025-02-07,8477968,5,24,2,1.693,-0.307,Alex Nedeljkovic
20242025,2024020871,2025-02-07,8478048,3,26,3,2.791,-0.209,Igor Shesterkin
20242025,2024020872,2025-02-07,8476945,52,35,3,3.628,0.628,Connor Hellebuyck
20242025,2024020872,2025-02-07,8478009,2,27,4,2.967,-1.033,Ilya Sorokin
20242025,2024020873,2025-02-07,8475852,16,33,2,3.837,1.837,Petr Mrazek
20242025,2024020873,2025-02-07,8477424,18,30,6,3.925,-2.075,Juuse Saros
20242025,2024020874,2025-02-07,8475717,22,19,2,2.518,0.518,Calvin Pickard
20242025,2024020874,2025-02-07,8478406,21,27,4,3.796,-0.204,Mackenzie Blackwood
20242025,2024020874,2025-02-07,8479973,22,12,3,1.426,-1.574,Stuart Skinner
20242025,2024020875,2025-02-07,8479496,26,30,4,3.088,-0.912,David Rittich
20242025,2024020875,2025-02-07,8479979,25,37,4,3.52,-0.48,Jake Oettinger
20242025,2024020876,2025-02-08,8474596,1,34,0,3.085,3.085,Jake Allen
20242025,2024020876,2025-02-08,8478470,8,22,4,2.522,-1.478,Samuel Montembeault
20242025,2024020877,2025-02-08,8475660,17,14,3,1.623,-1.377,Cam Talbot
20242025,2024020877,2025-02-08,8476883,14,37,3,4.461,1.461,Andrei Vasilevskiy
20242025,2024020877,2025-02-08,8479312,17,3,2,0.145,-1.855,Alex Lyon
20242025,2024020878,2025-02-08,8478872,59,37,6,3.817,-2.183,Karel Vejmelka
20242025,2024020878,2025-02-08,8481611,12,39,3,3.651,0.651,Pyotr Kochetkov
20242025,2024020879,2025-02-08,8478492,54,24,3,2.491,-0.509,Ilya Samsonov
20242025,2024020879,2025-02-08,8480280,6,38,4,3.64,-0.36,Jeremy Swayman
20242025,2024020880,2025-02-08,8475683,13,27,1,2.579,1.579,Sergei Bobrovsky
20242025,2024020880,2025-02-08,8476999,9,47,4,5.14,1.14,Linus Ullmark
20242025,2024020881,2025-02-08,8481035,4,33,2,4.388,2.388,Samuel Ersson
20242025,2024020881,2025-02-08,8482446,5,20,3,1.22,-1.78,Joel Blomqvist
20242025,2024020882,2025-02-08,8471734,3,25,3,2.923,-0.077,Jonathan Quick
20242025,2024020882,2025-02-08,8478007,29,40,4,2.538,-1.462,Elvis Merzlikins
20242025,2024020883,2025-02-08,8476412,19,21,5,1.861,-3.139,Jordan Binnington
20242025,2024020883,2025-02-08,8482821,16,40,5,3.983,-1.017,Arvid Soderblom
20242025,2024020884,2025-02-08,8477967,23,6,0,0.453,0.453,Thatcher Demko
20242025,2024020884,2025-02-08,8479361,10,25,2,2.386,0.386,Joseph Woll
20242025,2024020884,2025-02-08,8480947,23,22,1,1.327,0.327,Kevin Lankinen
20242025,2024020885,2025-02-08,8480045,7,22,5,2.431,-2.569,Ukko-Pekka Luukkonen
20242025,2024020885,2025-02-08,8481020,18,29,4,2.664,-1.336,Justus Annunen
20242025,2024020886,2025-02-08,8478009,2,33,5,3.242,-1.758,Ilya Sorokin
20242025,2024020886,2025-02-08,8479406,30,35,3,3.82,0.82,Filip Gustavsson
20242025,2024020887,2025-02-08,8478916,55,29,2,2.22,0.22,Joey Daccord
20242025,2024020887,2025-02-08,8481692,20,28,3,2.857,-0.143,Dustin Wolf
20242025,2024020888,2025-02-08,8479496,26,26,1,1.791,0.791,David Rittich
20242025,2024020888,2025-02-08,8480843,24,45,1,4.175,3.175,Lukas Dostal
20242025,2024020889,2025-02-08,8477970,28,34,8,2.978,-5.022,Vitek Vanecek
20242025,2024020889,2025-02-08,8479193,25,27,3,2.646,-0.354,Casey DeSmith
20242025,2024020890,2025-02-09,8478872,59,32,2,3.16,1.16,Karel Vejmelka
20242025,2024020890,2025-02-09,8478971,59,10,2,1.228,-0.772,Connor Ingram
20242025,2024020890,2025-02-09,8480313,15,27,4,2.861,-1.139,Logan Thompson
20242025,2024020891,2025-02-09,8476883,14,35,3,3.416,0.416,Andrei Vasilevskiy
20242025,2024020891,2025-02-09,8478470,8,12,1,1.46,0.46,Samuel Montembeault
20242025,2024020891,2025-02-09,8482487,8,8,3,1.359,-1.641,Jakub Dobes
20242025,2024020892,2025-02-22,8479973,22,31,5,3.748,-1.252,Stuart Skinner
20242025,2024020892,2025-02-22,8481035,4,18,3,1.959,-1.041,Samuel Ersson
20242025,2024020893,2025-02-22,8477968,5,13,5,1.121,-3.879,Alex Nedeljkovic
20242025,2024020893,2025-02-22,8480313,15,32,3,3.83,0.83,Logan Thompson
20242025,2024020893,2025-02-22,8482446,5,17,3,2.059,-0.941,Joel Blomqvist
20242025,2024020894,2025-02-22,8470594,30,30,3,4.207,1.207,Marc-Andre Fleury
20242025,2024020894,2025-02-22,8475660,17,39,4,5.151,1.151,Cam Talbot
20242025,2024020895,2025-02-22,8471734,3,17,3,1.928,-1.072,Jonathan Quick
20242025,2024020895,2025-02-22,8478048,3,16,5,1.274,-3.726,Igor Shesterkin
20242025,2024020895,2025-02-22,8480045,7,28,2,2.832,0.832,Ukko-Pekka Luukkonen
20242025,2024020896,2025-02-22,8475683,13,22,2,1.872,-0.128,Sergei Bobrovsky
20242025,2024020896,2025-02-22,8478916,55,27,1,2.905,1.905,Joey Daccord
20242025,2024020897,2025-02-22,8474596,1,25,3,2.84,-0.16,Jake Allen
20242025,2024020897,2025-02-22,8479193,25,33,2,3.581,1.581,Casey DeSmith
20242025,2024020898,2025-02-22,8475809,21,17,2,1.931,-0.069,Scott Wedgewood
20242025,2024020898,2025-02-22,8477424,18,32,1,2.789,1.789,Juuse Saros
20242025,2024020899,2025-02-22,8476434,24,20,1,1.847,0.847,John Gibson
20242025,2024020899,2025-02-22,8480280,6,29,3,2.577,-0.423,Jeremy Swayman
20242025,2024020899,2025-02-22,8480843,24,10,1,0.573,-0.427,Lukas Dostal
20242025,2024020900,2025-02-22,8476932,10,35,3,3.359,0.359,Anthony Stolarz
20242025,2024020900,2025-02-22,8481611,12,22,4,4.037,0.037,Pyotr Kochetkov
20242025,2024020901,2025-02-22,8476341,9,10,0,1.187,1.187,Anton Forsberg
20242025,2024020901,2025-02-22,8476999,9,15,5,1.768,-3.232,Linus Ullmark
20242025,2024020901,2025-02-22,8478470,8,27,2,2.186,0.186,Samuel Montembeault
20242025,2024020902,2025-02-22,8475852,16,21,5,1.992,-3.008,Petr Mrazek
20242025,2024020902,2025-02-22,8478007,29,28,1,3.408,2.408,Elvis Merzlikins
20242025,2024020903,2025-02-22,8477480,52,24,3,2.38,-0.62,Eric Comrie
20242025,2024020903,2025-02-22,8480981,19,28,3,2.813,-0.187,Joel Hofer
20242025,2024020904,2025-02-22,8475311,26,28,3,3.342,0.342,Darcy Kuemper
20242025,2024020904,2025-02-22,8478971,59,25,4,1.933,-2.067,Connor Ingram
20242025,2024020905,2025-02-22,8478499,54,34,1,3.155,2.155,Adin Hill
20242025,2024020905,2025-02-22,8480947,23,34,2,3.867,1.867,Kevin Lankinen
20242025,2024020906,2025-02-23,8475717,22,34,6,3.878,-2.122,Calvin Pickard
20242025,2024020906,2025-02-23,8479292,15,25,3,2.251,-0.749,Charlie Lindgren
20242025,2024020907,2025-02-23,8478048,3,40,3,3.783,0.783,Igor Shesterkin
20242025,2024020907,2025-02-23,8482446,5,15,4,1.4,-2.6,Joel Blomqvist
20242025,2024020908,2025-02-23,8479312,17,28,4,2.775,-1.225,Alex Lyon
20242025,2024020908,2025-02-23,8480843,24,36,5,4.286,-0.714,Lukas Dostal
20242025,2024020909,2025-02-23,8476883,14,37,1,2.897,1.897,Andrei Vasilevskiy
20242025,2024020909,2025-02-23,8478848,55,23,3,2.487,-0.513,Ales Stezka
20242025,2024020910,2025-02-23,8476412,19,29,1,2.558,1.558,Jordan Binnington
20242025,2024020910,2025-02-23,8478406,21,25,3,2.589,-0.411,Mackenzie Blackwood
20242025,2024020911,2025-02-23,8481020,18,36,5,3.791,-1.209,Justus Annunen
20242025,2024020911,2025-02-23,8482076,1,29,0,2.97,2.97,Nico Daws
20242025,2024020912,2025-02-23,8479361,10,27,2,1.878,-0.122,Joseph Woll
20242025,2024020912,2025-02-23,8482821,16,29,4,3.031,-0.969,Arvid Soderblom
20242025,2024020913,2025-02-23,8478009,2,29,4,3.674,-0.326,Ilya Sorokin
20242025,2024020913,2025-02-23,8479979,25,37,3,2.887,-0.113,Jake Oettinger
20242025,2024020914,2025-02-23,8480382,28,36,3,3.5,0.5,Alexandar Georgiev
20242025,2024020914,2025-02-23,8481692,20,29,2,2.429,0.429,Dustin Wolf
20242025,2024020915,2025-02-23,8478872,59,16,1,1.372,0.372,Karel Vejmelka
20242025,2024020915,2025-02-23,8481668,23,32,2,3.443,1.443,Arturs Silovs
20242025,2024020916,2025-02-24,8476945,52,18,1,1.551,0.551,Connor Hellebuyck
20242025,2024020916,2025-02-24,8477970,28,35,2,3.309,1.309,Vitek Vanecek
20242025,2024020917,2025-02-24,8475311,26,23,2,1.629,-0.371,Darcy Kuemper
20242025,2024020917,2025-02-24,8478492,54,19,5,1.683,-3.317,Ilya Samsonov
20242025,2024020918,2025-02-25,8476932,10,36,4,4.439,0.439,Anthony Stolarz
20242025,2024020918,2025-02-25,8480280,6,29,5,3.451,-1.549,Jeremy Swayman
20242025,2024020919,2025-02-25,8480045,7,18,2,2.499,0.499,Ukko-Pekka Luukkonen
20242025,2024020919,2025-02-25,8480843,24,37,3,2.996,-0.004,Lukas Dostal
20242025,2024020920,2025-02-25,8475883,12,18,4,1.938,-2.062,Frederik Andersen
20242025,2024020920,2025-02-25,8478470,8,20,0,2.464,2.464,Samuel Montembeault
20242025,2024020921,2025-02-25,8476883,14,24,1,2.526,1.526,Andrei Vasilevskiy
20242025,2024020921,2025-02-25,8479973,22,36,4,3.333,-0.667,Stuart Skinner
20242025,2024020922,2025-02-25,8477968,5,38,6,3.686,-2.314,Alex Nedeljkovic
20242025,2024020922,2025-02-25,8481035,4,24,1,2.605,1.605,Samuel Ersson
20242025,2024020923,2025-02-25,8478435,20,27,1,1.587,0.587,Dan Vladar
20242025,2024020923,2025-02-25,8480313,15,25,3,2.259,-0.741,Logan Thompson
20242025,2024020924,2025-02-25,8478007,29,22,4,3.87,-0.13,Elvis Merzlikins
20242025,2024020924,2025-02-25,8479979,25,28,5,2.864,-2.136,Jake Oettinger
20242025,2024020925,2025-02-25,8478009,2,11,5,1.083,-3.917,Ilya Sorokin
20242025,2024020925,2025-02-25,8478048,3,37,1,3.246,2.246,Igor Shesterkin
20242025,2024020925,2025-02-25,8480819,2,7,0,0.923,0.923,Jakub Skarek
20242025,2024020926,2025-02-25,8476412,19,27,2,1.704,-0.296,Jordan Binnington
20242025,2024020926,2025-02-25,8478916,55,21,5,2.472,-2.528,Joey Daccord
20242025,2024020926,2025-02-25,8483668,55,6,2,0.788,-1.212,Nikke Kokko
20242025,2024020927,2025-02-25,8477424,18,25,4,3.372,-0.628,Juuse Saros
20242025,2024020927,2025-02-25,8481519,13,18,1,1.589,0.589,Spencer Knight
20242025,2024020928,2025-02-25,8475660,17,24,2,1.545,-0.455,Cam Talbot
20242025,2024020928,2025-02-25,8479406,30,16,3,1.071,-1.929,Filip Gustavsson
20242025,2024020929,2025-02-25,8478872,59,22,1,2.513,1.513,Karel Vejmelka
20242025,2024020929,2025-02-25,8482821,16,37,2,4.439,2.439,Arvid Soderblom
20242025,2024020930,2025-02-26,8476945,52,24,1,1.742,0.742,Connor Hellebuyck
20242025,2024020930,2025-02-26,8476999,9,39,3,4.156,1.156,Linus Ullmark
20242025,2024020931,2025-02-26,8474596,1,37,5,3.696,-1.304,Jake Allen
20242025,2024020931,2025-02-26,8478406,21,23,1,1.586,0.586,Mackenzie Blackwood
20242025,2024020932,2025-02-26,8479496,26,17,3,1.17,-1.83,David Rittich
20242025,2024020932,2025-02-26,8480947,23,26,2,2.524,0.524,Kevin Lankinen
20242025,2024020933,2025-02-27,8478009,2,39,1,4.386,3.386,Ilya Sorokin
20242025,2024020933,2025-02-27,8480280,6,20,2,1.556,-0.444,Jeremy Swayman
20242025,2024020934,2025-02-27,8478470,8,26,3,3.078,0.078,Samuel Montembeault
20242025,2024020934,2025-02-27,8480382,28,33,4,3.857,-0.143,Alexandar Georgiev
20242025,2024020935,2025-02-27,8475660,17,29,4,4.231,0.231,Cam Talbot
20242025,2024020935,2025-02-27,8480193,29,31,2,2.373,0.373,Daniil Tarasov
20242025,2024020936,2025-02-27,8476883,14,28,0,2.277,2.277,Andrei Vasilevskiy
20242025,2024020936,2025-02-27,8481692,20,21,2,2.239,0.239,Dustin Wolf
20242025,2024020937,2025-02-27,8475683,13,27,3,2.342,-0.658,Sergei Bobrovsky
20242025,2024020937,2025-02-27,8479973,22,36,4,3.461,-0.539,Stuart Skinner
20242025,2024020938,2025-02-27,8477968,5,14,3,1.623,-1.377,Alex Nedeljkovic
20242025,2024020938,2025-02-27,8481035,4,25,5,1.724,-3.276,Samuel Ersson
20242025,2024020938,2025-02-27,8482446,5,23,1,2.206,1.206,Joel Blomqvist
20242025,2024020939,2025-02-27,8479292,15,18,4,2.999,-1.001,Charlie Lindgren
20242025,2024020939,2025-02-27,8480981,19,18,2,1.422,-0.578,Joel Hofer
20242025,2024020940,2025-02-27,8473503,7,29,2,2.99,0.99,James Reimer
20242025,2024020940,2025-02-27,8480045,7,7,2,0.941,-1.059,Ukko-Pekka Luukkonen
20242025,2024020940,2025-02-27,8481611,12,15,2,1.117,-0.883,Pyotr Kochetkov
20242025,2024020941,2025-02-27,8477424,18,23,1,2.704,1.704,Juuse Saros
20242025,2024020941,2025-02-27,8477480,52,31,2,3.13,1.13,Eric Comrie
20242025,2024020942,2025-02-27,8470594,30,31,6,4.588,-1.412,Marc-Andre Fleury
20242025,2024020942,2025-02-27,8478872,59,16,1,1.953,0.953,Karel Vejmelka
20242025,2024020943,2025-02-27,8475852,16,15,5,1.655,-3.345,Petr Mrazek
20242025,2024020943,2025-02-27,8478492,54,22,5,2.271,-2.729,Ilya Samsonov
20242025,2024020943,2025-02-27,8482821,16,18,2,2.246,0.246,Arvid Soderblom
20242025,2024020944,2025-02-27,8480843,24,24,2,1.801,-0.199,Lukas Dostal
20242025,2024020944,2025-02-27,8481668,23,24,4,2.249,-1.751,Arturs Silovs
20242025,2024020945,2025-02-28,8476932,10,35,2,3.475,1.475,Anthony Stolarz
20242025,2024020945,2025-02-28,8478048,3,16,3,2.462,-0.538,Igor Shesterkin
20242025,2024020946,2025-02-28,8475311,26,31,6,5.595,-0.405,Darcy Kuemper
20242025,2024020946,2025-02-28,8479979,25,31,2,2.309,0.309,Jake Oettinger
20242025,2024020947,2025-02-28,8478406,21,20,2,2.561,0.561,Mackenzie Blackwood
20242025,2024020947,2025-02-28,8479406,30,29,4,3.088,-0.912,Filip Gustavsson
20242025,2024020948,2025-03-01,8475660,17,20,4,2.631,-1.369,Cam Talbot
20242025,2024020948,2025-03-01,8478007,29,46,3,3.831,0.831,Elvis Merzlikins
20242025,2024020949,2025-03-01,8477424,18,35,6,3.113,-2.887,Juuse Saros
20242025,2024020949,2025-03-01,8478009,2,29,4,2.786,-1.214,Ilya Sorokin
20242025,2024020950,2025-03-01,8476883,14,21,1,2.178,1.178,Andrei Vasilevskiy
20242025,2024020950,2025-03-01,8480313,15,18,2,2.71,0.71,Logan Thompson
20242025,2024020951,2025-03-01,8475683,13,23,0,1.344,1.344,Sergei Bobrovsky
20242025,2024020951,2025-03-01,8478435,20,42,3,4.265,1.265,Dan Vladar
20242025,2024020952,2025-03-01,8476914,6,33,2,2.749,0.749,Joonas Korpisalo
20242025,2024020952,2025-03-01,8477968,5,25,2,2.399,0.399,Alex Nedeljkovic
20242025,2024020953,2025-03-01,8480045,7,28,3,2.725,-0.275,Ukko-Pekka Luukkonen
20242025,2024020953,2025-03-01,8482487,8,25,2,2.117,0.117,Jakub Dobes
20242025,2024020954,2025-03-01,8476999,9,37,3,2.634,-0.366,Linus Ullmark
20242025,2024020954,2025-03-01,8477970,28,31,4,3.425,-0.575,Vitek Vanecek
20242025,2024020955,2025-03-01,8475717,22,36,1,4.303,3.303,Calvin Pickard
20242025,2024020955,2025-03-01,8475883,12,30,2,3.646,1.646,Frederik Andersen
20242025,2024020956,2025-03-01,8476945,52,32,1,2.576,1.576,Connor Hellebuyck
20242025,2024020956,2025-03-01,8478905,4,30,1,2.935,1.935,Ivan Fedotov
20242025,2024020957,2025-03-01,8476412,19,26,1,1.941,0.941,Jordan Binnington
20242025,2024020957,2025-03-01,8479496,26,34,4,3.503,-0.497,David Rittich
20242025,2024020958,2025-03-01,8478872,59,29,3,2.993,-0.007,Karel Vejmelka
20242025,2024020958,2025-03-01,8482076,1,25,1,2.16,1.16,Nico Daws
20242025,2024020959,2025-03-01,8476434,24,24,6,3.063,-2.937,John Gibson
20242025,2024020959,2025-03-01,8482821,16,31,3,3.114,0.114,Arvid Soderblom
20242025,2024020960,2025-03-01,8478916,55,31,3,2.788,-0.212,Joey Daccord
20242025,2024020960,2025-03-01,8480947,23,23,5,1.814,-3.186,Kevin Lankinen
20242025,2024020961,2025-03-02,8479361,10,34,5,2.409,-2.591,Joseph Woll
20242025,2024020961,2025-03-02,8482446,5,33,6,2.599,-3.401,Joel Blomqvist
20242025,2024020962,2025-03-02,8479406,30,28,0,2.172,2.172,Filip Gustavsson
20242025,2024020962,2025-03-02,8480280,6,22,1,1.419,0.419,Jeremy Swayman
20242025,2024020963,2025-03-02,8481611,12,16,1,1.371,0.371,Pyotr Kochetkov
20242025,2024020963,2025-03-02,8481692,20,33,2,3.829,1.829,Dustin Wolf
20242025,2024020964,2025-03-02,8476412,19,12,3,2.03,-0.97,Jordan Binnington
20242025,2024020964,2025-03-02,8479979,25,42,3,3.996,0.996,Jake Oettinger
20242025,2024020964,2025-03-02,8480981,19,9,3,0.931,-2.069,Joel Hofer
20242025,2024020965,2025-03-02,8471734,3,34,0,3.212,3.212,Jonathan Quick
20242025,2024020965,2025-03-02,8481020,18,34,4,2.875,-1.125,Justus Annunen
20242025,2024020966,2025-03-02,8474593,1,24,2,2.368,0.368,Jacob Markstrom
20242025,2024020966,2025-03-02,8478499,54,25,0,1.801,1.801,Adin Hill
20242025,2024020967,2025-03-03,8476999,9,41,4,4.975,0.975,Linus Ullmark
20242025,2024020967,2025-03-03,8480313,15,37,4,4.228,0.228,Logan Thompson
20242025,2024020968,2025-03-03,8473503,7,20,4,2.833,-1.167,James Reimer
20242025,2024020968,2025-03-03,8478470,8,36,3,3.899,0.899,Samuel Montembeault
20242025,2024020969,2025-03-03,8475683,13,29,1,3.291,2.291,Sergei Bobrovsky
20242025,2024020969,2025-03-03,8476883,14,29,2,2.453,0.453,Andrei Vasilevskiy
20242025,2024020970,2025-03-03,8478009,2,26,3,2.282,-0.718,Ilya Sorokin
20242025,2024020970,2025-03-03,8478048,3,21,0,1.94,1.94,Igor Shesterkin
20242025,2024020971,2025-03-03,8476932,10,22,2,2.533,0.533,Anthony Stolarz
20242025,2024020971,2025-03-03,8480382,28,27,2,3.301,1.301,Alexandar Georgiev
20242025,2024020972,2025-03-03,8475311,26,18,4,2.529,-1.471,Darcy Kuemper
20242025,2024020972,2025-03-03,8481519,16,42,1,3.081,2.081,Spencer Knight
20242025,2024020973,2025-03-04,8477424,18,21,3,1.93,-1.07,Juuse Saros
20242025,2024020973,2025-03-04,8480280,6,29,5,2.955,-2.045,Jeremy Swayman
20242025,2024020974,2025-03-04,8480045,7,27,5,2.219,-2.781,Ukko-Pekka Luukkonen
20242025,2024020974,2025-03-04,8480382,28,22,2,2.408,0.408,Alexandar Georgiev
20242025,2024020975,2025-03-04,8475883,12,25,1,2.87,1.87,Frederik Andersen
20242025,2024020975,2025-03-04,8479312,17,30,2,3.92,1.92,Alex Lyon
20242025,2024020976,2025-03-04,8477992,14,33,2,2.417,0.417,Jonas Johansson
20242025,2024020976,2025-03-04,8478007,29,39,5,3.949,-1.051,Elvis Merzlikins
20242025,2024020977,2025-03-04,8478905,4,28,2,2.214,0.214,Ivan Fedotov
20242025,2024020977,2025-03-04,8481035,4,5,3,0.381,-2.619,Samuel Ersson
20242025,2024020977,2025-03-04,8481692,20,29,3,3.368,0.368,Dustin Wolf
20242025,2024020978,2025-03-04,8476945,52,29,3,2.063,-0.937,Connor Hellebuyck
20242025,2024020978,2025-03-04,8478009,2,28,2,2.462,0.462,Ilya Sorokin
20242025,2024020979,2025-03-04,8474593,1,21,4,3.047,-0.953,Jacob Markstrom
20242025,2024020979,2025-03-04,8479193,25,28,3,3.361,0.361,Casey DeSmith
20242025,2024020980,2025-03-04,8475809,21,33,1,3.297,2.297,Scott Wedgewood
20242025,2024020980,2025-03-04,8477968,5,23,2,2.188,0.188,Alex Nedeljkovic
20242025,2024020981,2025-03-04,8475717,22,11,4,1.558,-2.442,Calvin Pickard
20242025,2024020981,2025-03-04,8479973,22,16,2,1.7,-0.3,Stuart Skinner
20242025,2024020981,2025-03-04,8480843,24,35,2,3.152,1.152,Lukas Dostal
20242025,2024020982,2025-03-04,8478916,55,20,4,1.825,-2.175,Joey Daccord
20242025,2024020982,2025-03-04,8479406,30,36,3,3.221,0.221,Filip Gustavsson
20242025,2024020983,2025-03-05,8478048,3,26,3,2.708,-0.292,Igor Shesterkin
20242025,2024020983,2025-03-05,8479292,15,17,2,1.943,-0.057,Charlie Lindgren
20242025,2024020984,2025-03-05,8476999,9,20,3,2.382,-0.618,Linus Ullmark
20242025,2024020984,2025-03-05,8482821,16,26,4,2.492,-1.508,Arvid Soderblom
20242025,2024020985,2025-03-05,8476932,10,18,2,1.855,-0.145,Anthony Stolarz
20242025,2024020985,2025-03-05,8478499,54,31,2,2.76,0.76,Adin Hill
20242025,2024020985,2025-03-05,8479361,10,7,3,0.995,-2.005,Joseph Woll
20242025,2024020986,2025-03-05,8476434,24,21,2,1.71,-0.29,John Gibson
20242025,2024020986,2025-03-05,8480843,24,15,1,1.601,0.601,Lukas Dostal
20242025,2024020986,2025-03-05,8480947,23,16,2,1.487,-0.513,Kevin Lankinen
20242025,2024020987,2025-03-05,8475311,26,30,2,2.51,0.51,Darcy Kuemper
20242025,2024020987,2025-03-05,8476412,19,23,2,2.47,0.47,Jordan Binnington
20242025,2024020988,2025-03-06,8478872,59,40,2,4.191,2.191,Karel Vejmelka
20242025,2024020988,2025-03-06,8479312,17,19,4,2.492,-1.508,Alex Lyon
20242025,2024020989,2025-03-06,8476883,14,33,5,2.832,-2.168,Andrei Vasilevskiy
20242025,2024020989,2025-03-06,8480045,7,26,6,2.864,-3.136,Ukko-Pekka Luukkonen
20242025,2024020990,2025-03-06,8475683,13,16,0,1.024,1.024,Sergei Bobrovsky
20242025,2024020990,2025-03-06,8478007,29,35,2,4.846,2.846,Elvis Merzlikins
20242025,2024020991,2025-03-06,8477480,52,22,1,1.621,0.621,Eric Comrie
20242025,2024020991,2025-03-06,8481035,4,27,4,2.673,-1.327,Samuel Ersson
20242025,2024020992,2025-03-06,8476914,6,23,3,2.673,-0.327,Joonas Korpisalo
20242025,2024020992,2025-03-06,8481611,12,34,2,2.835,0.835,Pyotr Kochetkov
20242025,2024020993,2025-03-06,8477424,18,25,3,2.02,-0.98,Juuse Saros
20242025,2024020993,2025-03-06,8478916,55,33,4,3.092,-0.908,Joey Daccord
20242025,2024020994,2025-03-06,8478435,20,27,3,2.738,-0.262,Dan Vladar
20242025,2024020994,2025-03-06,8479979,25,28,2,2.376,0.376,Jake Oettinger
20242025,2024020995,2025-03-06,8478470,8,32,3,3.212,0.212,Samuel Montembeault
20242025,2024020995,2025-03-06,8479973,22,27,2,3.466,1.466,Stuart Skinner
20242025,2024020996,2025-03-06,8478406,21,34,3,2.617,-0.383,Mackenzie Blackwood
20242025,2024020996,2025-03-06,8480382,28,32,7,4.526,-2.474,Alexandar Georgiev
20242025,2024020997,2025-03-07,8474593,1,35,6,4.512,-1.488,Jacob Markstrom
20242025,2024020997,2025-03-07,8476945,52,23,1,1.939,0.939,Connor Hellebuyck
20242025,2024020998,2025-03-07,8475660,17,28,5,2.452,-2.548,Cam Talbot
20242025,2024020998,2025-03-07,8480313,15,19,2,1.534,-0.466,Logan Thompson
20242025,2024020999,2025-03-07,8478872,59,25,4,2.78,-1.22,Karel Vejmelka
20242025,2024020999,2025-03-07,8481519,16,39,3,5.597,2.597,Spencer Knight
20242025,2024021000,2025-03-07,8479406,30,19,2,1.465,-0.535,Filip Gustavsson
20242025,2024021000,2025-03-07,8480947,23,38,1,3.047,2.047,Kevin Lankinen
20242025,2024021001,2025-03-07,8477968,5,27,4,3.802,-0.198,Alex Nedeljkovic
20242025,2024021001,2025-03-07,8478492,54,22,0,1.815,1.815,Ilya Samsonov
20242025,2024021002,2025-03-07,8476412,19,24,3,2.19,-0.81,Jordan Binnington
20242025,2024021002,2025-03-07,8480843,24,21,3,2.242,-0.758,Lukas Dostal
20242025,2024021003,2025-03-08,8476999,9,23,3,1.765,-1.235,Linus Ullmark
20242025,2024021003,2025-03-08,8478048,3,37,4,4.395,0.395,Igor Shesterkin
20242025,2024021004,2025-03-08,8475831,55,24,1,2.343,1.343,Philipp Grubauer
20242025,2024021004,2025-03-08,8481035,4,32,4,2.463,-1.537,Samuel Ersson
20242025,2024021005,2025-03-08,8476883,14,24,3,1.979,-1.021,Andrei Vasilevskiy
20242025,2024021005,2025-03-08,8480280,6,25,0,2.411,2.411,Jeremy Swayman
20242025,2024021006,2025-03-08,8477970,13,21,0,1.561,1.561,Vitek Vanecek
20242025,2024021006,2025-03-08,8480045,7,35,3,4.156,1.156,Ukko-Pekka Luukkonen
20242025,2024021007,2025-03-08,8476932,10,32,5,2.638,-2.362,Anthony Stolarz
20242025,2024021007,2025-03-08,8478406,21,21,4,1.672,-2.328,Mackenzie Blackwood
20242025,2024021008,2025-03-08,8481692,20,26,0,1.91,1.91,Dustin Wolf
20242025,2024021008,2025-03-08,8482487,8,24,1,1.242,0.242,Jakub Dobes
20242025,2024021009,2025-03-08,8481020,18,19,2,1.963,-0.037,Justus Annunen
20242025,2024021009,2025-03-08,8482821,16,41,3,4.775,1.775,Arvid Soderblom
20242025,2024021010,2025-03-08,8475311,26,20,1,1.121,0.121,Darcy Kuemper
20242025,2024021010,2025-03-08,8480981,19,23,2,2.624,0.624,Joel Hofer
20242025,2024021011,2025-03-08,8479973,22,25,4,3.143,-0.857,Stuart Skinner
20242025,2024021011,2025-03-08,8479979,25,27,5,3.398,-1.602,Jake Oettinger
20242025,2024021012,2025-03-08,8478009,2,40,2,4.033,2.033,Ilya Sorokin
20242025,2024021012,2025-03-08,8480382,28,28,4,2.912,-1.088,Alexandar Georgiev
20242025,2024021013,2025-03-09,8474596,1,24,1,1.578,0.578,Jake Allen
20242025,2024021013,2025-03-09,8478905,4,22,2,3.412,1.412,Ivan Fedotov
20242025,2024021014,2025-03-09,8478916,55,23,3,1.921,-1.079,Joey Daccord
20242025,2024021014,2025-03-09,8479292,15,32,2,3.041,1.041,Charlie Lindgren
20242025,2024021015,2025-03-09,8470594,30,21,2,1.773,-0.227,Marc-Andre Fleury
20242025,2024021015,2025-03-09,8477465,5,30,1,3.157,2.157,Tristan Jarry
20242025,2024021016,2025-03-09,8475883,12,22,2,1.904,-0.096,Frederik Andersen
20242025,2024021016,2025-03-09,8476945,52,26,3,2.824,-0.176,Connor Hellebuyck
20242025,2024021017,2025-03-09,8471734,3,28,7,2.635,-4.365,Jonathan Quick
20242025,2024021017,2025-03-09,8480193,29,35,3,3.412,0.412,Daniil Tarasov
20242025,2024021018,2025-03-09,8478499,54,35,6,3.496,-2.504,Adin Hill
20242025,2024021018,2025-03-09,8479496,26,32,5,3.075,-1.925,David Rittich
20242025,2024021019,2025-03-09,8479193,25,23,1,3.198,2.198,Casey DeSmith
20242025,2024021019,2025-03-09,8480947,23,18,3,1.55,-1.45,Kevin Lankinen
20242025,2024021020,2025-03-09,8477405,2,27,3,2.916,-0.084,Marcus Hogberg
20242025,2024021020,2025-03-09,8480843,24,32,1,1.997,0.997,Lukas Dostal
20242025,2024021021,2025-03-10,8479973,22,23,3,2.428,-0.572,Stuart Skinner
20242025,2024021021,2025-03-10,8480045,7,34,2,3.217,1.217,Ukko-Pekka Luukkonen
20242025,2024021022,2025-03-10,8475660,17,23,2,2.015,0.015,Cam Talbot
20242025,2024021022,2025-03-10,8476999,9,49,1,4.746,3.746,Linus Ullmark
20242025,2024021023,2025-03-10,8475809,21,20,0,1.734,1.734,Scott Wedgewood
20242025,2024021023,2025-03-10,8481519,16,20,2,2.065,0.065,Spencer Knight
20242025,2024021024,2025-03-10,8478872,59,26,3,2.696,-0.304,Karel Vejmelka
20242025,2024021024,2025-03-10,8479361,10,33,3,4.26,1.26,Joseph Woll
20242025,2024021025,2025-03-11,8475683,13,24,3,2.434,-0.566,Sergei Bobrovsky
20242025,2024021025,2025-03-11,8480280,6,28,2,2.639,0.639,Jeremy Swayman
20242025,2024021026,2025-03-11,8474593,1,20,3,1.475,-1.525,Jacob Markstrom
20242025,2024021026,2025-03-11,8478007,29,28,5,2.935,-2.065,Elvis Merzlikins
20242025,2024021027,2025-03-11,8476341,9,22,2,1.88,-0.12,Anton Forsberg
20242025,2024021027,2025-03-11,8478905,4,23,4,2.164,-1.836,Ivan Fedotov
20242025,2024021028,2025-03-11,8477465,5,37,2,2.951,0.951,Tristan Jarry
20242025,2024021028,2025-03-11,8478492,54,17,3,1.107,-1.893,Ilya Samsonov
20242025,2024021029,2025-03-11,8476883,14,31,4,3.477,-0.523,Andrei Vasilevskiy
20242025,2024021029,2025-03-11,8481611,12,24,1,2.234,1.234,Pyotr Kochetkov
20242025,2024021030,2025-03-11,8478406,21,23,1,1.946,0.946,Mackenzie Blackwood
20242025,2024021030,2025-03-11,8479406,30,28,1,2.842,1.842,Filip Gustavsson
20242025,2024021031,2025-03-11,8476945,52,22,1,2.195,1.195,Connor Hellebuyck
20242025,2024021031,2025-03-11,8478048,3,24,2,2.557,0.557,Igor Shesterkin
20242025,2024021032,2025-03-11,8478470,8,31,2,2.221,0.221,Samuel Montembeault
20242025,2024021032,2025-03-11,8480947,23,26,3,2.815,-0.185,Kevin Lankinen
20242025,2024021033,2025-03-11,8480313,15,29,4,3.195,-0.805,Logan Thompson
20242025,2024021033,2025-03-11,8480843,24,42,6,4.787,-1.213,Lukas Dostal
20242025,2024021034,2025-03-11,8475311,26,34,1,4.167,3.167,Darcy Kuemper
20242025,2024021034,2025-03-11,8478009,2,31,3,2.817,-0.183,Ilya Sorokin
20242025,2024021035,2025-03-11,8477424,18,27,2,2.604,0.604,Juuse Saros
20242025,2024021035,2025-03-11,8480382,28,19,3,2.359,-0.641,Alexandar Georgiev
20242025,2024021036,2025-03-12,8475852,17,26,3,2.967,-0.033,Petr Mrazek
20242025,2024021036,2025-03-12,8480045,7,29,7,3.648,-3.352,Ukko-Pekka Luukkonen
20242025,2024021037,2025-03-12,8480947,23,23,3,2.53,-0.47,Kevin Lankinen
20242025,2024021037,2025-03-12,8481692,20,31,3,3.765,0.765,Dustin Wolf
20242025,2024021038,2025-03-12,8478024,24,39,3,3.962,0.962,Ville Husso
20242025,2024021038,2025-03-12,8478872,59,21,2,2.542,0.542,Karel Vejmelka
20242025,2024021039,2025-03-12,8478916,55,25,4,2.348,-1.652,Joey Daccord
20242025,2024021039,2025-03-12,8482487,8,35,5,3.285,-1.715,Jakub Dobes
20242025,2024021040,2025-03-13,8475683,13,25,2,2.501,0.501,Sergei Bobrovsky
20242025,2024021040,2025-03-13,8476932,10,25,3,1.997,-1.003,Anthony Stolarz
20242025,2024021041,2025-03-13,8476914,6,16,1,1.21,0.21,Joonas Korpisalo
20242025,2024021041,2025-03-13,8476999,9,25,3,2.539,-0.461,Linus Ullmark
20242025,2024021041,2025-03-13,8480280,6,15,4,1.398,-2.602,Jeremy Swayman
20242025,2024021042,2025-03-13,8474596,1,33,2,2.733,0.733,Jake Allen
20242025,2024021042,2025-03-13,8479973,22,22,3,2.485,-0.515,Stuart Skinner
20242025,2024021043,2025-03-13,8477992,14,29,3,2.428,-0.572,Jonas Johansson
20242025,2024021043,2025-03-13,8481035,4,20,3,2.569,-0.431,Samuel Ersson
20242025,2024021044,2025-03-13,8476412,19,19,4,1.621,-2.379,Jordan Binnington
20242025,2024021044,2025-03-13,8477465,5,35,3,2.733,-0.267,Tristan Jarry
20242025,2024021044,2025-03-13,8480981,19,2,0,0.054,0.054,Joel Hofer
20242025,2024021045,2025-03-13,8478007,29,28,3,3.326,0.326,Elvis Merzlikins
20242025,2024021045,2025-03-13,8478499,54,27,0,2.37,2.37,Adin Hill
20242025,2024021046,2025-03-13,8478048,3,28,2,2.72,0.72,Igor Shesterkin
20242025,2024021046,2025-03-13,8479406,30,31,3,3.941,0.941,Filip Gustavsson
20242025,2024021047,2025-03-13,8475311,26,21,0,1.456,1.456,Darcy Kuemper
20242025,2024021047,2025-03-13,8479292,15,27,3,2.651,-0.349,Charlie Lindgren
20242025,2024021048,2025-03-13,8480382,28,26,2,2.705,0.705,Alexandar Georgiev
20242025,2024021048,2025-03-13,8481519,16,24,3,2.016,-0.984,Spencer Knight
20242025,2024021049,2025-03-14,8475852,17,31,3,2.521,-0.479,Petr Mrazek
20242025,2024021049,2025-03-14,8475883,12,26,2,2.388,0.388,Frederik Andersen
20242025,2024021050,2025-03-14,8475717,22,25,1,2.073,1.073,Calvin Pickard
20242025,2024021050,2025-03-14,8478009,2,35,2,4.187,2.187,Ilya Sorokin
20242025,2024021051,2025-03-14,8476945,52,25,1,1.52,0.52,Connor Hellebuyck
20242025,2024021051,2025-03-14,8479979,25,22,4,2.056,-1.944,Jake Oettinger
20242025,2024021052,2025-03-14,8475809,21,24,2,1.935,-0.065,Scott Wedgewood
20242025,2024021052,2025-03-14,8481692,20,27,3,2.753,-0.247,Dustin Wolf
20242025,2024021053,2025-03-14,8477424,18,15,2,1.126,-0.874,Juuse Saros
20242025,2024021053,2025-03-14,8480843,24,29,1,2.483,1.483,Lukas Dostal
20242025,2024021054,2025-03-14,8475831,55,25,2,2.332,0.332,Philipp Grubauer
20242025,2024021054,2025-03-14,8478872,59,22,3,2.597,-0.403,Karel Vejmelka
20242025,2024021055,2025-03-15,8478499,54,37,3,2.514,-0.486,Adin Hill
20242025,2024021055,2025-03-15,8480045,7,19,3,1.938,-1.062,Ukko-Pekka Luukkonen
20242025,2024021056,2025-03-15,8474593,1,23,6,2.785,-3.215,Jacob Markstrom
20242025,2024021056,2025-03-15,8477465,5,27,3,2.041,-0.959,Tristan Jarry
20242025,2024021057,2025-03-15,8480313,15,20,1,2.409,1.409,Logan Thompson
20242025,2024021057,2025-03-15,8480382,28,17,3,2.079,-0.921,Alexandar Georgiev
20242025,2024021057,2025-03-15,8484312,28,11,2,0.847,-1.153,Georgi Romanov
20242025,2024021058,2025-03-15,8476883,14,12,2,1.172,-0.828,Andrei Vasilevskiy
20242025,2024021058,2025-03-15,8480280,6,38,4,4.395,0.395,Jeremy Swayman
20242025,2024021059,2025-03-15,8476932,10,24,3,1.446,-1.554,Anthony Stolarz
20242025,2024021059,2025-03-15,8476999,9,23,2,2.157,0.157,Linus Ullmark
20242025,2024021060,2025-03-15,8475683,13,15,3,1.929,-1.071,Sergei Bobrovsky
20242025,2024021060,2025-03-15,8478470,8,22,1,2.45,1.45,Samuel Montembeault
20242025,2024021061,2025-03-15,8481035,4,30,5,3.445,-1.555,Samuel Ersson
20242025,2024021061,2025-03-15,8481611,12,26,0,1.834,1.834,Pyotr Kochetkov
20242025,2024021062,2025-03-15,8478048,3,21,0,2.325,2.325,Igor Shesterkin
20242025,2024021062,2025-03-15,8480193,29,20,3,1.952,-1.048,Daniil Tarasov
20242025,2024021063,2025-03-15,8479406,30,27,4,2.758,-1.242,Filip Gustavsson
20242025,2024021063,2025-03-15,8480981,19,18,1,2.005,1.005,Joel Hofer
20242025,2024021064,2025-03-15,8475311,26,24,0,2.151,2.151,Darcy Kuemper
20242025,2024021064,2025-03-15,8481020,18,21,1,1.423,0.423,Justus Annunen
20242025,2024021065,2025-03-15,8481668,23,19,2,0.901,-1.099,Arturs Silovs
20242025,2024021065,2025-03-15,8482821,16,15,6,1.402,-4.598,Arvid Soderblom
20242025,2024021066,2025-03-16,8475852,17,18,0,0.997,0.997,Petr Mrazek
20242025,2024021066,2025-03-16,8478492,54,27,3,2.501,-0.499,Ilya Samsonov
20242025,2024021067,2025-03-16,8475809,21,22,3,3.186,0.186,Scott Wedgewood
20242025,2024021067,2025-03-16,8479979,25,35,4,3.315,-0.685,Jake Oettinger
20242025,2024021068,2025-03-16,8476412,19,25,2,2.485,0.485,Jordan Binnington
20242025,2024021068,2025-03-16,8478024,24,12,2,2.199,0.199,Ville Husso
20242025,2024021068,2025-03-16,8480843,24,14,5,1.77,-3.23,Lukas Dostal
20242025,2024021069,2025-03-16,8478048,3,23,3,1.688,-1.312,Igor Shesterkin
20242025,2024021069,2025-03-16,8479973,22,22,1,2.931,1.931,Stuart Skinner
20242025,2024021070,2025-03-16,8477970,13,33,3,3.37,0.37,Vitek Vanecek
20242025,2024021070,2025-03-16,8478009,2,24,2,4.144,2.144,Ilya Sorokin
20242025,2024021071,2025-03-16,8478872,59,19,1,1.274,0.274,Karel Vejmelka
20242025,2024021071,2025-03-16,8480947,23,22,2,2.058,0.058,Kevin Lankinen
20242025,2024021072,2025-03-16,8476945,52,6,1,1.081,0.081,Connor Hellebuyck
20242025,2024021072,2025-03-16,8477480,52,15,1,1.504,0.504,Eric Comrie
20242025,2024021072,2025-03-16,8478916,55,26,3,2.075,-0.925,Joey Daccord
20242025,2024021073,2025-03-17,8476914,6,30,3,2.249,-0.751,Joonas Korpisalo
20242025,2024021073,2025-03-17,8480045,7,20,2,1.825,-0.175,Ukko-Pekka Luukkonen
20242025,2024021074,2025-03-17,8476883,14,21,0,2.101,2.101,Andrei Vasilevskiy
20242025,2024021074,2025-03-17,8478905,4,22,1,2.165,1.165,Ivan Fedotov
20242025,2024021075,2025-03-17,8474596,1,46,1,4.026,3.026,Jake Allen
20242025,2024021075,2025-03-17,8482982,29,20,2,1.93,-0.07,Jet Greaves
20242025,2024021076,2025-03-17,8478435,20,3,1,0.093,-0.907,Dan Vladar
20242025,2024021076,2025-03-17,8479361,10,26,2,1.573,-0.427,Joseph Woll
20242025,2024021076,2025-03-17,8481692,20,26,5,3.136,-1.864,Dustin Wolf
20242025,2024021077,2025-03-17,8475311,26,21,2,1.303,-0.697,Darcy Kuemper
20242025,2024021077,2025-03-17,8479406,30,29,1,2.62,1.62,Filip Gustavsson
20242025,2024021078,2025-03-18,8476999,9,31,4,3.213,-0.787,Linus Ullmark
20242025,2024021078,2025-03-18,8478470,8,25,3,3.102,0.102,Samuel Montembeault
20242025,2024021079,2025-03-18,8478048,3,35,2,3.577,1.577,Igor Shesterkin
20242025,2024021079,2025-03-18,8478435,20,13,1,0.886,-0.114,Dan Vladar
20242025,2024021080,2025-03-18,8477465,5,37,3,3.34,0.34,Tristan Jarry
20242025,2024021080,2025-03-18,8478009,2,21,2,1.432,-0.568,Ilya Sorokin
20242025,2024021081,2025-03-18,8475852,17,26,4,2.849,-1.151,Petr Mrazek
20242025,2024021081,2025-03-18,8480313,15,24,1,3.118,2.118,Logan Thompson
20242025,2024021082,2025-03-18,8477424,18,21,4,2.625,-1.375,Juuse Saros
20242025,2024021082,2025-03-18,8480981,19,23,1,1.819,0.819,Joel Hofer
20242025,2024021083,2025-03-18,8479979,25,25,3,3.333,0.333,Jake Oettinger
20242025,2024021083,2025-03-18,8480843,24,31,4,4.031,0.031,Lukas Dostal
20242025,2024021084,2025-03-18,8478916,55,29,2,2.167,0.167,Joey Daccord
20242025,2024021084,2025-03-18,8481519,16,30,6,3.115,-2.885,Spencer Knight
20242025,2024021085,2025-03-18,8475717,22,30,1,2.125,1.125,Calvin Pickard
20242025,2024021085,2025-03-18,8478872,59,15,3,1.511,-1.489,Karel Vejmelka
20242025,2024021085,2025-03-18,8483530,59,28,4,4.627,0.627,Jaxson Stauber
20242025,2024021086,2025-03-18,8476945,52,21,5,2.705,-2.295,Connor Hellebuyck
20242025,2024021086,2025-03-18,8480947,23,22,2,2.218,0.218,Kevin Lankinen
20242025,2024021087,2025-03-19,8478406,21,26,2,2.683,0.683,Mackenzie Blackwood
20242025,2024021087,2025-03-19,8479361,10,39,1,3.071,2.071,Joseph Woll
20242025,2024021088,2025-03-19,8475831,55,27,3,2.693,-0.307,Philipp Grubauer
20242025,2024021088,2025-03-19,8479406,30,34,0,3.042,3.042,Filip Gustavsson
20242025,2024021089,2025-03-20,8475809,21,16,1,1.21,0.21,Scott Wedgewood
20242025,2024021089,2025-03-20,8476341,9,20,1,1.508,0.508,Anton Forsberg
20242025,2024021089,2025-03-20,8476999,9,13,4,1.251,-2.749,Linus Ullmark
20242025,2024021090,2025-03-20,8474593,1,27,4,2.474,-1.526,Jacob Markstrom
20242025,2024021090,2025-03-20,8481692,20,29,3,3.267,0.267,Dustin Wolf
20242025,2024021091,2025-03-20,8476932,10,30,3,2.15,-0.85,Anthony Stolarz
20242025,2024021091,2025-03-20,8478048,3,28,4,2.595,-1.405,Igor Shesterkin
20242025,2024021092,2025-03-20,8479292,15,29,2,3.568,1.568,Charlie Lindgren
20242025,2024021092,2025-03-20,8481035,4,16,3,1.585,-1.415,Samuel Ersson
20242025,2024021093,2025-03-20,8475683,13,25,0,1.593,1.593,Sergei Bobrovsky
20242025,2024021093,2025-03-20,8478007,29,29,1,2.653,1.653,Elvis Merzlikins
20242025,2024021094,2025-03-20,8478009,2,41,3,4.797,1.797,Ilya Sorokin
20242025,2024021094,2025-03-20,8478470,8,25,4,4.037,0.037,Samuel Montembeault
20242025,2024021095,2025-03-20,8476412,19,18,3,1.264,-1.736,Jordan Binnington
20242025,2024021095,2025-03-20,8480947,23,29,4,2.115,-1.885,Kevin Lankinen
20242025,2024021096,2025-03-20,8476434,24,34,1,1.939,0.939,John Gibson
20242025,2024021096,2025-03-20,8481020,18,34,3,3.231,0.231,Justus Annunen
20242025,2024021097,2025-03-20,8476883,14,24,2,1.772,-0.228,Andrei Vasilevskiy
20242025,2024021097,2025-03-20,8479193,25,38,2,4.229,2.229,Casey DeSmith
20242025,2024021098,2025-03-20,8475311,26,17,1,1.043,0.043,Darcy Kuemper
20242025,2024021098,2025-03-20,8481519,16,32,2,2.616,0.616,Spencer Knight
20242025,2024021099,2025-03-20,8475717,22,4,1,0.325,-0.675,Calvin Pickard
20242025,2024021099,2025-03-20,8476945,52,24,3,3.023,0.023,Connor Hellebuyck
20242025,2024021099,2025-03-20,8479973,22,16,3,2.076,-0.924,Stuart Skinner
20242025,2024021100,2025-03-20,8473503,7,30,3,3.403,0.403,James Reimer
20242025,2024021100,2025-03-20,8478872,59,27,2,3.195,1.195,Karel Vejmelka
20242025,2024021101,2025-03-20,8478499,54,19,1,1.706,0.706,Adin Hill
20242025,2024021101,2025-03-20,8480280,6,32,5,3.341,-1.659,Jeremy Swayman
20242025,2024021102,2025-03-20,8475883,12,25,1,2.852,1.852,Frederik Andersen
20242025,2024021102,2025-03-20,8484312,28,29,3,2.52,-0.48,Georgi Romanov
20242025,2024021103,2025-03-21,8477968,5,47,3,5.297,2.297,Alex Nedeljkovic
20242025,2024021103,2025-03-21,8478007,29,33,5,3.072,-1.928,Elvis Merzlikins
20242025,2024021104,2025-03-22,8478048,3,39,3,3.829,0.829,Igor Shesterkin
20242025,2024021104,2025-03-22,8480947,23,11,4,0.899,-3.101,Kevin Lankinen
20242025,2024021105,2025-03-22,8478905,4,3,2,0.221,-1.779,Ivan Fedotov
20242025,2024021105,2025-03-22,8479979,25,24,2,2.485,0.485,Jake Oettinger
20242025,2024021105,2025-03-22,8481035,4,16,1,1.26,0.26,Samuel Ersson
20242025,2024021106,2025-03-22,8479406,30,21,1,1.482,0.482,Filip Gustavsson
20242025,2024021106,2025-03-22,8480045,7,20,3,2.717,-0.283,Ukko-Pekka Luukkonen
20242025,2024021107,2025-03-22,8480981,19,27,1,2.47,1.47,Joel Hofer
20242025,2024021107,2025-03-22,8482821,16,25,4,3.086,-0.914,Arvid Soderblom
20242025,2024021108,2025-03-22,8477405,2,35,4,2.955,-1.045,Marcus Hogberg
20242025,2024021108,2025-03-22,8478435,20,29,3,3.783,0.783,Dan Vladar
20242025,2024021109,2025-03-22,8479496,26,36,2,3.129,1.129,David Rittich
20242025,2024021109,2025-03-22,8481611,12,25,7,2.83,-4.17,Pyotr Kochetkov
20242025,2024021110,2025-03-22,8477970,13,33,6,3.549,-2.451,Vitek Vanecek
20242025,2024021110,2025-03-22,8480313,15,36,3,2.927,-0.073,Logan Thompson
20242025,2024021111,2025-03-22,8477990,14,24,5,3.377,-1.623,Brandon Halverson
20242025,2024021111,2025-03-22,8478872,59,27,4,2.779,-1.221,Karel Vejmelka
20242025,2024021112,2025-03-22,8478406,21,29,4,3.536,-0.464,Mackenzie Blackwood
20242025,2024021112,2025-03-22,8478470,8,37,4,5.102,1.102,Samuel Montembeault
20242025,2024021113,2025-03-22,8474596,1,19,3,2.347,-0.653,Jake Allen
20242025,2024021113,2025-03-22,8476999,9,27,2,2.669,0.669,Linus Ullmark
20242025,2024021114,2025-03-22,8477424,18,26,2,1.618,-0.382,Juuse Saros
20242025,2024021114,2025-03-22,8479361,10,31,4,3.332,-0.668,Joseph Woll
20242025,2024021115,2025-03-22,8475660,17,35,5,3.037,-1.963,Cam Talbot
20242025,2024021115,2025-03-22,8478499,54,31,3,2.311,-0.689,Adin Hill
20242025,2024021116,2025-03-22,8478916,55,28,4,3.222,-0.778,Joey Daccord
20242025,2024021116,2025-03-22,8479973,22,32,4,3.282,-0.718,Stuart Skinner
20242025,2024021117,2025-03-22,8476914,6,20,2,2.259,0.259,Joonas Korpisalo
20242025,2024021117,2025-03-22,8480382,28,23,1,1.731,0.731,Alexandar Georgiev
20242025,2024021118,2025-03-23,8478905,4,29,7,2.999,-4.001,Ivan Fedotov
20242025,2024021118,2025-03-23,8481519,16,29,4,2.731,-1.269,Spencer Knight
20242025,2024021119,2025-03-23,8473503,7,36,3,3.271,0.271,James Reimer
20242025,2024021119,2025-03-23,8477480,52,16,4,1.328,-2.672,Eric Comrie
20242025,2024021120,2025-03-23,8475683,13,27,3,2.334,-0.666,Sergei Bobrovsky
20242025,2024021120,2025-03-23,8477465,5,31,3,3.032,0.032,Tristan Jarry
20242025,2024021121,2025-03-23,8476412,19,32,1,2.846,1.846,Jordan Binnington
20242025,2024021121,2025-03-23,8481020,18,17,3,1.674,-1.326,Justus Annunen
20242025,2024021122,2025-03-23,8476883,14,29,3,4.212,1.212,Andrei Vasilevskiy
20242025,2024021122,2025-03-23,8478492,54,37,2,4.361,2.361,Ilya Samsonov
20242025,2024021123,2025-03-23,8475883,12,37,2,4.175,2.175,Frederik Andersen
20242025,2024021123,2025-03-23,8480843,24,36,4,4.86,0.86,Lukas Dostal
20242025,2024021124,2025-03-23,8475311,26,13,2,1.264,-0.736,Darcy Kuemper
20242025,2024021124,2025-03-23,8480280,6,23,7,2.776,-4.224,Jeremy Swayman
20242025,2024021125,2025-03-24,8474593,1,28,3,4.497,1.497,Jacob Markstrom
20242025,2024021125,2025-03-24,8477967,23,25,3,2.901,-0.099,Thatcher Demko
20242025,2024021126,2025-03-24,8478007,29,33,3,3.503,0.503,Elvis Merzlikins
20242025,2024021126,2025-03-24,8478009,2,30,3,2.064,-0.936,Ilya Sorokin
20242025,2024021127,2025-03-24,8479406,30,28,2,3.048,1.048,Filip Gustavsson
20242025,2024021127,2025-03-24,8479979,25,32,0,2.729,2.729,Jake Oettinger
20242025,2024021128,2025-03-24,8475852,17,1,0,0.138,0.138,Petr Mrazek
20242025,2024021128,2025-03-24,8478872,59,13,4,1.941,-2.059,Karel Vejmelka
20242025,2024021128,2025-03-24,8479312,17,18,1,1.705,0.705,Alex Lyon
20242025,2024021129,2025-03-25,8473503,7,32,2,3.248,1.248,James Reimer
20242025,2024021129,2025-03-25,8476341,9,24,3,1.567,-1.433,Anton Forsberg
20242025,2024021130,2025-03-25,8476932,10,19,2,2.091,0.091,Anthony Stolarz
20242025,2024021130,2025-03-25,8481035,4,30,7,2.634,-4.366,Samuel Ersson
20242025,2024021131,2025-03-25,8476883,14,15,1,1.144,0.144,Andrei Vasilevskiy
20242025,2024021131,2025-03-25,8477465,5,7,4,1.422,-2.578,Tristan Jarry
20242025,2024021131,2025-03-25,8477968,5,20,2,1.501,-0.499,Alex Nedeljkovic
20242025,2024021132,2025-03-25,8477424,18,35,1,3.569,2.569,Juuse Saros
20242025,2024021132,2025-03-25,8481611,12,16,3,1.72,-1.28,Pyotr Kochetkov
20242025,2024021133,2025-03-25,8476412,19,25,1,1.687,0.687,Jordan Binnington
20242025,2024021133,2025-03-25,8478470,8,32,5,3.709,-1.291,Samuel Montembeault
20242025,2024021133,2025-03-25,8482487,8,5,1,0.649,-0.351,Jakub Dobes
20242025,2024021134,2025-03-25,8470594,30,37,4,3.215,-0.785,Marc-Andre Fleury
20242025,2024021134,2025-03-25,8478499,54,24,1,1.683,0.683,Adin Hill
20242025,2024021135,2025-03-25,8476945,52,29,2,1.859,-0.141,Connor Hellebuyck
20242025,2024021135,2025-03-25,8480313,15,25,3,1.948,-1.052,Logan Thompson
20242025,2024021136,2025-03-25,8478406,21,23,2,2.556,0.556,Mackenzie Blackwood
20242025,2024021136,2025-03-25,8479312,17,27,4,2.172,-1.828,Alex Lyon
20242025,2024021137,2025-03-25,8478916,55,37,4,3.153,-0.847,Joey Daccord
20242025,2024021137,2025-03-25,8481692,20,29,3,3.144,0.144,Dustin Wolf
20242025,2024021138,2025-03-25,8475311,26,23,1,2.703,1.703,Darcy Kuemper
20242025,2024021138,2025-03-25,8478048,3,32,2,2.841,0.841,Igor Shesterkin
20242025,2024021139,2025-03-26,8477405,2,5,0,0.202,0.202,Marcus Hogberg
20242025,2024021139,2025-03-26,8477967,23,28,2,2.944,0.944,Thatcher Demko
20242025,2024021139,2025-03-26,8478009,2,19,4,1.829,-2.171,Ilya Sorokin
20242025,2024021140,2025-03-26,8474593,1,24,3,2.177,-0.823,Jacob Markstrom
20242025,2024021140,2025-03-26,8481519,16,20,4,1.891,-2.109,Spencer Knight
20242025,2024021141,2025-03-26,8475717,22,3,0,0.089,0.089,Calvin Pickard
20242025,2024021141,2025-03-26,8479973,22,21,4,2.862,-1.138,Stuart Skinner
20242025,2024021141,2025-03-26,8479979,25,44,3,4.916,1.916,Jake Oettinger
20242025,2024021142,2025-03-26,8476434,24,25,2,1.761,-0.239,John Gibson
20242025,2024021142,2025-03-26,8476914,6,37,6,4.248,-1.752,Joonas Korpisalo
20242025,2024021143,2025-03-27,8473503,7,26,3,2.376,-0.624,James Reimer
20242025,2024021143,2025-03-27,8477465,5,12,4,1.561,-2.439,Tristan Jarry
20242025,2024021143,2025-03-27,8477968,5,18,3,1.502,-1.498,Alex Nedeljkovic
20242025,2024021144,2025-03-27,8475660,17,22,1,2.955,1.955,Cam Talbot
20242025,2024021144,2025-03-27,8476999,9,34,3,3.531,0.531,Linus Ullmark
20242025,2024021144,2025-03-27,8479312,17,10,3,1.148,-1.852,Alex Lyon
20242025,2024021145,2025-03-27,8476883,14,25,0,2.161,2.161,Andrei Vasilevskiy
20242025,2024021145,2025-03-27,8478872,59,12,4,1.418,-2.582,Karel Vejmelka
20242025,2024021145,2025-03-27,8483530,59,10,4,1.308,-2.692,Jaxson Stauber
20242025,2024021146,2025-03-27,8481035,4,30,4,3.371,-0.629,Samuel Ersson
20242025,2024021146,2025-03-27,8482487,8,30,6,4.222,-1.778,Jakub Dobes
20242025,2024021147,2025-03-27,8477424,18,21,3,2.292,-0.708,Juuse Saros
20242025,2024021147,2025-03-27,8480981,19,18,2,1.212,-0.788,Joel Hofer
20242025,2024021148,2025-03-27,8479292,15,20,3,1.114,-1.886,Charlie Lindgren
20242025,2024021148,2025-03-27,8479406,30,30,2,2.071,0.071,Filip Gustavsson
20242025,2024021149,2025-03-27,8478406,21,22,0,1.463,1.463,Mackenzie Blackwood
20242025,2024021149,2025-03-27,8479496,26,26,4,2.116,-1.884,David Rittich
20242025,2024021150,2025-03-27,8479193,25,48,2,4.306,2.306,Casey DeSmith
20242025,2024021150,2025-03-27,8481692,20,18,4,2.444,-1.556,Dustin Wolf
20242025,2024021151,2025-03-27,8475717,22,29,5,2.792,-2.208,Calvin Pickard
20242025,2024021151,2025-03-27,8478916,55,37,1,2.906,1.906,Joey Daccord
20242025,2024021151,2025-03-27,8480885,22,8,1,1.785,0.785,Olivier Rodrigue
20242025,2024021152,2025-03-27,8479361,10,35,5,3.061,-1.939,Joseph Woll
20242025,2024021152,2025-03-27,8480382,28,35,5,4.135,-0.865,Alexandar Georgiev
20242025,2024021153,2025-03-28,8475683,13,15,1,1.851,0.851,Sergei Bobrovsky
20242025,2024021153,2025-03-28,8478872,59,32,2,3.632,1.632,Karel Vejmelka
20242025,2024021154,2025-03-28,8475883,12,15,1,1.361,0.361,Frederik Andersen
20242025,2024021154,2025-03-28,8478470,8,24,3,2.571,-0.429,Samuel Montembeault
20242025,2024021155,2025-03-28,8478007,29,37,6,3.76,-2.24,Elvis Merzlikins
20242025,2024021155,2025-03-28,8480947,23,38,6,3.051,-2.949,Kevin Lankinen
20242025,2024021156,2025-03-28,8474596,1,19,4,3.66,-0.34,Jake Allen
20242025,2024021156,2025-03-28,8476945,52,24,0,2.012,2.012,Connor Hellebuyck
20242025,2024021157,2025-03-28,8478499,54,21,3,1.89,-1.11,Adin Hill
20242025,2024021157,2025-03-28,8481519,16,21,4,2.041,-1.959,Spencer Knight
20242025,2024021158,2025-03-28,8478048,3,33,5,3.735,-1.265,Igor Shesterkin
20242025,2024021158,2025-03-28,8480843,24,30,4,3.635,-0.365,Lukas Dostal
20242025,2024021159,2025-03-29,8480045,7,32,7,2.516,-4.484,Ukko-Pekka Luukkonen
20242025,2024021159,2025-03-29,8481035,4,21,4,2.381,-1.619,Samuel Ersson
20242025,2024021160,2025-03-29,8477992,14,38,3,4.791,1.791,Jonas Johansson
20242025,2024021160,2025-03-29,8478009,2,23,4,2.454,-1.546,Ilya Sorokin
20242025,2024021161,2025-03-29,8476412,19,29,1,2.141,1.141,Jordan Binnington
20242025,2024021161,2025-03-29,8478406,21,27,2,3.007,1.007,Mackenzie Blackwood
20242025,2024021162,2025-03-29,8474593,1,24,2,2.434,0.434,Jacob Markstrom
20242025,2024021162,2025-03-29,8479406,30,33,5,2.573,-2.427,Filip Gustavsson
20242025,2024021163,2025-03-29,8478499,54,24,1,1.769,0.769,Adin Hill
20242025,2024021163,2025-03-29,8481020,18,28,2,3.567,1.567,Justus Annunen
20242025,2024021164,2025-03-29,8476999,9,30,2,2.477,0.477,Linus Ullmark
20242025,2024021164,2025-03-29,8480193,29,27,3,3.163,0.163,Daniil Tarasov
20242025,2024021165,2025-03-29,8475311,26,25,2,2.717,0.717,Darcy Kuemper
20242025,2024021165,2025-03-29,8476932,10,36,1,2.26,1.26,Anthony Stolarz
20242025,2024021166,2025-03-29,8475660,17,21,1,1.709,0.709,Cam Talbot
20242025,2024021166,2025-03-29,8480280,6,22,2,2.32,0.32,Jeremy Swayman
20242025,2024021167,2025-03-29,8475717,22,28,2,2.419,0.419,Calvin Pickard
20242025,2024021167,2025-03-29,8481692,20,29,3,2.628,-0.372,Dustin Wolf
20242025,2024021168,2025-03-29,8471734,3,22,1,1.788,0.788,Jonathan Quick
20242025,2024021168,2025-03-29,8480382,28,33,6,3.439,-2.561,Alexandar Georgiev
20242025,2024021169,2025-03-29,8478916,55,20,4,2.21,-1.79,Joey Daccord
20242025,2024021169,2025-03-29,8479979,25,36,1,2.827,1.827,Jake Oettinger
20242025,2024021170,2025-03-30,8475683,13,22,3,2.112,-0.888,Sergei Bobrovsky
20242025,2024021170,2025-03-30,8478470,8,26,2,2.901,0.901,Samuel Montembeault
20242025,2024021171,2025-03-30,8473503,7,29,5,3.516,-1.484,James Reimer
20242025,2024021171,2025-03-30,8480313,15,22,7,2.729,-4.271,Logan Thompson
20242025,2024021172,2025-03-30,8476945,52,24,1,2.035,1.035,Connor Hellebuyck
20242025,2024021172,2025-03-30,8477967,23,27,3,3.336,0.336,Thatcher Demko
20242025,2024021173,2025-03-30,8478872,59,29,2,2.915,0.915,Karel Vejmelka
20242025,2024021173,2025-03-30,8482821,16,31,5,3.242,-1.758,Arvid Soderblom
20242025,2024021174,2025-03-30,8476341,9,35,1,2.538,1.538,Anton Forsberg
20242025,2024021174,2025-03-30,8477465,5,31,0,2.319,2.319,Tristan Jarry
20242025,2024021175,2025-03-30,8477405,2,30,6,3.124,-2.876,Marcus Hogberg
20242025,2024021175,2025-03-30,8481611,12,31,4,2.955,-1.045,Pyotr Kochetkov
20242025,2024021176,2025-03-30,8479361,10,31,2,2.594,0.594,Joseph Woll
20242025,2024021176,2025-03-30,8480843,24,23,3,2.358,-0.642,Lukas Dostal
20242025,2024021177,2025-03-30,8479496,26,23,1,1.716,0.716,David Rittich
20242025,2024021177,2025-03-30,8484312,28,36,8,4.338,-3.662,Georgi Romanov
20242025,2024021178,2025-03-31,8474593,1,30,2,2.753,0.753,Jacob Markstrom
20242025,2024021178,2025-03-31,8479406,30,28,2,1.719,-0.281,Filip Gustavsson
20242025,2024021179,2025-03-31,8478905,4,29,1,2.587,1.587,Ivan Fedotov
20242025,2024021179,2025-03-31,8481020,18,18,2,2.895,0.895,Justus Annunen
20242025,2024021180,2025-03-31,8475809,21,27,2,2.521,0.521,Scott Wedgewood
20242025,2024021180,2025-03-31,8478435,20,30,2,3.0,1.0,Dan Vladar
20242025,2024021181,2025-03-31,8475831,55,30,2,2.589,0.589,Philipp Grubauer
20242025,2024021181,2025-03-31,8479193,25,36,1,2.885,1.885,Casey DeSmith
20242025,2024021182,2025-04-01,8479292,15,24,3,2.606,-0.394,Charlie Lindgren
20242025,2024021182,2025-04-01,8480280,6,32,4,3.295,-0.705,Jeremy Swayman
20242025,2024021183,2025-04-01,8477970,13,21,3,3.162,0.162,Vitek Vanecek
20242025,2024021183,2025-04-01,8478470,8,27,2,2.698,0.698,Samuel Montembeault
20242025,2024021184,2025-04-01,8473503,7,35,2,3.344,1.344,James Reimer
20242025,2024021184,2025-04-01,8476999,9,21,4,2.878,-1.122,Linus Ullmark
20242025,2024021185,2025-04-01,8477424,18,26,7,3.909,-3.091,Juuse Saros
20242025,2024021185,2025-04-01,8478007,29,28,4,2.262,-1.738,Elvis Merzlikins
20242025,2024021185,2025-04-01,8481020,18,11,1,1.067,0.067,Justus Annunen
20242025,2024021186,2025-04-01,8476883,14,29,1,2.725,1.725,Andrei Vasilevskiy
20242025,2024021186,2025-04-01,8478009,2,23,3,2.504,-0.496,Ilya Sorokin
20242025,2024021187,2025-04-01,8475660,17,37,2,3.853,1.853,Cam Talbot
20242025,2024021187,2025-04-01,8476412,19,21,1,2.655,1.655,Jordan Binnington
20242025,2024021188,2025-04-01,8478872,59,34,1,2.466,1.466,Karel Vejmelka
20242025,2024021188,2025-04-01,8481692,20,27,2,3.033,1.033,Dustin Wolf
20242025,2024021189,2025-04-01,8475717,22,22,2,1.442,-0.558,Calvin Pickard
20242025,2024021189,2025-04-01,8478499,54,20,3,1.592,-1.408,Adin Hill
20242025,2024021190,2025-04-01,8480382,28,37,3,4.404,1.404,Alexandar Georgiev
20242025,2024021190,2025-04-01,8480843,24,31,3,3.492,0.492,Lukas Dostal
20242025,2024021191,2025-04-01,8475311,26,20,1,1.263,0.263,Darcy Kuemper
20242025,2024021191,2025-04-01,8476945,52,19,3,1.411,-1.589,Connor Hellebuyck
20242025,2024021192,2025-04-02,8478048,3,24,4,2.043,-1.957,Igor Shesterkin
20242025,2024021192,2025-04-02,8479406,30,39,5,3.475,-1.525,Filip Gustavsson
20242025,2024021193,2025-04-02,8475883,12,21,1,2.321,1.321,Frederik Andersen
20242025,2024021193,2025-04-02,8479292,15,19,2,2.247,0.247,Charlie Lindgren
20242025,2024021193,2025-04-02,8480313,15,12,3,1.423,-1.577,Logan Thompson
20242025,2024021194,2025-04-02,8475683,13,26,3,2.943,-0.057,Sergei Bobrovsky
20242025,2024021194,2025-04-02,8476932,10,31,2,2.309,0.309,Anthony Stolarz
20242025,2024021195,2025-04-02,8475809,21,23,2,2.288,0.288,Scott Wedgewood
20242025,2024021195,2025-04-02,8481519,16,31,2,3.425,1.425,Spencer Knight
20242025,2024021196,2025-04-02,8477967,23,18,4,1.898,-2.102,Thatcher Demko
20242025,2024021196,2025-04-02,8478916,55,24,0,2.643,2.643,Joey Daccord
20242025,2024021197,2025-04-03,8478470,8,19,1,2.03,1.03,Samuel Montembeault
20242025,2024021197,2025-04-03,8480280,6,31,3,3.421,0.421,Jeremy Swayman
20242025,2024021198,2025-04-03,8476883,14,19,2,1.928,-0.072,Andrei Vasilevskiy
20242025,2024021198,2025-04-03,8476999,9,32,1,4.26,3.26,Linus Ullmark
20242025,2024021199,2025-04-03,8478007,29,28,7,2.525,-4.475,Elvis Merzlikins
20242025,2024021199,2025-04-03,8478406,21,30,3,2.792,-0.208,Mackenzie Blackwood
20242025,2024021199,2025-04-03,8480193,29,4,0,0.334,0.334,Daniil Tarasov
20242025,2024021200,2025-04-03,8477465,5,19,5,2.723,-2.277,Tristan Jarry
20242025,2024021200,2025-04-03,8480981,19,28,4,2.844,-1.156,Joel Hofer
20242025,2024021201,2025-04-03,8479979,25,29,1,2.567,1.567,Jake Oettinger
20242025,2024021201,2025-04-03,8481020,18,27,5,2.934,-2.066,Justus Annunen
20242025,2024021202,2025-04-03,8475311,26,30,2,3.079,1.079,Darcy Kuemper
20242025,2024021202,2025-04-03,8478872,59,19,3,2.254,-0.746,Karel Vejmelka
20242025,2024021203,2025-04-03,8476434,24,26,3,2.499,-0.501,John Gibson
20242025,2024021203,2025-04-03,8480843,24,8,1,0.414,-0.586,Lukas Dostal
20242025,2024021203,2025-04-03,8481692,20,27,1,2.565,1.565,Dustin Wolf
20242025,2024021204,2025-04-03,8477480,52,26,0,2.269,2.269,Eric Comrie
20242025,2024021204,2025-04-03,8478499,54,19,3,1.295,-1.705,Adin Hill
20242025,2024021204,2025-04-03,8481033,54,2,0,0.06,0.06,Akira Schmid
20242025,2024021205,2025-04-03,8475717,22,29,2,2.109,0.109,Calvin Pickard
20242025,2024021205,2025-04-03,8484312,28,38,3,2.96,-0.04,Georgi Romanov
20242025,2024021206,2025-04-04,8475660,17,33,3,3.011,0.011,Cam Talbot
20242025,2024021206,2025-04-04,8481611,12,20,4,1.773,-2.227,Pyotr Kochetkov
20242025,2024021207,2025-04-04,8479292,15,22,3,2.767,-0.233,Charlie Lindgren
20242025,2024021207,2025-04-04,8481519,16,29,4,3.808,-0.192,Spencer Knight
20242025,2024021208,2025-04-04,8478009,2,28,1,2.422,1.422,Ilya Sorokin
20242025,2024021208,2025-04-04,8479406,30,27,3,2.302,-0.698,Filip Gustavsson
20242025,2024021209,2025-04-05,8474593,1,26,0,2.904,2.904,Jacob Markstrom
20242025,2024021209,2025-04-05,8478048,3,15,3,2.006,-0.994,Igor Shesterkin
20242025,2024021210,2025-04-05,8475683,13,21,2,1.789,-0.211,Sergei Bobrovsky
20242025,2024021210,2025-04-05,8476341,9,39,0,3.255,3.255,Anton Forsberg
20242025,2024021211,2025-04-05,8477465,5,24,3,2.361,-0.639,Tristan Jarry
20242025,2024021211,2025-04-05,8479193,25,39,4,4.422,0.422,Casey DeSmith
20242025,2024021212,2025-04-05,8477967,23,32,2,2.555,0.555,Thatcher Demko
20242025,2024021212,2025-04-05,8480843,24,26,6,3.123,-2.877,Lukas Dostal
20242025,2024021213,2025-04-05,8475311,26,27,0,1.438,1.438,Darcy Kuemper
20242025,2024021213,2025-04-05,8475717,22,28,2,2.601,0.601,Calvin Pickard
20242025,2024021214,2025-04-05,8475883,12,27,5,3.064,-1.936,Frederik Andersen
20242025,2024021214,2025-04-05,8480280,6,40,1,3.975,2.975,Jeremy Swayman
20242025,2024021215,2025-04-05,8473503,7,24,2,3.013,1.013,James Reimer
20242025,2024021215,2025-04-05,8477992,14,38,2,3.926,1.926,Jonas Johansson
20242025,2024021216,2025-04-05,8476932,10,27,0,1.318,1.318,Anthony Stolarz
20242025,2024021216,2025-04-05,8478007,29,27,5,4.144,-0.856,Elvis Merzlikins
20242025,2024021217,2025-04-05,8478470,8,24,2,2.216,0.216,Samuel Montembeault
20242025,2024021217,2025-04-05,8481035,4,26,3,2.926,-0.074,Samuel Ersson
20242025,2024021218,2025-04-05,8476412,19,39,4,3.761,-0.239,Jordan Binnington
20242025,2024021218,2025-04-05,8478406,21,21,4,2.0,-2.0,Mackenzie Blackwood
20242025,2024021219,2025-04-05,8476945,52,27,3,3.4,0.4,Connor Hellebuyck
20242025,2024021219,2025-04-05,8478872,59,33,1,3.453,2.453,Karel Vejmelka
20242025,2024021220,2025-04-05,8481033,54,23,2,1.493,-0.507,Akira Schmid
20242025,2024021220,2025-04-05,8481692,20,34,3,3.368,0.368,Dustin Wolf
20242025,2024021221,2025-04-05,8478916,55,24,1,1.997,0.997,Joey Daccord
20242025,2024021221,2025-04-05,8480382,28,11,4,1.346,-2.654,Alexandar Georgiev
20242025,2024021221,2025-04-05,8484312,28,11,1,1.268,0.268,Georgi Romanov
20242025,2024021222,2025-04-06,8478009,2,29,1,2.44,1.44,Ilya Sorokin
20242025,2024021222,2025-04-06,8479292,15,22,4,3.021,-0.979,Charlie Lindgren
20242025,2024021223,2025-04-06,8479406,30,25,2,2.587,0.587,Filip Gustavsson
20242025,2024021223,2025-04-06,8479979,25,41,3,4.475,1.475,Jake Oettinger
20242025,2024021224,2025-04-06,8476999,9,29,0,2.463,2.463,Linus Ullmark
20242025,2024021224,2025-04-06,8478007,29,23,1,1.354,0.354,Elvis Merzlikins
20242025,2024021224,2025-04-06,8480193,29,6,2,0.406,-1.594,Daniil Tarasov
20242025,2024021225,2025-04-06,8475660,17,33,1,3.024,2.024,Cam Talbot
20242025,2024021225,2025-04-06,8477970,13,24,2,2.214,0.214,Vitek Vanecek
20242025,2024021226,2025-04-06,8476914,6,36,5,3.283,-1.717,Joonas Korpisalo
20242025,2024021226,2025-04-06,8480045,7,20,3,2.011,-0.989,Ukko-Pekka Luukkonen
20242025,2024021227,2025-04-06,8477968,5,30,2,2.866,0.866,Alex Nedeljkovic
20242025,2024021227,2025-04-06,8481519,16,29,1,2.831,1.831,Spencer Knight
20242025,2024021228,2025-04-06,8477424,18,17,2,1.361,-0.639,Juuse Saros
20242025,2024021228,2025-04-06,8482487,8,37,1,2.694,1.694,Jakub Dobes
20242025,2024021229,2025-04-06,8478499,54,21,2,3.053,1.053,Adin Hill
20242025,2024021229,2025-04-06,8480947,23,35,3,3.763,0.763,Kevin Lankinen
20242025,2024021230,2025-04-07,8476883,14,39,1,2.995,1.995,Andrei Vasilevskiy
20242025,2024021230,2025-04-07,8478048,3,22,4,1.894,-2.106,Igor Shesterkin
20242025,2024021231,2025-04-07,8476945,52,15,1,1.025,0.025,Connor Hellebuyck
20242025,2024021231,2025-04-07,8480981,19,25,2,2.422,0.422,Joel Hofer
20242025,2024021232,2025-04-07,8480843,24,47,2,4.424,2.424,Lukas Dostal
20242025,2024021232,2025-04-07,8480885,22,21,3,2.451,-0.549,Olivier Rodrigue
20242025,2024021233,2025-04-07,8475311,26,28,2,2.219,0.219,Darcy Kuemper
20242025,2024021233,2025-04-07,8478916,55,29,1,2.704,1.704,Joey Daccord
20242025,2024021234,2025-04-07,8481692,20,31,2,3.09,1.09,Dustin Wolf
20242025,2024021234,2025-04-07,8484312,28,32,3,3.269,0.269,Georgi Romanov
20242025,2024021235,2025-04-08,8473503,7,33,0,2.124,2.124,James Reimer
20242025,2024021235,2025-04-08,8481611,12,18,3,1.849,-1.151,Pyotr Kochetkov
20242025,2024021236,2025-04-08,8475660,17,19,2,1.676,-0.324,Cam Talbot
20242025,2024021236,2025-04-08,8478470,8,36,1,3.283,2.283,Samuel Montembeault
20242025,2024021237,2025-04-08,8475683,13,18,1,1.0,0.0,Sergei Bobrovsky
20242025,2024021237,2025-04-08,8479361,10,36,2,2.534,0.534,Joseph Woll
20242025,2024021238,2025-04-08,8474593,1,23,7,2.071,-4.929,Jacob Markstrom
20242025,2024021238,2025-04-08,8474596,1,2,0,0.295,0.295,Jake Allen
20242025,2024021238,2025-04-08,8480280,6,21,2,2.138,0.138,Jeremy Swayman
20242025,2024021239,2025-04-08,8476341,9,35,5,3.692,-1.308,Anton Forsberg
20242025,2024021239,2025-04-08,8478007,29,35,2,3.262,1.262,Elvis Merzlikins
20242025,2024021240,2025-04-08,8477465,5,26,0,2.146,2.146,Tristan Jarry
20242025,2024021240,2025-04-08,8481519,16,27,5,2.985,-2.015,Spencer Knight
20242025,2024021241,2025-04-08,8477405,2,9,3,1.072,-1.928,Marcus Hogberg
20242025,2024021241,2025-04-08,8478009,2,23,4,2.315,-1.685,Ilya Sorokin
20242025,2024021241,2025-04-08,8481020,18,22,6,2.333,-3.667,Justus Annunen
20242025,2024021242,2025-04-08,8477967,23,27,4,4.213,0.213,Thatcher Demko
20242025,2024021242,2025-04-08,8479193,25,32,6,4.594,-1.406,Casey DeSmith
20242025,2024021243,2025-04-08,8478872,59,19,1,1.461,0.461,Karel Vejmelka
20242025,2024021243,2025-04-08,8478916,55,29,7,4.195,-2.805,Joey Daccord
20242025,2024021243,2025-04-08,8484910,55,12,0,1.838,1.838,Victor Ostman
20242025,2024021244,2025-04-08,8475809,21,21,2,2.347,0.347,Scott Wedgewood
20242025,2024021244,2025-04-08,8481033,54,36,2,3.908,1.908,Akira Schmid
20242025,2024021245,2025-04-09,8476883,14,31,4,4.804,0.804,Andrei Vasilevskiy
20242025,2024021245,2025-04-09,8476932,10,28,3,3.153,0.153,Anthony Stolarz
20242025,2024021246,2025-04-09,8471734,3,28,6,3.427,-2.573,Jonathan Quick
20242025,2024021246,2025-04-09,8482783,4,29,5,2.89,-2.11,Aleksei Kolosov
20242025,2024021247,2025-04-09,8470594,30,31,7,3.606,-3.394,Marc-Andre Fleury
20242025,2024021247,2025-04-09,8480382,28,44,8,5.072,-2.928,Alexandar Georgiev
20242025,2024021248,2025-04-09,8475717,22,26,3,2.971,-0.029,Calvin Pickard
20242025,2024021248,2025-04-09,8476412,19,23,4,2.256,-1.744,Jordan Binnington
20242025,2024021249,2025-04-09,8478024,24,39,3,3.557,0.557,Ville Husso
20242025,2024021249,2025-04-09,8481692,20,23,4,1.855,-2.145,Dustin Wolf
20242025,2024021250,2025-04-10,8480280,6,20,4,1.501,-2.499,Jeremy Swayman
20242025,2024021250,2025-04-10,8482821,16,33,2,3.467,1.467,Arvid Soderblom
20242025,2024021251,2025-04-10,8475660,17,31,4,2.689,-1.311,Cam Talbot
20242025,2024021251,2025-04-10,8475683,13,23,1,1.57,0.57,Sergei Bobrovsky
20242025,2024021252,2025-04-10,8475883,12,28,4,4.598,0.598,Frederik Andersen
20242025,2024021252,2025-04-10,8479292,15,34,4,3.522,-0.478,Charlie Lindgren
20242025,2024021253,2025-04-10,8473503,7,30,3,3.122,0.122,James Reimer
20242025,2024021253,2025-04-10,8482982,29,41,2,4.162,2.162,Jet Greaves
20242025,2024021254,2025-04-10,8477405,2,30,8,2.579,-5.421,Marcus Hogberg
20242025,2024021254,2025-04-10,8478048,3,46,2,4.009,2.009,Igor Shesterkin
20242025,2024021254,2025-04-10,8482668,2,2,1,0.111,-0.889,Tristan Lennox
20242025,2024021255,2025-04-10,8476945,52,25,0,2.184,2.184,Connor Hellebuyck
20242025,2024021255,2025-04-10,8479979,25,35,4,3.637,-0.363,Jake Oettinger
20242025,2024021256,2025-04-10,8478406,21,29,3,2.649,-0.351,Mackenzie Blackwood
20242025,2024021256,2025-04-10,8480947,23,32,1,2.704,1.704,Kevin Lankinen
20242025,2024021257,2025-04-10,8477424,18,42,3,4.924,1.924,Juuse Saros
20242025,2024021257,2025-04-10,8478872,59,31,3,3.443,0.443,Karel Vejmelka
20242025,2024021258,2025-04-10,8478499,54,25,1,2.772,1.772,Adin Hill
20242025,2024021258,2025-04-10,8478916,55,25,2,2.023,0.023,Joey Daccord
20242025,2024021259,2025-04-10,8475311,26,25,1,1.451,0.451,Darcy Kuemper
20242025,2024021259,2025-04-10,8480843,24,29,6,2.579,-3.421,Lukas Dostal
20242025,2024021260,2025-04-11,8476999,9,22,2,1.921,-0.079,Linus Ullmark
20242025,2024021260,2025-04-11,8478470,8,33,4,2.983,-1.017,Samuel Montembeault
20242025,2024021261,2025-04-11,8476883,14,26,4,2.564,-1.436,Andrei Vasilevskiy
20242025,2024021261,2025-04-11,8479312,17,21,3,2.15,-0.85,Alex Lyon
20242025,2024021262,2025-04-11,8474596,1,24,3,3.107,0.107,Jake Allen
20242025,2024021262,2025-04-11,8477465,5,28,2,2.798,0.798,Tristan Jarry
20242025,2024021263,2025-04-11,8475717,22,24,2,2.194,0.194,Calvin Pickard
20242025,2024021263,2025-04-11,8484312,28,33,3,4.098,1.098,Georgi Romanov
20242025,2024021264,2025-04-11,8470594,30,3,0,0.162,0.162,Marc-Andre Fleury
20242025,2024021264,2025-04-11,8479406,30,29,4,2.69,-1.31,Filip Gustavsson
20242025,2024021264,2025-04-11,8481692,20,18,2,1.251,-0.749,Dustin Wolf
20242025,2024021265,2025-04-12,8477405,2,22,3,2.052,-0.948,Marcus Hogberg
20242025,2024021265,2025-04-12,8481035,4,40,3,4.159,1.159,Samuel Ersson
20242025,2024021266,2025-04-12,8478048,3,26,5,2.933,-2.067,Igor Shesterkin
20242025,2024021266,2025-04-12,8481611,12,31,3,2.766,-0.234,Pyotr Kochetkov
20242025,2024021267,2025-04-12,8475311,26,26,4,2.527,-1.473,Darcy Kuemper
20242025,2024021267,2025-04-12,8478406,21,33,5,3.941,-1.059,Mackenzie Blackwood
20242025,2024021268,2025-04-12,8477970,13,28,2,1.863,-0.137,Vitek Vanecek
20242025,2024021268,2025-04-12,8480045,7,34,2,3.497,1.497,Ukko-Pekka Luukkonen
20242025,2024021269,2025-04-12,8476932,10,15,0,1.125,1.125,Anthony Stolarz
20242025,2024021269,2025-04-12,8482487,8,35,1,3.517,2.517,Jakub Dobes
20242025,2024021270,2025-04-12,8482411,15,26,7,4.403,-2.597,Hunter Shepard
20242025,2024021270,2025-04-12,8482982,29,22,0,2.527,2.527,Jet Greaves
20242025,2024021271,2025-04-12,8476945,52,32,4,4.307,0.307,Connor Hellebuyck
20242025,2024021271,2025-04-12,8481519,16,42,4,4.492,0.492,Spencer Knight
20242025,2024021272,2025-04-12,8478872,59,24,3,2.252,-0.748,Karel Vejmelka
20242025,2024021272,2025-04-12,8479193,25,34,5,3.157,-1.843,Casey DeSmith
20242025,2024021273,2025-04-12,8479406,30,14,2,1.512,-0.488,Filip Gustavsson
20242025,2024021273,2025-04-12,8480947,23,33,3,3.054,0.054,Kevin Lankinen
20242025,2024021274,2025-04-12,8478499,54,17,3,1.844,-1.156,Adin Hill
20242025,2024021274,2025-04-12,8481020,18,28,4,2.503,-1.497,Justus Annunen
20242025,2024021275,2025-04-12,8475831,55,23,3,2.135,-0.865,Philipp Grubauer
20242025,2024021275,2025-04-12,8476412,19,18,3,1.166,-1.834,Jordan Binnington
20242025,2024021276,2025-04-13,8476341,9,32,3,3.748,0.748,Anton Forsberg
20242025,2024021276,2025-04-13,8478905,4,25,4,1.62,-2.38,Ivan Fedotov
20242025,2024021277,2025-04-13,8474593,1,23,1,1.743,0.743,Jacob Markstrom
20242025,2024021277,2025-04-13,8478009,2,25,0,1.597,1.597,Ilya Sorokin
20242025,2024021278,2025-04-13,8476914,6,24,1,2.054,1.054,Joonas Korpisalo
20242025,2024021278,2025-04-13,8477465,5,31,3,3.202,0.202,Tristan Jarry
20242025,2024021279,2025-04-13,8475883,12,20,4,2.653,-1.347,Frederik Andersen
20242025,2024021279,2025-04-13,8479361,10,26,1,2.705,1.705,Joseph Woll
20242025,2024021280,2025-04-13,8473503,7,31,7,5.094,-1.906,James Reimer
20242025,2024021280,2025-04-13,8477992,14,25,4,2.306,-1.694,Jonas Johansson
20242025,2024021281,2025-04-13,8479292,15,23,4,1.878,-2.122,Charlie Lindgren
20242025,2024021281,2025-04-13,8482982,29,31,1,2.978,1.978,Jet Greaves
20242025,2024021282,2025-04-13,8477480,52,38,3,3.877,0.877,Eric Comrie
20242025,2024021282,2025-04-13,8479973,22,18,1,1.974,0.974,Stuart Skinner
20242025,2024021283,2025-04-13,8481692,20,30,2,2.691,0.691,Dustin Wolf
20242025,2024021283,2025-04-13,8484312,28,29,4,2.539,-1.461,Georgi Romanov
20242025,2024021284,2025-04-13,8475809,21,21,2,1.658,-0.342,Scott Wedgewood
20242025,2024021284,2025-04-13,8480843,24,24,3,2.608,-0.392,Lukas Dostal
20242025,2024021285,2025-04-14,8478470,8,25,3,3.572,0.572,Samuel Montembeault
20242025,2024021285,2025-04-14,8482821,16,21,3,2.793,-0.207,Arvid Soderblom
20242025,2024021286,2025-04-14,8475660,17,28,4,3.534,-0.466,Cam Talbot
20242025,2024021286,2025-04-14,8479979,25,36,5,3.44,-1.56,Jake Oettinger
20242025,2024021287,2025-04-14,8471734,3,30,3,2.679,-0.321,Jonathan Quick
20242025,2024021287,2025-04-14,8475683,13,25,5,2.498,-2.502,Sergei Bobrovsky
20242025,2024021288,2025-04-14,8477424,18,35,6,3.493,-2.507,Juuse Saros
20242025,2024021288,2025-04-14,8480191,59,31,3,3.51,0.51,Matt Villalta
20242025,2024021289,2025-04-14,8475311,26,16,0,1.5,1.5,Darcy Kuemper
20242025,2024021289,2025-04-14,8475717,22,36,5,4.457,-0.543,Calvin Pickard
20242025,2024021289,2025-04-14,8479496,26,5,0,0.182,0.182,David Rittich
20242025,2024021290,2025-04-14,8480382,28,37,2,4.513,2.513,Alexandar Georgiev
20242025,2024021290,2025-04-14,8484268,23,16,1,1.511,0.511,Nikita Tolopilo
20242025,2024021291,2025-04-15,8474596,1,24,4,2.764,-1.236,Jake Allen
20242025,2024021291,2025-04-15,8480280,6,26,5,3.379,-1.621,Jeremy Swayman
20242025,2024021292,2025-04-15,8476932,10,35,0,3.481,3.481,Anthony Stolarz
20242025,2024021292,2025-04-15,8480045,7,31,3,3.584,0.584,Ukko-Pekka Luukkonen
20242025,2024021293,2025-04-15,8476341,9,16,4,1.327,-2.673,Anton Forsberg
20242025,2024021293,2025-04-15,8481519,16,37,3,3.232,0.232,Spencer Knight
20242025,2024021294,2025-04-15,8476883,14,24,1,1.677,0.677,Andrei Vasilevskiy
20242025,2024021294,2025-04-15,8477970,13,31,5,4.045,-0.955,Vitek Vanecek
20242025,2024021295,2025-04-15,8481035,4,34,3,3.112,0.112,Samuel Ersson
20242025,2024021295,2025-04-15,8482982,29,29,0,3.091,3.091,Jet Greaves
20242025,2024021296,2025-04-15,8478009,2,35,2,4.193,2.193,Ilya Sorokin
20242025,2024021296,2025-04-15,8479292,15,33,1,2.616,1.616,Charlie Lindgren
20242025,2024021297,2025-04-15,8476412,19,23,1,2.284,1.284,Jordan Binnington
20242025,2024021297,2025-04-15,8478872,59,29,6,3.913,-2.087,Karel Vejmelka
20242025,2024021298,2025-04-15,8470594,30,5,0,0.661,0.661,Marc-Andre Fleury
20242025,2024021298,2025-04-15,8479406,30,24,2,1.672,-0.328,Filip Gustavsson
20242025,2024021298,2025-04-15,8480843,24,40,3,3.554,0.554,Lukas Dostal
20242025,2024021299,2025-04-15,8478492,54,28,4,2.165,-1.835,Ilya Samsonov
20242025,2024021299,2025-04-15,8481692,20,42,4,4.911,0.911,Dustin Wolf
20242025,2024021300,2025-04-15,8478916,55,24,6,2.37,-3.63,Joey Daccord
20242025,2024021300,2025-04-15,8479496,26,34,5,3.58,-1.42,David Rittich
20242025,2024021301,2025-04-16,8478470,8,29,2,2.93,0.93,Samuel Montembeault
20242025,2024021301,2025-04-16,8481611,12,21,3,2.838,-0.162,Pyotr Kochetkov
20242025,2024021302,2025-04-16,8476945,52,31,1,2.643,1.643,Connor Hellebuyck
20242025,2024021302,2025-04-16,8478024,24,44,2,3.865,1.865,Ville Husso
20242025,2024021303,2025-04-16,8479312,17,30,2,2.047,0.047,Alex Lyon
20242025,2024021303,2025-04-16,8482076,1,26,4,2.673,-1.327,Nico Daws
20242025,2024021304,2025-04-16,8477424,18,30,1,3.078,2.078,Juuse Saros
20242025,2024021304,2025-04-16,8479193,25,12,0,1.804,1.804,Casey DeSmith
20242025,2024021304,2025-04-16,8479979,25,22,5,2.452,-2.548,Jake Oettinger
20242025,2024021305,2025-04-16,8480947,23,20,1,1.941,0.941,Kevin Lankinen
20242025,2024021305,2025-04-16,8481033,54,17,1,1.162,0.162,Akira Schmid
20242025,2024021305,2025-04-16,8484268,23,10,2,0.639,-1.361,Nikita Tolopilo
20242025,2024021306,2025-04-16,8479973,22,18,0,1.297,1.297,Stuart Skinner
20242025,2024021306,2025-04-16,8480382,28,27,2,2.607,0.607,Alexandar Georgiev
20242025,2024021307,2025-04-17,8473503,7,24,4,2.233,-1.767,James Reimer
20242025,2024021307,2025-04-17,8482783,4,30,4,3.253,-0.747,Aleksei Kolosov
20242025,2024021308,2025-04-17,8475660,17,20,4,2.507,-1.493,Cam Talbot
20242025,2024021308,2025-04-17,8479361,10,34,3,2.832,-0.168,Joseph Woll
20242025,2024021309,2025-04-17,8475883,12,32,7,4.014,-2.986,Frederik Andersen
20242025,2024021309,2025-04-17,8476999,9,33,5,3.564,-1.436,Linus Ullmark
20242025,2024021310,2025-04-17,8477992,14,22,4,2.872,-1.128,Jonas Johansson
20242025,2024021310,2025-04-17,8478048,3,27,0,2.221,2.221,Igor Shesterkin
20242025,2024021311,2025-04-17,8477968,5,20,2,1.691,-0.309,Alex Nedeljkovic
20242025,2024021311,2025-04-17,8483532,15,38,5,4.145,-0.855,Clay Stevenson
20242025,2024021312,2025-04-17,8477405,2,26,6,2.749,-3.251,Marcus Hogberg
20242025,2024021312,2025-04-17,8482982,29,37,1,2.386,1.386,Jet Greaves
20252026,2025020001,2025-10-07,8475683,13,19,2,1.79,-0.21,Sergei Bobrovsky
20252026,2025020001,2025-10-07,8481519,16,37,3,4.46,1.46,Spencer Knight
20252026,2025020002,2025-10-07,8478048,3,29,1,2.52,1.52,Igor Shesterkin
20252026,2025020002,2025-10-07,8481668,5,25,0,1.572,1.572,Arturs Silovs
20252026,2025020003,2025-10-07,8475311,26,23,4,2.292,-1.708,Darcy Kuemper
20252026,2025020003,2025-10-07,8475809,21,25,1,2.241,1.241,Scott Wedgewood
20252026,2025020004,2025-10-08,8476932,10,31,2,3.438,1.438,Anthony Stolarz
20252026,2025020004,2025-10-08,8478470,8,25,3,2.338,-0.662,Samuel Montembeault
20252026,2025020005,2025-10-08,8480280,6,36,1,3.713,2.713,Jeremy Swayman
20252026,2025020005,2025-10-08,8480313,15,21,2,1.17,-0.83,Logan Thompson
20252026,2025020006,2025-10-08,8479973,22,22,3,2.324,-0.676,Stuart Skinner
20252026,2025020006,2025-10-08,8481692,20,35,3,4.316,1.316,Dustin Wolf
20252026,2025020007,2025-10-08,8476341,26,35,5,3.756,-1.244,Anton Forsberg
20252026,2025020007,2025-10-08,8478499,54,26,5,2.6,-2.4,Adin Hill
20252026,2025020008,2025-10-09,8476914,6,24,3,2.565,-0.435,Joonas Korpisalo
20252026,2025020008,2025-10-09,8482821,16,33,4,3.971,-0.029,Arvid Soderblom
20252026,2025020009,2025-10-09,8478048,3,37,0,2.45,2.45,Igor Shesterkin
20252026,2025020009,2025-10-09,8479312,7,32,3,2.571,-0.429,Alex Lyon
20252026,2025020010,2025-10-09,8475660,17,4,0,0.583,0.583,Cam Talbot
20252026,2025020010,2025-10-09,8476434,17,13,5,1.771,-3.229,John Gibson
20252026,2025020010,2025-10-09,8482487,8,31,1,3.159,2.159,Jakub Dobes
20252026,2025020011,2025-10-09,8476883,14,33,4,3.289,-0.711,Andrei Vasilevskiy
20252026,2025020011,2025-10-09,8476999,9,25,4,2.355,-1.645,Linus Ullmark
20252026,2025020012,2025-10-09,8475683,13,20,1,1.947,0.947,Sergei Bobrovsky
20252026,2025020012,2025-10-09,8478435,4,34,2,2.673,0.673,Dan Vladar
20252026,2025020013,2025-10-09,8477465,5,37,3,4.322,1.322,Tristan Jarry
20252026,2025020013,2025-10-09,8478009,2,28,4,3.044,-0.956,Ilya Sorokin
20252026,2025020014,2025-10-09,8474593,1,32,5,3.285,-1.715,Jacob Markstrom
20252026,2025020014,2025-10-09,8475883,12,22,3,1.974,-1.026,Frederik Andersen
20252026,2025020015,2025-10-09,8476412,19,21,5,2.057,-2.943,Jordan Binnington
20252026,2025020015,2025-10-09,8479406,30,26,0,2.439,2.439,Filip Gustavsson
20252026,2025020016,2025-10-09,8477424,18,39,1,3.459,2.459,Juuse Saros
20252026,2025020016,2025-10-09,8482982,29,32,2,3.502,1.502,Jet Greaves
20252026,2025020017,2025-10-09,8476945,52,37,5,5.365,0.365,Connor Hellebuyck
20252026,2025020017,2025-10-09,8479979,25,25,4,2.266,-1.734,Jake Oettinger
20252026,2025020018,2025-10-09,8475809,21,33,1,2.423,1.423,Scott Wedgewood
20252026,2025020018,2025-10-09,8478872,68,27,2,2.631,0.631,Karel Vejmelka
20252026,2025020019,2025-10-09,8477967,23,18,1,1.873,0.873,Thatcher Demko
20252026,2025020019,2025-10-09,8481692,20,26,5,2.208,-2.792,Dustin Wolf
20252026,2025020020,2025-10-09,8477968,28,31,4,2.46,-1.54,Alex Nedeljkovic
20252026,2025020020,2025-10-09,8481033,54,23,3,2.823,-0.177,Akira Schmid
20252026,2025020021,2025-10-09,8478916,55,36,1,2.884,1.884,Joey Daccord
20252026,2025020021,2025-10-09,8480843,24,31,3,1.928,-1.072,Lukas Dostal
20252026,2025020022,2025-10-11,8475311,26,27,3,2.689,-0.311,Darcy Kuemper
20252026,2025020022,2025-10-11,8476945,52,32,2,4.098,2.098,Connor Hellebuyck
20252026,2025020023,2025-10-11,8480981,19,29,2,2.904,0.904,Joel Hofer
20252026,2025020023,2025-10-11,8481692,20,28,4,2.758,-1.242,Dustin Wolf
20252026,2025020024,2025-10-11,8479312,7,30,2,3.53,1.53,Alex Lyon
20252026,2025020024,2025-10-11,8480280,6,22,1,1.788,0.788,Jeremy Swayman
20252026,2025020025,2025-10-11,8475660,17,23,3,2.371,-0.629,Cam Talbot
20252026,2025020025,2025-10-11,8476932,10,33,4,3.556,-0.444,Anthony Stolarz
20252026,2025020026,2025-10-11,8474593,1,17,3,1.359,-1.641,Jacob Markstrom
20252026,2025020026,2025-10-11,8476883,14,31,5,3.73,-1.27,Andrei Vasilevskiy
20252026,2025020027,2025-10-11,8475683,13,28,2,2.096,0.096,Sergei Bobrovsky
20252026,2025020027,2025-10-11,8476999,9,27,6,3.638,-2.362,Linus Ullmark
20252026,2025020028,2025-10-11,8478009,2,29,4,4.257,0.257,Ilya Sorokin
20252026,2025020028,2025-10-11,8480313,15,36,2,2.272,0.272,Logan Thompson
20252026,2025020029,2025-10-11,8478048,3,19,1,1.774,0.774,Igor Shesterkin
20252026,2025020029,2025-10-11,8481668,5,30,6,3.947,-2.053,Arturs Silovs
20252026,2025020030,2025-10-11,8475883,12,23,3,3.446,0.446,Frederik Andersen
20252026,2025020030,2025-10-11,8481035,4,39,4,5.476,1.476,Samuel Ersson
20252026,2025020031,2025-10-11,8478470,8,22,2,2.056,0.056,Samuel Montembeault
20252026,2025020031,2025-10-11,8481519,16,28,3,3.336,0.336,Spencer Knight
20252026,2025020032,2025-10-11,8477424,18,23,3,3.038,0.038,Juuse Saros
20252026,2025020032,2025-10-11,8478872,68,23,2,3.189,1.189,Karel Vejmelka
20252026,2025020033,2025-10-11,8478007,29,52,4,4.71,0.71,Elvis Merzlikins
20252026,2025020033,2025-10-11,8479406,30,31,6,3.652,-2.348,Filip Gustavsson
20252026,2025020034,2025-10-11,8475809,21,22,4,2.452,-1.548,Scott Wedgewood
20252026,2025020034,2025-10-11,8479979,25,39,4,3.55,-0.45,Jake Oettinger
20252026,2025020035,2025-10-11,8475717,22,15,1,1.674,0.674,Calvin Pickard
20252026,2025020035,2025-10-11,8477967,23,36,2,5.698,3.698,Thatcher Demko
20252026,2025020036,2025-10-11,8475852,24,23,6,2.748,-3.252,Petr Mrazek
20252026,2025020036,2025-10-11,8482137,28,44,7,5.365,-1.635,Yaroslav Askarov
20252026,2025020037,2025-10-11,8478499,54,22,2,2.889,0.889,Adin Hill
20252026,2025020037,2025-10-11,8478916,55,27,1,2.716,1.716,Joey Daccord
20252026,2025020038,2025-10-12,8471734,3,21,1,1.324,0.324,Jonathan Quick
20252026,2025020038,2025-10-12,8479292,15,35,0,3.051,3.051,Charlie Lindgren
20252026,2025020039,2025-10-13,8475809,21,28,1,1.818,0.818,Scott Wedgewood
20252026,2025020039,2025-10-13,8479312,7,37,3,3.68,0.68,Alex Lyon
20252026,2025020040,2025-10-13,8476914,6,23,4,2.826,-1.174,Joonas Korpisalo
20252026,2025020040,2025-10-13,8477992,14,33,3,1.884,-1.116,Jonas Johansson
20252026,2025020041,2025-10-13,8476999,9,24,2,2.518,0.518,Linus Ullmark
20252026,2025020041,2025-10-13,8477424,18,32,1,3.23,2.23,Juuse Saros
20252026,2025020042,2025-10-13,8477480,52,35,2,2.763,0.763,Eric Comrie
20252026,2025020042,2025-10-13,8478009,2,25,4,2.694,-1.306,Ilya Sorokin
20252026,2025020043,2025-10-13,8475660,17,40,2,4.069,2.069,Cam Talbot
20252026,2025020043,2025-10-13,8476932,10,15,3,1.691,-1.309,Anthony Stolarz
20252026,2025020044,2025-10-13,8478435,4,26,2,2.821,0.821,Dan Vladar
20252026,2025020044,2025-10-13,8480193,13,20,3,2.557,-0.443,Daniil Tarasov
20252026,2025020045,2025-10-13,8474593,1,9,1,0.873,-0.127,Jacob Markstrom
20252026,2025020045,2025-10-13,8474596,1,24,1,2.658,1.658,Jake Allen
20252026,2025020045,2025-10-13,8482982,29,27,2,2.551,0.551,Jet Greaves
20252026,2025020046,2025-10-13,8476412,19,29,2,3.029,1.029,Jordan Binnington
20252026,2025020046,2025-10-13,8480947,23,35,4,3.775,-0.225,Kevin Lankinen
20252026,2025020047,2025-10-13,8475311,26,26,3,2.686,-0.314,Darcy Kuemper
20252026,2025020047,2025-10-13,8482661,30,34,3,4.014,1.014,Jesper Wallstedt
20252026,2025020048,2025-10-13,8477970,68,13,2,1.576,-0.424,Vitek Vanecek
20252026,2025020048,2025-10-13,8481519,16,22,1,1.456,0.456,Spencer Knight
20252026,2025020049,2025-10-14,8480051,10,30,4,1.753,-2.247,Cayden Primeau
20252026,2025020049,2025-10-14,8481020,18,26,5,3.271,-1.729,Justus Annunen
20252026,2025020050,2025-10-14,8478470,8,22,4,2.471,-1.529,Samuel Montembeault
20252026,2025020050,2025-10-14,8478916,55,22,5,2.742,-2.258,Joey Daccord
20252026,2025020051,2025-10-14,8478048,3,21,1,1.756,0.756,Igor Shesterkin
20252026,2025020051,2025-10-14,8479973,22,30,0,3.838,3.838,Stuart Skinner
20252026,2025020052,2025-10-14,8476883,14,28,3,3.075,0.075,Andrei Vasilevskiy
20252026,2025020052,2025-10-14,8480313,15,19,2,2.598,0.598,Logan Thompson
20252026,2025020053,2025-10-14,8478499,54,10,2,0.648,-1.352,Adin Hill
20252026,2025020053,2025-10-14,8481033,54,19,0,1.604,1.604,Akira Schmid
20252026,2025020053,2025-10-14,8481692,20,29,3,2.567,-0.433,Dustin Wolf
20252026,2025020054,2025-10-14,8479406,30,23,3,2.528,-0.472,Filip Gustavsson
20252026,2025020054,2025-10-14,8479979,25,41,2,3.306,1.306,Jake Oettinger
20252026,2025020055,2025-10-14,8477968,28,43,5,3.369,-1.631,Alex Nedeljkovic
20252026,2025020055,2025-10-14,8483548,12,17,1,2.083,1.083,Brandon Bussi
20252026,2025020056,2025-10-14,8477465,5,22,4,2.455,-1.545,Tristan Jarry
20252026,2025020056,2025-10-14,8480843,24,25,3,2.785,-0.215,Lukas Dostal
20252026,2025020057,2025-10-15,8479312,7,37,4,4.041,0.041,Alex Lyon
20252026,2025020057,2025-10-15,8482447,9,26,7,3.907,-3.093,Leevi Meriläinen
20252026,2025020058,2025-10-15,8475660,17,21,1,1.77,0.77,Cam Talbot
20252026,2025020058,2025-10-15,8475683,13,23,2,2.82,0.82,Sergei Bobrovsky
20252026,2025020059,2025-10-15,8476412,19,7,1,1.208,0.208,Jordan Binnington
20252026,2025020059,2025-10-15,8480981,19,22,7,2.78,-4.22,Joel Hofer
20252026,2025020059,2025-10-15,8482821,16,26,3,2.052,-0.948,Arvid Soderblom
20252026,2025020060,2025-10-15,8478872,68,20,1,2.862,1.862,Karel Vejmelka
20252026,2025020060,2025-10-15,8482445,20,31,2,3.898,1.898,Devin Cooley
20252026,2025020061,2025-10-16,8476932,10,29,1,3.35,2.35,Anthony Stolarz
20252026,2025020061,2025-10-16,8478048,3,24,2,2.557,0.557,Igor Shesterkin
20252026,2025020062,2025-10-16,8477424,18,30,3,4.158,1.158,Juuse Saros
20252026,2025020062,2025-10-16,8482487,8,19,2,2.183,0.183,Jakub Dobes
20252026,2025020063,2025-10-16,8475831,55,23,3,1.794,-1.206,Philipp Grubauer
20252026,2025020063,2025-10-16,8476999,9,33,3,5.308,2.308,Linus Ullmark
20252026,2025020064,2025-10-16,8474596,1,22,1,2.118,1.118,Jake Allen
20252026,2025020064,2025-10-16,8480193,13,33,3,3.554,0.554,Daniil Tarasov
20252026,2025020065,2025-10-16,8479496,2,33,2,3.676,1.676,David Rittich
20252026,2025020065,2025-10-16,8479973,22,24,3,2.547,-0.453,Stuart Skinner
20252026,2025020066,2025-10-16,8476945,52,17,2,1.638,-0.362,Connor Hellebuyck
20252026,2025020066,2025-10-16,8481035,4,14,4,1.424,-2.576,Samuel Ersson
20252026,2025020067,2025-10-16,8475809,21,23,1,1.737,0.737,Scott Wedgewood
20252026,2025020067,2025-10-16,8478007,29,35,3,4.524,1.524,Elvis Merzlikins
20252026,2025020068,2025-10-16,8477967,23,31,3,4.724,1.724,Thatcher Demko
20252026,2025020068,2025-10-16,8479193,25,26,5,2.667,-2.333,Casey DeSmith
20252026,2025020069,2025-10-16,8480280,6,37,6,5.855,-0.145,Jeremy Swayman
20252026,2025020069,2025-10-16,8481033,54,24,5,1.757,-3.243,Akira Schmid
20252026,2025020070,2025-10-16,8475883,12,24,1,2.75,1.75,Frederik Andersen
20252026,2025020070,2025-10-16,8480843,24,32,4,4.962,0.962,Lukas Dostal
20252026,2025020071,2025-10-16,8476341,26,25,3,2.632,-0.368,Anton Forsberg
20252026,2025020071,2025-10-16,8481668,5,32,2,3.051,1.051,Arturs Silovs
20252026,2025020072,2025-10-17,8476434,17,32,1,3.142,2.142,John Gibson
20252026,2025020072,2025-10-17,8476883,14,31,2,3.03,1.03,Andrei Vasilevskiy
20252026,2025020073,2025-10-17,8479406,30,45,5,5.317,0.317,Filip Gustavsson
20252026,2025020073,2025-10-17,8480313,15,14,1,1.148,0.148,Logan Thompson
20252026,2025020074,2025-10-17,8480947,23,33,2,3.406,1.406,Kevin Lankinen
20252026,2025020074,2025-10-17,8481519,16,32,2,3.68,1.68,Spencer Knight
20252026,2025020075,2025-10-17,8478872,68,21,3,1.664,-1.336,Karel Vejmelka
20252026,2025020075,2025-10-17,8482137,28,34,6,4.121,-1.879,Yaroslav Askarov
20252026,2025020076,2025-10-18,8475683,13,31,3,2.682,-0.318,Sergei Bobrovsky
20252026,2025020076,2025-10-18,8479312,7,32,0,3.571,3.571,Alex Lyon
20252026,2025020077,2025-10-18,8476999,9,23,5,3.098,-1.902,Linus Ullmark
20252026,2025020077,2025-10-18,8478009,2,32,4,4.135,0.135,Ilya Sorokin
20252026,2025020078,2025-10-18,8474596,1,30,3,2.428,-0.572,Jake Allen
20252026,2025020078,2025-10-18,8475717,22,22,4,3.424,-0.576,Calvin Pickard
20252026,2025020079,2025-10-18,8476932,10,28,4,2.792,-1.208,Anthony Stolarz
20252026,2025020079,2025-10-18,8478916,55,30,3,2.335,-0.665,Joey Daccord
20252026,2025020080,2025-10-18,8471734,3,24,3,2.39,-0.61,Jonathan Quick
20252026,2025020080,2025-10-18,8478470,8,22,4,2.127,-1.873,Samuel Montembeault
20252026,2025020081,2025-10-18,8478435,4,16,1,1.545,0.545,Dan Vladar
20252026,2025020081,2025-10-18,8482661,30,21,2,2.404,0.404,Jesper Wallstedt
20252026,2025020082,2025-10-18,8477992,14,31,3,3.134,0.134,Jonas Johansson
20252026,2025020082,2025-10-18,8482982,29,24,2,2.763,0.763,Jet Greaves
20252026,2025020083,2025-10-18,8476412,19,19,1,2.023,1.023,Jordan Binnington
20252026,2025020083,2025-10-18,8479979,25,21,2,2.298,0.298,Jake Oettinger
20252026,2025020084,2025-10-18,8476945,52,31,1,3.161,2.161,Connor Hellebuyck
20252026,2025020084,2025-10-18,8477424,18,24,4,3.263,-0.737,Juuse Saros
20252026,2025020085,2025-10-18,8475809,21,14,1,1.212,0.212,Scott Wedgewood
20252026,2025020085,2025-10-18,8480280,6,37,3,3.593,0.593,Jeremy Swayman
20252026,2025020086,2025-10-18,8476341,26,40,4,4.529,0.529,Anton Forsberg
20252026,2025020086,2025-10-18,8483548,12,28,3,2.51,-0.49,Brandon Bussi
20252026,2025020087,2025-10-18,8478499,54,27,1,2.304,1.304,Adin Hill
20252026,2025020087,2025-10-18,8481692,20,19,5,2.432,-2.568,Dustin Wolf
20252026,2025020087,2025-10-18,8482445,20,9,1,1.423,0.423,Devin Cooley
20252026,2025020088,2025-10-18,8477465,5,31,0,2.75,2.75,Tristan Jarry
20252026,2025020088,2025-10-18,8477968,28,26,2,2.597,0.597,Alex Nedeljkovic
20252026,2025020089,2025-10-19,8477967,23,31,3,3.321,0.321,Thatcher Demko
20252026,2025020089,2025-10-19,8479292,15,24,4,3.654,-0.346,Charlie Lindgren
20252026,2025020090,2025-10-19,8476434,17,18,2,1.929,-0.071,John Gibson
20252026,2025020090,2025-10-19,8479973,22,24,3,2.635,-0.365,Stuart Skinner
20252026,2025020091,2025-10-19,8480843,24,30,2,2.987,0.987,Lukas Dostal
20252026,2025020091,2025-10-19,8481519,16,39,1,2.959,1.959,Spencer Knight
20252026,2025020092,2025-10-19,8476914,6,27,3,3.334,0.334,Joonas Korpisalo
20252026,2025020092,2025-10-19,8477970,68,26,2,2.276,0.276,Vitek Vanecek
20252026,2025020093,2025-10-20,8478048,3,31,2,2.96,0.96,Igor Shesterkin
20252026,2025020093,2025-10-20,8479406,30,24,1,2.388,1.388,Filip Gustavsson
20252026,2025020094,2025-10-20,8475831,55,6,0,0.376,0.376,Philipp Grubauer
20252026,2025020094,2025-10-20,8478435,4,23,2,2.182,0.182,Dan Vladar
20252026,2025020094,2025-10-20,8478916,55,21,5,2.18,-2.82,Joey Daccord
20252026,2025020095,2025-10-20,8479312,7,31,3,3.066,0.066,Alex Lyon
20252026,2025020095,2025-10-20,8482487,8,32,2,3.779,1.779,Jakub Dobes
20252026,2025020096,2025-10-20,8476945,52,33,1,2.427,1.427,Connor Hellebuyck
20252026,2025020096,2025-10-20,8481692,20,27,2,3.782,1.782,Dustin Wolf
20252026,2025020097,2025-10-20,8475883,12,25,3,2.366,-0.634,Frederik Andersen
20252026,2025020097,2025-10-20,8478499,54,4,0,0.217,0.217,Adin Hill
20252026,2025020097,2025-10-20,8481033,54,23,1,2.064,1.064,Akira Schmid
20252026,2025020098,2025-10-21,8474596,1,25,2,3.34,1.34,Jake Allen
20252026,2025020098,2025-10-21,8476932,10,34,4,3.755,-0.245,Anthony Stolarz
20252026,2025020099,2025-10-21,8476999,9,25,3,2.771,-0.229,Linus Ullmark
20252026,2025020099,2025-10-21,8479973,22,21,2,1.609,-0.391,Stuart Skinner
20252026,2025020100,2025-10-21,8478009,2,36,3,4.567,1.567,Ilya Sorokin
20252026,2025020100,2025-10-21,8482137,28,27,4,3.158,-0.842,Yaroslav Askarov
20252026,2025020101,2025-10-21,8480947,23,26,5,4.48,-0.52,Kevin Lankinen
20252026,2025020101,2025-10-21,8481668,5,24,1,2.344,1.344,Arturs Silovs
20252026,2025020102,2025-10-21,8476899,55,33,3,3.386,0.386,Matt Murray
20252026,2025020102,2025-10-21,8480313,15,19,1,1.913,0.913,Logan Thompson
20252026,2025020103,2025-10-21,8475683,13,31,3,2.377,-0.623,Sergei Bobrovsky
20252026,2025020103,2025-10-21,8480280,6,23,4,3.321,-0.679,Jeremy Swayman
20252026,2025020104,2025-10-21,8475311,26,18,1,2.132,1.132,Darcy Kuemper
20252026,2025020104,2025-10-21,8476412,19,28,2,1.68,-0.32,Jordan Binnington
20252026,2025020105,2025-10-21,8477424,18,32,5,3.749,-1.251,Juuse Saros
20252026,2025020105,2025-10-21,8480843,24,28,2,2.09,0.09,Lukas Dostal
20252026,2025020106,2025-10-21,8478007,29,23,1,2.786,1.786,Elvis Merzlikins
20252026,2025020106,2025-10-21,8479979,25,28,4,2.898,-1.102,Jake Oettinger
20252026,2025020107,2025-10-21,8475809,21,33,4,3.007,-0.993,Scott Wedgewood
20252026,2025020107,2025-10-21,8478872,68,33,3,2.642,-0.358,Karel Vejmelka
20252026,2025020108,2025-10-22,8479406,30,34,3,3.261,0.261,Filip Gustavsson
20252026,2025020108,2025-10-22,8482076,1,31,1,2.695,1.695,Nico Daws
20252026,2025020109,2025-10-22,8476434,17,31,4,3.572,-0.428,John Gibson
20252026,2025020109,2025-10-22,8481551,7,31,2,3.092,1.092,Colten Ellis
20252026,2025020110,2025-10-22,8481692,20,28,2,3.573,1.573,Dustin Wolf
20252026,2025020110,2025-10-22,8482487,8,37,1,2.164,1.164,Jakub Dobes
20252026,2025020111,2025-10-23,8475852,24,42,5,4.102,-0.898,Petr Mrazek
20252026,2025020111,2025-10-23,8476914,6,29,6,3.495,-2.505,Joonas Korpisalo
20252026,2025020112,2025-10-23,8476999,9,23,1,2.016,1.016,Linus Ullmark
20252026,2025020112,2025-10-23,8478435,4,33,2,2.512,0.512,Dan Vladar
20252026,2025020113,2025-10-23,8476883,14,25,3,2.934,-0.066,Andrei Vasilevskiy
20252026,2025020113,2025-10-23,8481519,16,31,2,3.778,1.778,Spencer Knight
20252026,2025020114,2025-10-23,8475683,13,17,5,1.689,-3.311,Sergei Bobrovsky
20252026,2025020114,2025-10-23,8477465,5,37,3,3.501,0.501,Tristan Jarry
20252026,2025020115,2025-10-23,8475660,17,30,7,3.552,-3.448,Cam Talbot
20252026,2025020115,2025-10-23,8479496,2,34,2,3.746,1.746,David Rittich
20252026,2025020116,2025-10-23,8477968,28,28,5,2.183,-2.817,Alex Nedeljkovic
20252026,2025020116,2025-10-23,8478048,3,24,6,2.541,-3.459,Igor Shesterkin
20252026,2025020117,2025-10-23,8476412,19,18,3,2.06,-0.94,Jordan Binnington
20252026,2025020117,2025-10-23,8478872,68,20,4,2.726,-1.274,Karel Vejmelka
20252026,2025020117,2025-10-23,8480981,19,6,3,0.739,-2.261,Joel Hofer
20252026,2025020118,2025-10-23,8477424,18,22,1,2.437,1.437,Juuse Saros
20252026,2025020118,2025-10-23,8477967,23,35,2,3.016,1.016,Thatcher Demko
20252026,2025020119,2025-10-23,8475311,26,31,2,4.116,2.116,Darcy Kuemper
20252026,2025020119,2025-10-23,8479979,25,25,3,3.002,0.002,Jake Oettinger
20252026,2025020120,2025-10-23,8476945,52,26,1,1.934,0.934,Connor Hellebuyck
20252026,2025020120,2025-10-23,8478916,55,32,0,2.181,2.181,Joey Daccord
20252026,2025020121,2025-10-23,8475809,21,11,4,1.533,-2.467,Scott Wedgewood
20252026,2025020121,2025-10-23,8475883,12,48,4,5.433,1.433,Frederik Andersen
20252026,2025020121,2025-10-23,8481529,21,20,0,1.396,1.396,Trent Miner
20252026,2025020122,2025-10-23,8475717,22,27,5,3.847,-1.153,Calvin Pickard
20252026,2025020122,2025-10-23,8478470,8,29,6,4.003,-1.997,Samuel Montembeault
20252026,2025020123,2025-10-24,8476932,10,30,5,2.653,-2.347,Anthony Stolarz
20252026,2025020123,2025-10-24,8479312,7,34,3,3.526,0.526,Alex Lyon
20252026,2025020124,2025-10-24,8474596,1,17,1,2.135,1.135,Jake Allen
20252026,2025020124,2025-10-24,8482137,28,28,2,3.994,1.994,Yaroslav Askarov
20252026,2025020125,2025-10-24,8480313,15,35,1,4.774,3.774,Logan Thompson
20252026,2025020125,2025-10-24,8482982,29,30,5,5.592,0.592,Jet Greaves
20252026,2025020126,2025-10-24,8477480,52,33,3,3.972,0.972,Eric Comrie
20252026,2025020126,2025-10-24,8481692,20,31,4,3.233,-0.767,Dustin Wolf
20252026,2025020127,2025-10-25,8478009,2,26,3,3.245,0.245,Ilya Sorokin
20252026,2025020127,2025-10-25,8481035,4,26,3,2.835,-0.165,Samuel Ersson
20252026,2025020128,2025-10-25,8475809,21,19,3,1.9,-1.1,Scott Wedgewood
20252026,2025020128,2025-10-25,8480280,6,33,2,3.993,1.993,Jeremy Swayman
20252026,2025020129,2025-10-25,8477992,14,40,3,3.681,0.681,Jonas Johansson
20252026,2025020129,2025-10-25,8480843,24,33,4,5.181,1.181,Lukas Dostal
20252026,2025020130,2025-10-25,8475683,13,17,0,0.982,0.982,Sergei Bobrovsky
20252026,2025020130,2025-10-25,8481033,54,26,3,2.767,-0.233,Akira Schmid
20252026,2025020131,2025-10-25,8478872,68,35,2,3.637,1.637,Karel Vejmelka
20252026,2025020131,2025-10-25,8479406,30,40,5,4.496,-0.504,Filip Gustavsson
20252026,2025020132,2025-10-25,8480045,7,23,4,2.406,-1.594,Ukko-Pekka Luukkonen
20252026,2025020132,2025-10-25,8480051,10,26,3,2.34,-0.66,Cayden Primeau
20252026,2025020133,2025-10-25,8476412,19,27,5,1.95,-3.05,Jordan Binnington
20252026,2025020133,2025-10-25,8476434,17,29,4,3.724,-0.276,John Gibson
20252026,2025020134,2025-10-25,8478007,29,31,4,2.766,-1.234,Elvis Merzlikins
20252026,2025020134,2025-10-25,8481668,5,41,4,3.987,-0.013,Arturs Silovs
20252026,2025020135,2025-10-25,8476999,9,13,1,1.43,0.43,Linus Ullmark
20252026,2025020135,2025-10-25,8479292,15,34,7,5.443,-1.557,Charlie Lindgren
20252026,2025020136,2025-10-25,8480947,23,24,4,2.557,-1.443,Kevin Lankinen
20252026,2025020136,2025-10-25,8482487,8,31,3,2.838,-0.162,Jakub Dobes
20252026,2025020137,2025-10-25,8475311,26,25,4,4.14,0.14,Darcy Kuemper
20252026,2025020137,2025-10-25,8477424,18,40,4,4.454,0.454,Juuse Saros
20252026,2025020138,2025-10-25,8479979,25,28,2,2.067,0.067,Jake Oettinger
20252026,2025020138,2025-10-25,8483548,12,34,3,4.703,1.703,Brandon Bussi
20252026,2025020139,2025-10-25,8478916,55,33,2,3.251,1.251,Joey Daccord
20252026,2025020139,2025-10-25,8479973,22,23,3,1.935,-1.065,Stuart Skinner
20252026,2025020140,2025-10-26,8474596,1,24,3,2.664,-0.336,Jake Allen
20252026,2025020140,2025-10-26,8481529,21,24,4,2.178,-1.822,Trent Miner
20252026,2025020141,2025-10-26,8476883,14,19,1,1.631,0.631,Andrei Vasilevskiy
20252026,2025020141,2025-10-26,8482761,54,28,2,3.698,1.698,Carl Lindbom
20252026,2025020142,2025-10-26,8482137,28,33,5,3.119,-1.881,Yaroslav Askarov
20252026,2025020142,2025-10-26,8482661,30,25,6,3.432,-2.568,Jesper Wallstedt
20252026,2025020143,2025-10-26,8476945,52,32,3,2.954,-0.046,Connor Hellebuyck
20252026,2025020143,2025-10-26,8477970,68,30,2,3.135,1.135,Vitek Vanecek
20252026,2025020144,2025-10-26,8476341,26,23,1,1.635,0.635,Anton Forsberg
20252026,2025020144,2025-10-26,8482821,16,21,2,2.102,0.102,Arvid Soderblom
20252026,2025020145,2025-10-26,8479193,25,25,2,2.207,0.207,Casey DeSmith
20252026,2025020145,2025-10-26,8481020,18,28,3,3.376,0.376,Justus Annunen
20252026,2025020146,2025-10-26,8478048,3,30,5,2.936,-2.064,Igor Shesterkin
20252026,2025020146,2025-10-26,8481692,20,31,1,2.15,1.15,Dustin Wolf
20252026,2025020147,2025-10-26,8475717,22,27,4,2.722,-1.278,Calvin Pickard
20252026,2025020147,2025-10-26,8477967,23,29,3,3.084,0.084,Thatcher Demko
20252026,2025020148,2025-10-27,8477465,5,28,3,2.973,-0.027,Tristan Jarry
20252026,2025020148,2025-10-27,8480981,19,25,5,3.276,-1.724,Joel Hofer
20252026,2025020149,2025-10-27,8480280,6,23,7,3.351,-3.649,Jeremy Swayman
20252026,2025020149,2025-10-27,8482447,9,28,2,1.39,-0.61,Leevi Meriläinen
20252026,2025020150,2025-10-28,8481035,4,26,2,2.614,0.614,Samuel Ersson
20252026,2025020150,2025-10-28,8481668,5,34,2,3.221,1.221,Arturs Silovs
20252026,2025020151,2025-10-28,8476932,10,29,3,3.122,0.122,Anthony Stolarz
20252026,2025020151,2025-10-28,8481692,20,37,4,4.031,0.031,Dustin Wolf
20252026,2025020152,2025-10-28,8479312,7,39,4,4.03,0.03,Alex Lyon
20252026,2025020152,2025-10-28,8482982,29,38,3,3.455,0.455,Jet Greaves
20252026,2025020153,2025-10-28,8480193,13,17,2,1.741,-0.259,Daniil Tarasov
20252026,2025020153,2025-10-28,8480843,24,33,2,4.317,2.317,Lukas Dostal
20252026,2025020154,2025-10-28,8476914,6,35,2,3.544,1.544,Joonas Korpisalo
20252026,2025020154,2025-10-28,8478009,2,21,4,2.371,-1.629,Ilya Sorokin
20252026,2025020155,2025-10-28,8475883,12,34,5,4.276,-0.724,Frederik Andersen
20252026,2025020155,2025-10-28,8481033,54,24,3,1.862,-1.138,Akira Schmid
20252026,2025020156,2025-10-28,8476883,14,20,2,2.157,0.157,Andrei Vasilevskiy
20252026,2025020156,2025-10-28,8477424,18,31,4,4.545,0.545,Juuse Saros
20252026,2025020157,2025-10-28,8476945,52,35,3,3.253,0.253,Connor Hellebuyck
20252026,2025020157,2025-10-28,8479406,30,21,4,2.556,-1.444,Filip Gustavsson
20252026,2025020158,2025-10-28,8476412,19,19,4,2.138,-1.862,Jordan Binnington
20252026,2025020158,2025-10-28,8476434,17,22,2,1.693,-0.307,John Gibson
20252026,2025020159,2025-10-28,8479979,25,24,0,2.438,2.438,Jake Oettinger
20252026,2025020159,2025-10-28,8480313,15,19,1,2.227,1.227,Logan Thompson
20252026,2025020160,2025-10-28,8476999,9,25,6,2.06,-3.94,Linus Ullmark
20252026,2025020160,2025-10-28,8481519,16,24,3,1.996,-1.004,Spencer Knight
20252026,2025020161,2025-10-28,8474593,1,42,8,4.249,-3.751,Jacob Markstrom
20252026,2025020161,2025-10-28,8475809,21,30,4,2.734,-1.266,Scott Wedgewood
20252026,2025020162,2025-10-28,8478872,68,23,5,2.694,-2.306,Karel Vejmelka
20252026,2025020162,2025-10-28,8479973,22,23,3,2.533,-0.467,Stuart Skinner
20252026,2025020163,2025-10-28,8471734,3,23,0,1.782,1.782,Jonathan Quick
20252026,2025020163,2025-10-28,8477967,23,24,1,2.956,1.956,Thatcher Demko
20252026,2025020164,2025-10-28,8478916,55,21,4,2.003,-1.997,Joey Daccord
20252026,2025020164,2025-10-28,8482487,8,21,3,1.718,-1.282,Jakub Dobes
20252026,2025020165,2025-10-28,8475311,26,40,3,4.613,1.613,Darcy Kuemper
20252026,2025020165,2025-10-28,8482137,28,14,4,1.47,-2.53,Yaroslav Askarov
20252026,2025020166,2025-10-29,8478007,29,36,3,4.181,1.181,Elvis Merzlikins
20252026,2025020166,2025-10-29,8480051,10,24,6,2.927,-3.073,Cayden Primeau
20252026,2025020167,2025-10-30,8476914,6,40,3,3.465,0.465,Joonas Korpisalo
20252026,2025020167,2025-10-30,8479312,7,22,4,2.878,-1.122,Alex Lyon
20252026,2025020168,2025-10-30,8476999,9,29,3,3.467,0.467,Linus Ullmark
20252026,2025020168,2025-10-30,8482445,20,38,3,4.471,1.471,Devin Cooley
20252026,2025020169,2025-10-30,8476883,14,21,1,2.434,1.434,Andrei Vasilevskiy
20252026,2025020169,2025-10-30,8479979,25,33,2,4.565,2.565,Jake Oettinger
20252026,2025020170,2025-10-30,8477424,18,17,3,1.246,-1.754,Juuse Saros
20252026,2025020170,2025-10-30,8478435,4,33,1,3.647,2.647,Dan Vladar
20252026,2025020171,2025-10-30,8479496,2,34,6,4.485,-1.515,David Rittich
20252026,2025020171,2025-10-30,8483548,12,28,2,2.14,0.14,Brandon Bussi
20252026,2025020172,2025-10-30,8476412,19,18,3,1.632,-1.368,Jordan Binnington
20252026,2025020172,2025-10-30,8480947,23,39,3,3.565,0.565,Kevin Lankinen
20252026,2025020173,2025-10-30,8477465,5,27,1,2.507,1.507,Tristan Jarry
20252026,2025020173,2025-10-30,8479406,30,33,3,3.209,0.209,Filip Gustavsson
20252026,2025020174,2025-10-30,8476945,52,24,3,2.495,-0.505,Connor Hellebuyck
20252026,2025020174,2025-10-30,8481519,16,32,6,3.269,-2.731,Spencer Knight
20252026,2025020175,2025-10-30,8478048,3,36,3,4.364,1.364,Igor Shesterkin
20252026,2025020175,2025-10-30,8479973,22,35,4,3.428,-0.572,Stuart Skinner
20252026,2025020176,2025-10-30,8474596,1,28,5,2.911,-2.089,Jake Allen
20252026,2025020176,2025-10-30,8477968,28,31,2,2.435,0.435,Alex Nedeljkovic
20252026,2025020177,2025-10-30,8475311,26,27,3,3.25,0.25,Darcy Kuemper
20252026,2025020177,2025-10-30,8475660,17,39,3,4.255,1.255,Cam Talbot
20252026,2025020178,2025-10-31,8475809,21,23,2,2.174,0.174,Scott Wedgewood
20252026,2025020178,2025-10-31,8482761,54,25,3,2.64,-0.36,Carl Lindbom
20252026,2025020179,2025-10-31,8478009,2,23,1,2.798,1.798,Ilya Sorokin
20252026,2025020179,2025-10-31,8480313,15,22,2,2.497,0.497,Logan Thompson
20252026,2025020180,2025-10-31,8476434,17,31,4,3.522,-0.478,John Gibson
20252026,2025020180,2025-10-31,8480843,24,30,2,3.202,1.202,Lukas Dostal
20252026,2025020181,2025-11-01,8475883,12,22,2,3.479,1.479,Frederik Andersen
20252026,2025020181,2025-11-01,8480280,6,29,1,2.292,1.292,Jeremy Swayman
20252026,2025020182,2025-11-01,8477480,52,30,2,2.465,0.465,Eric Comrie
20252026,2025020182,2025-11-01,8481668,5,33,4,4.213,0.213,Arturs Silovs
20252026,2025020183,2025-11-01,8477424,18,35,2,2.664,0.664,Juuse Saros
20252026,2025020183,2025-11-01,8481692,20,11,3,1.247,-1.753,Dustin Wolf
20252026,2025020183,2025-11-01,8482445,20,12,0,1.1,1.1,Devin Cooley
20252026,2025020184,2025-11-01,8478406,21,23,3,2.61,-0.39,Mackenzie Blackwood
20252026,2025020184,2025-11-01,8482137,28,39,2,2.896,0.896,Yaroslav Askarov
20252026,2025020185,2025-11-01,8475683,13,22,3,2.667,-0.333,Sergei Bobrovsky
20252026,2025020185,2025-11-01,8479193,25,28,3,3.095,0.095,Casey DeSmith
20252026,2025020186,2025-11-01,8479292,15,24,3,2.417,-0.583,Charlie Lindgren
20252026,2025020186,2025-11-01,8480045,7,34,3,3.188,0.188,Ukko-Pekka Luukkonen
20252026,2025020187,2025-11-01,8476999,9,27,4,3.638,-0.362,Linus Ullmark
20252026,2025020187,2025-11-01,8478470,8,17,3,1.641,-1.359,Samuel Montembeault
20252026,2025020188,2025-11-01,8476932,10,33,2,3.427,1.427,Anthony Stolarz
20252026,2025020188,2025-11-01,8478435,4,19,4,2.266,-1.734,Dan Vladar
20252026,2025020188,2025-11-01,8482783,4,7,0,1.045,1.045,Aleksei Kolosov
20252026,2025020189,2025-11-01,8480981,19,35,3,3.702,0.702,Joel Hofer
20252026,2025020189,2025-11-01,8482982,29,39,2,3.375,1.375,Jet Greaves
20252026,2025020190,2025-11-01,8477967,23,27,4,2.66,-1.34,Thatcher Demko
20252026,2025020190,2025-11-01,8479406,30,28,2,2.172,0.172,Filip Gustavsson
20252026,2025020191,2025-11-01,8474593,1,44,1,2.853,1.853,Jacob Markstrom
20252026,2025020191,2025-11-01,8475311,26,21,3,1.749,-1.251,Darcy Kuemper
20252026,2025020192,2025-11-01,8479973,22,29,2,2.824,0.824,Stuart Skinner
20252026,2025020192,2025-11-01,8481519,16,30,3,3.101,0.101,Spencer Knight
20252026,2025020193,2025-11-01,8478048,3,13,2,0.899,-1.101,Igor Shesterkin
20252026,2025020193,2025-11-01,8478916,55,27,3,3.162,0.162,Joey Daccord
20252026,2025020194,2025-11-02,8477992,14,27,2,3.055,1.055,Jonas Johansson
20252026,2025020194,2025-11-02,8478872,68,25,3,2.152,-0.848,Karel Vejmelka
20252026,2025020195,2025-11-02,8478007,29,39,3,3.963,0.963,Elvis Merzlikins
20252026,2025020195,2025-11-02,8479496,2,22,2,2.978,0.978,David Rittich
20252026,2025020196,2025-11-02,8481692,20,18,1,1.413,0.413,Dustin Wolf
20252026,2025020196,2025-11-02,8482783,4,21,2,1.549,-0.451,Aleksei Kolosov
20252026,2025020197,2025-11-02,8474596,1,28,3,3.525,0.525,Jake Allen
20252026,2025020197,2025-11-02,8480843,24,33,1,2.132,1.132,Lukas Dostal
20252026,2025020198,2025-11-02,8475660,17,18,2,1.262,-0.738,Cam Talbot
20252026,2025020198,2025-11-02,8477968,28,32,2,3.196,1.196,Alex Nedeljkovic
20252026,2025020199,2025-11-03,8476932,10,37,3,4.095,1.095,Anthony Stolarz
20252026,2025020199,2025-11-03,8477465,5,20,4,1.771,-2.229,Tristan Jarry
20252026,2025020200,2025-11-03,8475717,22,22,3,2.344,-0.656,Calvin Pickard
20252026,2025020200,2025-11-03,8476412,19,26,2,2.702,0.702,Jordan Binnington
20252026,2025020201,2025-11-03,8477424,18,36,5,3.439,-1.561,Juuse Saros
20252026,2025020201,2025-11-03,8477967,23,29,4,2.487,-1.513,Thatcher Demko
20252026,2025020202,2025-11-03,8478916,55,30,1,3.705,2.705,Joey Daccord
20252026,2025020202,2025-11-03,8482821,16,24,3,2.736,-0.264,Arvid Soderblom
20252026,2025020203,2025-11-04,8478872,68,18,1,2.27,1.27,Karel Vejmelka
20252026,2025020203,2025-11-04,8479312,7,35,2,4.237,2.237,Alex Lyon
20252026,2025020204,2025-11-04,8478435,4,20,4,2.677,-1.323,Dan Vladar
20252026,2025020204,2025-11-04,8478470,8,42,4,5.708,1.708,Samuel Montembeault
20252026,2025020205,2025-11-04,8478009,2,27,3,3.627,0.627,Ilya Sorokin
20252026,2025020205,2025-11-04,8480280,6,33,3,3.701,0.701,Jeremy Swayman
20252026,2025020206,2025-11-04,8478048,3,31,2,2.034,0.034,Igor Shesterkin
20252026,2025020206,2025-11-04,8481611,12,26,0,2.731,2.731,Pyotr Kochetkov
20252026,2025020207,2025-11-04,8479193,25,26,3,2.604,-0.396,Casey DeSmith
20252026,2025020207,2025-11-04,8479973,22,27,3,4.75,1.75,Stuart Skinner
20252026,2025020208,2025-11-04,8479406,30,34,2,3.823,1.823,Filip Gustavsson
20252026,2025020208,2025-11-04,8481020,18,25,3,3.132,0.132,Justus Annunen
20252026,2025020209,2025-11-04,8475809,21,24,2,1.35,-0.65,Scott Wedgewood
20252026,2025020209,2025-11-04,8476883,14,33,3,3.592,0.592,Andrei Vasilevskiy
20252026,2025020210,2025-11-04,8476434,17,34,1,3.911,2.911,John Gibson
20252026,2025020210,2025-11-04,8481033,54,24,0,1.223,1.223,Akira Schmid
20252026,2025020211,2025-11-04,8475683,13,32,7,4.363,-2.637,Sergei Bobrovsky
20252026,2025020211,2025-11-04,8480843,24,21,3,2.004,-0.996,Lukas Dostal
20252026,2025020212,2025-11-04,8475311,26,23,0,2.019,2.019,Darcy Kuemper
20252026,2025020212,2025-11-04,8476945,52,25,2,3.03,1.03,Connor Hellebuyck
20252026,2025020213,2025-11-05,8476932,10,24,3,1.715,-1.285,Anthony Stolarz
20252026,2025020213,2025-11-05,8477970,68,18,4,1.865,-2.135,Vitek Vanecek
20252026,2025020214,2025-11-05,8476412,19,15,4,1.962,-2.038,Jordan Binnington
20252026,2025020214,2025-11-05,8480313,15,24,1,2.721,1.721,Logan Thompson
20252026,2025020214,2025-11-05,8480981,19,17,2,3.143,1.143,Joel Hofer
20252026,2025020215,2025-11-05,8481692,20,43,1,3.355,2.355,Dustin Wolf
20252026,2025020215,2025-11-05,8482982,29,25,4,2.251,-1.749,Jet Greaves
20252026,2025020216,2025-11-05,8480947,23,27,4,3.471,-0.529,Kevin Lankinen
20252026,2025020216,2025-11-05,8481519,16,45,2,5.059,3.059,Spencer Knight
20252026,2025020217,2025-11-05,8476899,55,3,1,0.315,-0.685,Matt Murray
20252026,2025020217,2025-11-05,8478916,55,20,5,2.808,-2.192,Joey Daccord
20252026,2025020217,2025-11-05,8482137,28,30,1,3.268,2.268,Yaroslav Askarov
20252026,2025020218,2025-11-06,8476914,6,22,2,1.748,-0.252,Joonas Korpisalo
20252026,2025020218,2025-11-06,8476999,9,25,3,2.763,-0.237,Linus Ullmark
20252026,2025020219,2025-11-06,8480045,7,16,2,1.281,-0.719,Ukko-Pekka Luukkonen
20252026,2025020219,2025-11-06,8480981,19,28,0,3.327,3.327,Joel Hofer
20252026,2025020220,2025-11-06,8474593,1,19,3,2.202,-0.798,Jacob Markstrom
20252026,2025020220,2025-11-06,8482487,8,28,4,2.97,-1.03,Jakub Dobes
20252026,2025020221,2025-11-06,8479292,15,30,4,3.161,-0.839,Charlie Lindgren
20252026,2025020221,2025-11-06,8481668,5,30,3,3.118,0.118,Arturs Silovs
20252026,2025020222,2025-11-06,8475883,12,24,3,2.232,-0.768,Frederik Andersen
20252026,2025020222,2025-11-06,8479406,30,27,4,2.748,-1.252,Filip Gustavsson
20252026,2025020223,2025-11-06,8477424,18,25,2,3.141,1.141,Juuse Saros
20252026,2025020223,2025-11-06,8478435,4,24,1,2.951,1.951,Dan Vladar
20252026,2025020224,2025-11-06,8479979,25,24,6,2.994,-3.006,Jake Oettinger
20252026,2025020224,2025-11-06,8480843,24,26,5,4.124,-0.876,Lukas Dostal
20252026,2025020225,2025-11-06,8476883,14,32,3,3.319,0.319,Andrei Vasilevskiy
20252026,2025020225,2025-11-06,8482761,54,26,5,3.667,-1.333,Carl Lindbom
20252026,2025020226,2025-11-06,8475683,13,26,2,2.316,0.316,Sergei Bobrovsky
20252026,2025020226,2025-11-06,8476341,26,24,5,2.752,-2.248,Anton Forsberg
20252026,2025020227,2025-11-07,8471734,3,33,1,2.787,1.787,Jonathan Quick
20252026,2025020227,2025-11-07,8475660,17,26,4,2.628,-1.372,Cam Talbot
20252026,2025020228,2025-11-07,8479496,2,26,5,2.885,-2.115,David Rittich
20252026,2025020228,2025-11-07,8482661,30,27,2,2.679,0.679,Jesper Wallstedt
20252026,2025020229,2025-11-07,8481519,16,33,0,2.186,2.186,Spencer Knight
20252026,2025020229,2025-11-07,8481692,20,27,4,2.468,-1.532,Dustin Wolf
20252026,2025020230,2025-11-07,8476945,52,28,2,3.418,1.418,Connor Hellebuyck
20252026,2025020230,2025-11-07,8477968,28,33,1,4.033,3.033,Alex Nedeljkovic
20252026,2025020231,2025-11-08,8474596,1,34,1,2.892,1.892,Jake Allen
20252026,2025020231,2025-11-08,8481668,5,24,1,3.323,2.323,Arturs Silovs
20252026,2025020232,2025-11-08,8476999,9,22,2,2.357,0.357,Linus Ullmark
20252026,2025020232,2025-11-08,8481035,4,14,3,1.796,-1.204,Samuel Ersson
20252026,2025020233,2025-11-08,8479979,25,21,4,2.029,-1.971,Jake Oettinger
20252026,2025020233,2025-11-08,8481020,18,22,5,3.18,-1.82,Justus Annunen
20252026,2025020234,2025-11-08,8476932,10,19,4,2.238,-1.762,Anthony Stolarz
20252026,2025020234,2025-11-08,8480280,6,33,3,4.146,1.146,Jeremy Swayman
20252026,2025020234,2025-11-08,8483710,10,20,1,1.531,0.531,Dennis Hildeby
20252026,2025020235,2025-11-08,8478470,8,27,2,3.686,1.686,Samuel Montembeault
20252026,2025020235,2025-11-08,8478872,68,23,6,2.916,-3.084,Karel Vejmelka
20252026,2025020236,2025-11-08,8476883,14,31,2,2.317,0.317,Andrei Vasilevskiy
20252026,2025020236,2025-11-08,8480313,15,20,3,2.106,-0.894,Logan Thompson
20252026,2025020237,2025-11-08,8478009,2,33,0,3.105,3.105,Ilya Sorokin
20252026,2025020237,2025-11-08,8478048,3,25,4,2.294,-1.706,Igor Shesterkin
20252026,2025020238,2025-11-08,8479312,7,33,4,3.011,-0.989,Alex Lyon
20252026,2025020238,2025-11-08,8481611,12,22,3,2.773,-0.227,Pyotr Kochetkov
20252026,2025020239,2025-11-08,8475831,55,19,3,2.642,-0.358,Philipp Grubauer
20252026,2025020239,2025-11-08,8480981,19,30,4,1.991,-2.009,Joel Hofer
20252026,2025020240,2025-11-08,8475717,22,21,5,3.634,-1.366,Calvin Pickard
20252026,2025020240,2025-11-08,8475809,21,24,1,2.551,1.551,Scott Wedgewood
20252026,2025020240,2025-11-08,8479973,22,13,4,1.684,-2.316,Stuart Skinner
20252026,2025020241,2025-11-08,8478007,29,24,4,3.121,-0.879,Elvis Merzlikins
20252026,2025020241,2025-11-08,8480947,23,32,3,3.299,0.299,Kevin Lankinen
20252026,2025020242,2025-11-08,8475852,24,39,3,4.659,1.659,Petr Mrazek
20252026,2025020242,2025-11-08,8481033,54,29,4,2.762,-1.238,Akira Schmid
20252026,2025020243,2025-11-08,8480193,13,22,2,2.178,0.178,Daniil Tarasov
20252026,2025020243,2025-11-08,8482137,28,39,1,3.913,2.913,Yaroslav Askarov
20252026,2025020244,2025-11-09,8476434,17,19,4,1.89,-2.11,John Gibson
20252026,2025020244,2025-11-09,8482821,16,46,1,5.839,4.839,Arvid Soderblom
20252026,2025020245,2025-11-09,8475311,26,33,2,3.528,1.528,Darcy Kuemper
20252026,2025020245,2025-11-09,8483703,5,27,3,2.293,-0.707,Sergei Murashov
20252026,2025020246,2025-11-09,8483548,12,20,4,2.967,-1.033,Brandon Bussi
20252026,2025020246,2025-11-09,8483710,10,47,5,5.236,0.236,Dennis Hildeby
20252026,2025020247,2025-11-09,8477970,68,25,4,3.489,-0.511,Vitek Vanecek
20252026,2025020247,2025-11-09,8482447,9,31,2,3.571,1.571,Leevi Meriläinen
20252026,2025020248,2025-11-09,8476899,55,25,2,2.943,0.943,Matt Murray
20252026,2025020248,2025-11-09,8479193,25,31,1,3.899,2.899,Casey DeSmith
20252026,2025020249,2025-11-09,8482445,20,18,1,1.546,0.546,Devin Cooley
20252026,2025020249,2025-11-09,8482661,30,36,0,2.324,2.324,Jesper Wallstedt
20252026,2025020250,2025-11-09,8478406,21,33,4,3.475,-0.525,Mackenzie Blackwood
20252026,2025020250,2025-11-09,8480947,23,32,5,4.061,-0.939,Kevin Lankinen
20252026,2025020251,2025-11-09,8477480,52,21,4,2.19,-1.81,Eric Comrie
20252026,2025020251,2025-11-09,8480843,24,24,1,2.014,1.014,Lukas Dostal
20252026,2025020252,2025-11-10,8474593,1,24,3,2.178,-0.822,Jacob Markstrom
20252026,2025020252,2025-11-10,8478009,2,35,2,3.585,1.585,Ilya Sorokin
20252026,2025020253,2025-11-10,8477424,18,12,5,1.25,-3.75,Juuse Saros
20252026,2025020253,2025-11-10,8478048,3,30,3,3.163,0.163,Igor Shesterkin
20252026,2025020253,2025-11-10,8481020,18,6,1,0.598,-0.402,Justus Annunen
20252026,2025020254,2025-11-10,8479973,22,22,4,2.129,-1.871,Stuart Skinner
20252026,2025020254,2025-11-10,8482982,29,24,5,2.846,-2.154,Jet Greaves
20252026,2025020255,2025-11-10,8475683,13,32,2,3.614,1.614,Sergei Bobrovsky
20252026,2025020255,2025-11-10,8482761,54,20,3,1.838,-1.162,Carl Lindbom
20252026,2025020256,2025-11-11,8476932,10,11,3,1.16,-1.84,Anthony Stolarz
20252026,2025020256,2025-11-11,8480280,6,33,3,3.539,0.539,Jeremy Swayman
20252026,2025020256,2025-11-11,8483710,10,21,2,2.113,0.113,Dennis Hildeby
20252026,2025020257,2025-11-11,8475311,26,22,1,1.86,0.86,Darcy Kuemper
20252026,2025020257,2025-11-11,8478470,8,25,4,3.006,-0.994,Samuel Montembeault
20252026,2025020258,2025-11-11,8476999,9,33,3,3.906,0.906,Linus Ullmark
20252026,2025020258,2025-11-11,8479979,25,29,2,2.791,0.791,Jake Oettinger
20252026,2025020259,2025-11-11,8475883,12,27,3,3.576,0.576,Frederik Andersen
20252026,2025020259,2025-11-11,8480313,15,31,1,3.951,2.951,Logan Thompson
20252026,2025020260,2025-11-11,8476412,19,40,2,2.693,0.693,Jordan Binnington
20252026,2025020260,2025-11-11,8481692,20,31,3,3.647,0.647,Dustin Wolf
20252026,2025020261,2025-11-11,8479406,30,18,2,1.777,-0.223,Filip Gustavsson
20252026,2025020261,2025-11-11,8482137,28,29,1,2.476,1.476,Yaroslav Askarov
20252026,2025020262,2025-11-11,8475809,21,36,1,3.724,2.724,Scott Wedgewood
20252026,2025020262,2025-11-11,8480843,24,35,3,3.202,0.202,Lukas Dostal
20252026,2025020263,2025-11-11,8476945,52,33,3,3.141,0.141,Connor Hellebuyck
20252026,2025020263,2025-11-11,8477967,23,8,3,1.002,-1.998,Thatcher Demko
20252026,2025020263,2025-11-11,8480947,23,21,1,2.139,1.139,Kevin Lankinen
20252026,2025020264,2025-11-11,8476899,55,34,1,2.903,1.903,Matt Murray
20252026,2025020264,2025-11-11,8482982,29,23,1,2.004,1.004,Jet Greaves
20252026,2025020265,2025-11-12,8476883,14,13,5,1.306,-3.694,Andrei Vasilevskiy
20252026,2025020265,2025-11-12,8477992,14,7,1,1.284,0.284,Jonas Johansson
20252026,2025020265,2025-11-12,8478048,3,36,3,3.647,0.647,Igor Shesterkin
20252026,2025020266,2025-11-12,8478435,4,31,2,2.901,0.901,Dan Vladar
20252026,2025020266,2025-11-12,8479973,22,21,1,1.961,0.961,Stuart Skinner
20252026,2025020267,2025-11-12,8478872,68,19,2,2.678,0.678,Karel Vejmelka
20252026,2025020267,2025-11-12,8481551,7,36,4,3.402,-0.598,Colten Ellis
20252026,2025020268,2025-11-12,8474593,1,20,3,2.459,-0.541,Jacob Markstrom
20252026,2025020268,2025-11-12,8481519,16,37,4,3.512,-0.488,Spencer Knight
20252026,2025020269,2025-11-13,8475311,26,15,3,1.711,-1.289,Darcy Kuemper
20252026,2025020269,2025-11-13,8483710,10,37,4,3.718,-0.282,Dennis Hildeby
20252026,2025020270,2025-11-13,8478470,8,6,2,0.838,-1.162,Samuel Montembeault
20252026,2025020270,2025-11-13,8479193,25,24,0,2.669,2.669,Casey DeSmith
20252026,2025020270,2025-11-13,8482487,8,13,5,1.686,-3.314,Jakub Dobes
20252026,2025020271,2025-11-13,8476914,6,21,4,1.645,-2.355,Joonas Korpisalo
20252026,2025020271,2025-11-13,8482447,9,21,3,2.528,-0.472,Leevi Meriläinen
20252026,2025020272,2025-11-13,8475660,17,11,1,0.874,-0.126,Cam Talbot
20252026,2025020272,2025-11-13,8476434,17,17,2,1.892,-0.108,John Gibson
20252026,2025020272,2025-11-13,8480843,24,32,5,3.53,-1.47,Lukas Dostal
20252026,2025020273,2025-11-13,8480193,13,40,3,3.176,0.176,Daniil Tarasov
20252026,2025020273,2025-11-13,8480313,15,27,5,3.337,-1.663,Logan Thompson
20252026,2025020274,2025-11-13,8475717,22,25,5,3.351,-1.649,Calvin Pickard
20252026,2025020274,2025-11-13,8482982,29,29,4,3.288,-0.712,Jet Greaves
20252026,2025020275,2025-11-13,8478406,21,21,3,3.073,0.073,Mackenzie Blackwood
20252026,2025020275,2025-11-13,8479312,7,3,2,0.546,-1.454,Alex Lyon
20252026,2025020275,2025-11-13,8480045,7,30,3,2.969,-0.031,Ukko-Pekka Luukkonen
20252026,2025020276,2025-11-13,8481692,20,17,0,1.545,1.545,Dustin Wolf
20252026,2025020276,2025-11-13,8482137,28,35,1,3.919,2.919,Yaroslav Askarov
20252026,2025020277,2025-11-13,8478009,2,29,3,4.19,1.19,Ilya Sorokin
20252026,2025020277,2025-11-13,8481033,54,24,4,2.823,-1.177,Akira Schmid
20252026,2025020278,2025-11-13,8475831,55,26,3,1.923,-1.077,Philipp Grubauer
20252026,2025020278,2025-11-13,8476945,52,17,4,1.725,-2.275,Connor Hellebuyck
20252026,2025020279,2025-11-14,8480947,23,38,4,3.624,-0.376,Kevin Lankinen
20252026,2025020279,2025-11-14,8481611,12,17,3,1.619,-1.381,Pyotr Kochetkov
20252026,2025020280,2025-11-14,8476412,19,31,5,3.554,-1.446,Jordan Binnington
20252026,2025020280,2025-11-14,8481035,4,17,5,2.355,-2.645,Samuel Ersson
20252026,2025020281,2025-11-14,8477424,18,17,1,1.558,0.558,Juuse Saros
20252026,2025020281,2025-11-14,8481668,5,30,2,3.739,1.739,Arturs Silovs
20252026,2025020282,2025-11-14,8478872,68,22,3,3.305,0.305,Karel Vejmelka
20252026,2025020282,2025-11-14,8479496,2,30,2,3.321,1.321,David Rittich
20252026,2025020283,2025-11-15,8475683,13,19,2,2.123,0.123,Sergei Bobrovsky
20252026,2025020283,2025-11-15,8476883,14,23,1,1.6,0.6,Andrei Vasilevskiy
20252026,2025020284,2025-11-15,8475852,24,29,1,2.557,1.557,Petr Mrazek
20252026,2025020284,2025-11-15,8482661,30,28,0,2.455,2.455,Jesper Wallstedt
20252026,2025020285,2025-11-15,8478470,8,23,3,3.67,0.67,Samuel Montembeault
20252026,2025020285,2025-11-15,8480280,6,28,2,3.456,1.456,Jeremy Swayman
20252026,2025020286,2025-11-15,8476341,26,17,0,1.292,1.292,Anton Forsberg
20252026,2025020286,2025-11-15,8476999,9,18,1,1.13,0.13,Linus Ullmark
20252026,2025020287,2025-11-15,8476434,17,27,5,3.745,-1.255,John Gibson
20252026,2025020287,2025-11-15,8481551,7,28,4,3.1,-0.9,Colten Ellis
20252026,2025020288,2025-11-15,8474596,1,31,2,3.613,1.613,Jake Allen
20252026,2025020288,2025-11-15,8480313,15,31,2,3.114,1.114,Logan Thompson
20252026,2025020289,2025-11-15,8475883,12,23,4,3.15,-0.85,Frederik Andersen
20252026,2025020289,2025-11-15,8479973,22,36,3,3.327,0.327,Stuart Skinner
20252026,2025020290,2025-11-15,8478048,3,27,1,2.845,1.845,Igor Shesterkin
20252026,2025020290,2025-11-15,8482982,29,33,1,3.484,2.484,Jet Greaves
20252026,2025020291,2025-11-15,8479361,10,32,3,2.822,-0.178,Joseph Woll
20252026,2025020291,2025-11-15,8481519,16,33,2,2.796,0.796,Spencer Knight
20252026,2025020292,2025-11-15,8480981,19,34,4,3.383,-0.617,Joel Hofer
20252026,2025020292,2025-11-15,8481033,54,23,1,1.261,0.261,Akira Schmid
20252026,2025020293,2025-11-15,8478435,4,28,5,3.562,-1.438,Dan Vladar
20252026,2025020293,2025-11-15,8479979,25,21,1,1.476,0.476,Jake Oettinger
20252026,2025020294,2025-11-15,8476945,52,34,3,2.535,-0.465,Connor Hellebuyck
20252026,2025020294,2025-11-15,8481692,20,23,3,2.094,-0.906,Dustin Wolf
20252026,2025020295,2025-11-15,8475831,55,19,0,1.97,1.97,Philipp Grubauer
20252026,2025020295,2025-11-15,8476899,55,7,1,0.421,-0.579,Matt Murray
20252026,2025020295,2025-11-15,8477968,28,22,3,2.547,-0.453,Alex Nedeljkovic
20252026,2025020296,2025-11-16,8477424,18,21,3,2.527,-0.473,Juuse Saros
20252026,2025020296,2025-11-16,8483703,5,21,0,1.488,1.488,Sergei Murashov
20252026,2025020297,2025-11-16,8477992,14,17,5,2.108,-2.892,Jonas Johansson
20252026,2025020297,2025-11-16,8480947,23,30,2,3.39,1.39,Kevin Lankinen
20252026,2025020298,2025-11-16,8479406,30,25,2,1.797,-0.203,Filip Gustavsson
20252026,2025020298,2025-11-16,8482761,54,28,3,2.359,-0.641,Carl Lindbom
20252026,2025020299,2025-11-16,8471734,3,42,2,5.124,3.124,Jonathan Quick
20252026,2025020299,2025-11-16,8475660,17,19,1,1.776,0.776,Cam Talbot
20252026,2025020300,2025-11-16,8475809,21,29,1,3.257,2.257,Scott Wedgewood
20252026,2025020300,2025-11-16,8478009,2,27,3,3.0,-0.0,Ilya Sorokin
20252026,2025020301,2025-11-17,8480280,6,32,3,3.336,0.336,Jeremy Swayman
20252026,2025020301,2025-11-17,8481611,12,30,1,2.431,1.431,Pyotr Kochetkov
20252026,2025020302,2025-11-17,8479973,22,27,4,3.211,-0.789,Stuart Skinner
20252026,2025020302,2025-11-17,8481551,7,33,1,2.143,1.143,Colten Ellis
20252026,2025020303,2025-11-17,8475683,13,15,5,1.836,-3.164,Sergei Bobrovsky
20252026,2025020303,2025-11-17,8480238,23,40,7,5.086,-1.914,Jiri Patera
20252026,2025020304,2025-11-17,8475311,26,25,2,2.968,0.968,Darcy Kuemper
20252026,2025020304,2025-11-17,8479292,15,31,1,3.439,2.439,Charlie Lindgren
20252026,2025020305,2025-11-17,8482487,8,23,3,2.508,-0.492,Jakub Dobes
20252026,2025020305,2025-11-17,8482982,29,32,3,3.504,0.504,Jet Greaves
20252026,2025020306,2025-11-17,8478872,68,26,3,2.549,-0.451,Karel Vejmelka
20252026,2025020306,2025-11-17,8480843,24,18,2,1.173,-0.827,Lukas Dostal
20252026,2025020307,2025-11-18,8476412,19,29,3,1.723,-1.277,Jordan Binnington
20252026,2025020307,2025-11-18,8479361,10,30,2,2.65,0.65,Joseph Woll
20252026,2025020308,2025-11-18,8475660,17,22,2,2.489,0.489,Cam Talbot
20252026,2025020308,2025-11-18,8478916,55,26,3,2.536,-0.464,Joey Daccord
20252026,2025020309,2025-11-18,8474593,1,29,5,3.449,-1.551,Jacob Markstrom
20252026,2025020309,2025-11-18,8476883,14,32,1,2.928,1.928,Andrei Vasilevskiy
20252026,2025020310,2025-11-18,8479496,2,24,2,3.221,1.221,David Rittich
20252026,2025020310,2025-11-18,8479979,25,22,3,2.322,-0.678,Jake Oettinger
20252026,2025020311,2025-11-18,8477480,52,22,2,1.585,-0.415,Eric Comrie
20252026,2025020311,2025-11-18,8478007,29,30,5,2.909,-2.091,Elvis Merzlikins
20252026,2025020312,2025-11-18,8481692,20,22,4,2.232,-1.768,Dustin Wolf
20252026,2025020312,2025-11-18,8482821,16,21,2,1.494,-0.506,Arvid Soderblom
20252026,2025020313,2025-11-18,8478048,3,26,3,2.45,-0.55,Igor Shesterkin
20252026,2025020313,2025-11-18,8481033,54,19,2,2.374,0.374,Akira Schmid
20252026,2025020314,2025-11-18,8477970,68,22,3,2.318,-0.682,Vitek Vanecek
20252026,2025020314,2025-11-18,8482137,28,26,2,2.438,0.438,Yaroslav Askarov
20252026,2025020315,2025-11-19,8479973,22,20,5,2.627,-2.373,Stuart Skinner
20252026,2025020315,2025-11-19,8480313,15,30,4,3.035,-0.965,Logan Thompson
20252026,2025020316,2025-11-19,8481551,7,35,6,3.118,-2.882,Colten Ellis
20252026,2025020316,2025-11-19,8482445,20,30,2,1.958,-0.042,Devin Cooley
20252026,2025020317,2025-11-19,8475883,12,19,3,1.794,-1.206,Frederik Andersen
20252026,2025020317,2025-11-19,8482661,30,45,3,3.697,0.697,Jesper Wallstedt
20252026,2025020318,2025-11-19,8476914,6,33,4,3.314,-0.686,Joonas Korpisalo
20252026,2025020318,2025-11-19,8480843,24,39,3,4.275,1.275,Lukas Dostal
20252026,2025020319,2025-11-20,8479361,10,30,3,3.623,0.623,Joseph Woll
20252026,2025020319,2025-11-20,8482982,29,29,2,2.528,0.528,Jet Greaves
20252026,2025020320,2025-11-20,8478470,8,10,3,0.96,-2.04,Samuel Montembeault
20252026,2025020320,2025-11-20,8479292,15,28,4,3.399,-0.601,Charlie Lindgren
20252026,2025020320,2025-11-20,8482487,8,25,4,2.103,-1.897,Jakub Dobes
20252026,2025020321,2025-11-20,8476434,17,26,5,3.201,-1.799,John Gibson
20252026,2025020321,2025-11-20,8478009,2,29,0,3.088,3.088,Ilya Sorokin
20252026,2025020322,2025-11-20,8475717,22,35,2,3.689,1.689,Calvin Pickard
20252026,2025020322,2025-11-20,8476883,14,25,1,2.371,1.371,Andrei Vasilevskiy
20252026,2025020323,2025-11-20,8474596,1,24,1,2.811,1.811,Jake Allen
20252026,2025020323,2025-11-20,8475683,13,32,0,2.297,2.297,Sergei Bobrovsky
20252026,2025020324,2025-11-20,8478435,4,29,2,2.912,0.912,Dan Vladar
20252026,2025020324,2025-11-20,8480981,19,28,3,2.961,-0.039,Joel Hofer
20252026,2025020325,2025-11-20,8478916,55,24,2,2.932,0.932,Joey Daccord
20252026,2025020325,2025-11-20,8481519,16,27,3,2.375,-0.625,Spencer Knight
20252026,2025020326,2025-11-20,8475809,21,19,3,1.592,-1.408,Scott Wedgewood
20252026,2025020326,2025-11-20,8478048,3,33,4,3.253,-0.747,Igor Shesterkin
20252026,2025020327,2025-11-20,8478872,68,33,4,3.658,-0.342,Karel Vejmelka
20252026,2025020327,2025-11-20,8481033,54,26,1,2.689,1.689,Akira Schmid
20252026,2025020328,2025-11-20,8479979,25,36,2,4.908,2.908,Jake Oettinger
20252026,2025020328,2025-11-20,8480947,23,24,4,2.696,-1.304,Kevin Lankinen
20252026,2025020329,2025-11-20,8475852,24,25,3,3.391,0.391,Petr Mrazek
20252026,2025020329,2025-11-20,8476999,9,25,2,2.129,0.129,Linus Ullmark
20252026,2025020330,2025-11-20,8476341,26,24,3,2.808,-0.192,Anton Forsberg
20252026,2025020330,2025-11-20,8482137,28,34,3,3.511,0.511,Yaroslav Askarov
20252026,2025020331,2025-11-21,8480045,7,23,3,1.739,-1.261,Ukko-Pekka Luukkonen
20252026,2025020331,2025-11-21,8482821,16,31,9,3.941,-5.059,Arvid Soderblom
20252026,2025020332,2025-11-21,8479406,30,19,0,1.284,1.284,Filip Gustavsson
20252026,2025020332,2025-11-21,8481668,5,10,4,1.322,-2.678,Arturs Silovs
20252026,2025020332,2025-11-21,8483703,5,11,1,1.167,0.167,Sergei Murashov
20252026,2025020333,2025-11-21,8477480,52,28,4,2.905,-1.095,Eric Comrie
20252026,2025020333,2025-11-21,8483548,12,28,3,2.113,-0.887,Brandon Bussi
20252026,2025020334,2025-11-21,8475311,26,26,2,2.061,0.061,Darcy Kuemper
20252026,2025020334,2025-11-21,8480280,6,32,1,2.453,1.453,Jeremy Swayman
20252026,2025020335,2025-11-22,8475660,17,35,3,3.676,0.676,Cam Talbot
20252026,2025020335,2025-11-22,8482982,29,33,4,3.847,-0.153,Jet Greaves
20252026,2025020336,2025-11-22,8476412,19,30,1,3.222,2.222,Jordan Binnington
20252026,2025020336,2025-11-22,8478009,2,22,2,2.53,0.53,Ilya Sorokin
20252026,2025020337,2025-11-22,8479361,10,25,4,2.951,-1.049,Joseph Woll
20252026,2025020337,2025-11-22,8482487,8,26,2,1.416,-0.584,Jakub Dobes
20252026,2025020337,2025-11-22,8483710,10,3,0,0.277,0.277,Dennis Hildeby
20252026,2025020338,2025-11-22,8475683,13,17,4,1.392,-2.608,Sergei Bobrovsky
20252026,2025020338,2025-11-22,8479973,22,38,3,4.293,1.293,Stuart Skinner
20252026,2025020338,2025-11-22,8480193,13,12,0,1.631,1.631,Daniil Tarasov
20252026,2025020339,2025-11-22,8474596,1,29,6,3.913,-2.087,Jake Allen
20252026,2025020339,2025-11-22,8478435,4,35,3,3.082,0.082,Dan Vladar
20252026,2025020340,2025-11-22,8475831,55,32,2,3.088,1.088,Philipp Grubauer
20252026,2025020340,2025-11-22,8483703,5,21,3,1.658,-1.342,Sergei Murashov
20252026,2025020341,2025-11-22,8477992,14,32,3,3.916,0.916,Jonas Johansson
20252026,2025020341,2025-11-22,8479292,15,10,1,1.069,0.069,Charlie Lindgren
20252026,2025020341,2025-11-22,8480313,15,6,4,1.044,-2.956,Logan Thompson
20252026,2025020342,2025-11-22,8476999,9,19,2,1.893,-0.107,Linus Ullmark
20252026,2025020342,2025-11-22,8477968,28,27,3,3.068,0.068,Alex Nedeljkovic
20252026,2025020343,2025-11-22,8477424,18,24,1,2.417,1.417,Juuse Saros
20252026,2025020343,2025-11-22,8478406,21,35,0,3.53,3.53,Mackenzie Blackwood
20252026,2025020344,2025-11-22,8471734,3,34,3,4.078,1.078,Jonathan Quick
20252026,2025020344,2025-11-22,8478872,68,22,2,2.712,0.712,Karel Vejmelka
20252026,2025020345,2025-11-22,8479193,25,33,2,3.317,1.317,Casey DeSmith
20252026,2025020345,2025-11-22,8482445,20,30,2,3.993,1.993,Devin Cooley
20252026,2025020346,2025-11-22,8480843,24,32,3,4.048,1.048,Lukas Dostal
20252026,2025020346,2025-11-22,8481033,54,33,4,3.238,-0.762,Akira Schmid
20252026,2025020347,2025-11-23,8475883,12,20,3,2.747,-0.253,Frederik Andersen
20252026,2025020347,2025-11-23,8480045,7,30,1,3.843,2.843,Ukko-Pekka Luukkonen
20252026,2025020348,2025-11-23,8477480,52,30,3,2.547,-0.453,Eric Comrie
20252026,2025020348,2025-11-23,8482661,30,32,0,2.347,2.347,Jesper Wallstedt
20252026,2025020349,2025-11-23,8478916,55,34,0,4.306,4.306,Joey Daccord
20252026,2025020349,2025-11-23,8479496,2,19,0,1.743,1.743,David Rittich
20252026,2025020350,2025-11-23,8475809,21,22,0,2.335,2.335,Scott Wedgewood
20252026,2025020350,2025-11-23,8481519,16,26,1,1.786,0.786,Spencer Knight
20252026,2025020351,2025-11-23,8480280,6,30,2,2.622,0.622,Jeremy Swayman
20252026,2025020351,2025-11-23,8482137,28,35,1,2.702,1.702,Yaroslav Askarov
20252026,2025020352,2025-11-23,8480947,23,21,5,2.792,-2.208,Kevin Lankinen
20252026,2025020352,2025-11-23,8481692,20,31,2,2.945,0.945,Dustin Wolf
20252026,2025020353,2025-11-24,8476883,14,20,0,1.907,1.907,Andrei Vasilevskiy
20252026,2025020353,2025-11-24,8481035,4,17,2,2.189,0.189,Samuel Ersson
20252026,2025020354,2025-11-24,8474593,1,35,3,4.128,1.128,Jacob Markstrom
20252026,2025020354,2025-11-24,8475660,17,20,4,2.418,-1.582,Cam Talbot
20252026,2025020355,2025-11-24,8478048,3,21,2,1.678,-0.322,Igor Shesterkin
20252026,2025020355,2025-11-24,8480981,19,21,3,1.801,-1.199,Joel Hofer
20252026,2025020356,2025-11-24,8478007,29,31,5,2.998,-2.002,Elvis Merzlikins
20252026,2025020356,2025-11-24,8480313,15,23,1,2.1,1.1,Logan Thompson
20252026,2025020357,2025-11-24,8477424,18,16,5,2.137,-2.863,Juuse Saros
20252026,2025020357,2025-11-24,8480193,13,39,3,3.319,0.319,Daniil Tarasov
20252026,2025020357,2025-11-24,8481020,18,10,3,1.298,-1.702,Justus Annunen
20252026,2025020358,2025-11-24,8478872,68,34,1,3.734,2.734,Karel Vejmelka
20252026,2025020358,2025-11-24,8482761,54,21,3,2.347,-0.653,Carl Lindbom
20252026,2025020359,2025-11-24,8475311,26,28,1,2.802,1.802,Darcy Kuemper
20252026,2025020359,2025-11-24,8482447,9,22,2,2.34,0.34,Leevi Meriläinen
20252026,2025020360,2025-11-25,8475717,22,22,4,3.496,-0.504,Calvin Pickard
20252026,2025020360,2025-11-25,8479973,22,8,4,2.124,-1.876,Stuart Skinner
20252026,2025020360,2025-11-25,8479979,25,25,3,1.441,-1.559,Jake Oettinger
20252026,2025020361,2025-11-26,8475660,17,28,5,3.019,-1.981,Cam Talbot
20252026,2025020361,2025-11-26,8481020,18,31,3,2.261,-0.739,Justus Annunen
20252026,2025020362,2025-11-26,8476883,14,32,1,3.718,2.718,Andrei Vasilevskiy
20252026,2025020362,2025-11-26,8481692,20,4,3,0.291,-2.709,Dustin Wolf
20252026,2025020362,2025-11-26,8482445,20,19,2,1.97,-0.03,Devin Cooley
20252026,2025020363,2025-11-26,8475683,13,18,4,1.228,-2.772,Sergei Bobrovsky
20252026,2025020363,2025-11-26,8478435,4,27,2,2.704,0.704,Dan Vladar
20252026,2025020364,2025-11-26,8474593,1,23,2,1.905,-0.095,Jacob Markstrom
20252026,2025020364,2025-11-26,8476412,19,29,3,2.348,-0.652,Jordan Binnington
20252026,2025020365,2025-11-26,8478009,2,14,3,1.165,-1.835,Ilya Sorokin
20252026,2025020365,2025-11-26,8480280,6,44,1,4.981,3.981,Jeremy Swayman
20252026,2025020366,2025-11-26,8477465,5,31,2,2.824,0.824,Tristan Jarry
20252026,2025020366,2025-11-26,8480045,7,18,3,1.729,-1.271,Ukko-Pekka Luukkonen
20252026,2025020367,2025-11-26,8477480,52,35,4,2.9,-1.1,Eric Comrie
20252026,2025020367,2025-11-26,8479292,15,21,3,3.334,0.334,Charlie Lindgren
20252026,2025020368,2025-11-26,8475883,12,17,3,1.733,-1.267,Frederik Andersen
20252026,2025020368,2025-11-26,8478048,3,38,2,4.19,2.19,Igor Shesterkin
20252026,2025020369,2025-11-26,8479361,10,36,1,4.664,3.664,Joseph Woll
20252026,2025020369,2025-11-26,8482982,29,24,2,2.18,0.18,Jet Greaves
20252026,2025020370,2025-11-26,8479406,30,37,3,3.608,0.608,Filip Gustavsson
20252026,2025020370,2025-11-26,8481519,16,24,4,3.034,-0.966,Spencer Knight
20252026,2025020371,2025-11-26,8477968,28,23,2,2.399,0.399,Alex Nedeljkovic
20252026,2025020371,2025-11-26,8478406,21,26,0,1.968,1.968,Mackenzie Blackwood
20252026,2025020371,2025-11-26,8482137,28,19,4,1.543,-2.457,Yaroslav Askarov
20252026,2025020372,2025-11-26,8478872,68,17,4,2.44,-1.56,Karel Vejmelka
20252026,2025020372,2025-11-26,8482487,8,34,3,4.281,1.281,Jakub Dobes
20252026,2025020373,2025-11-26,8476999,9,35,3,4.672,1.672,Linus Ullmark
20252026,2025020373,2025-11-26,8481033,54,22,3,1.617,-1.383,Akira Schmid
20252026,2025020374,2025-11-26,8475852,24,27,4,3.925,-0.075,Petr Mrazek
20252026,2025020374,2025-11-26,8484268,23,41,4,4.753,0.753,Nikita Tolopilo
20252026,2025020375,2025-11-26,8478916,55,21,3,2.344,-0.656,Joey Daccord
20252026,2025020375,2025-11-26,8479193,25,28,2,2.873,0.873,Casey DeSmith
20252026,2025020376,2025-11-28,8476914,6,36,5,3.89,-1.11,Joonas Korpisalo
20252026,2025020376,2025-11-28,8478048,3,21,2,2.063,0.063,Igor Shesterkin
20252026,2025020377,2025-11-28,8476434,17,26,5,4.606,-0.394,John Gibson
20252026,2025020377,2025-11-28,8476883,14,37,3,4.21,1.21,Andrei Vasilevskiy
20252026,2025020378,2025-11-28,8475809,21,39,2,3.936,1.936,Scott Wedgewood
20252026,2025020378,2025-11-28,8482661,30,41,2,3.939,1.939,Jesper Wallstedt
20252026,2025020379,2025-11-28,8474596,1,42,0,3.176,3.176,Jake Allen
20252026,2025020379,2025-11-28,8479312,7,23,5,2.561,-2.439,Alex Lyon
20252026,2025020380,2025-11-28,8480193,13,33,4,3.863,-0.137,Daniil Tarasov
20252026,2025020380,2025-11-28,8482445,20,41,3,5.226,2.226,Devin Cooley
20252026,2025020381,2025-11-28,8479496,2,21,3,2.082,-0.918,David Rittich
20252026,2025020381,2025-11-28,8481035,4,31,3,3.785,0.785,Samuel Ersson
20252026,2025020382,2025-11-28,8476412,19,28,3,3.832,0.832,Jordan Binnington
20252026,2025020382,2025-11-28,8482447,9,31,4,3.628,-0.372,Leevi Meriläinen
20252026,2025020383,2025-11-28,8478470,8,31,1,2.95,1.95,Samuel Montembeault
20252026,2025020383,2025-11-28,8481033,54,18,3,2.086,-0.914,Akira Schmid
20252026,2025020384,2025-11-28,8475311,26,31,4,4.187,0.187,Darcy Kuemper
20252026,2025020384,2025-11-28,8478024,24,27,4,3.019,-0.981,Ville Husso
20252026,2025020385,2025-11-28,8482137,28,34,2,5.046,3.046,Yaroslav Askarov
20252026,2025020385,2025-11-28,8484268,23,24,3,2.613,-0.387,Nikita Tolopilo
20252026,2025020386,2025-11-28,8479361,10,33,3,3.487,0.487,Joseph Woll
20252026,2025020386,2025-11-28,8480313,15,22,2,3.417,1.417,Logan Thompson
20252026,2025020387,2025-11-28,8483114,52,34,4,2.701,-1.299,Thomas Milic
20252026,2025020387,2025-11-28,8483548,12,13,1,1.548,0.548,Brandon Bussi
20252026,2025020388,2025-11-28,8477465,5,29,3,3.895,0.895,Tristan Jarry
20252026,2025020388,2025-11-28,8482982,29,24,4,2.817,-1.183,Jet Greaves
20252026,2025020389,2025-11-28,8477424,18,27,3,2.774,-0.226,Juuse Saros
20252026,2025020389,2025-11-28,8482821,16,29,4,2.918,-1.082,Arvid Soderblom
20252026,2025020390,2025-11-28,8477970,68,28,4,4.308,0.308,Vitek Vanecek
20252026,2025020390,2025-11-28,8479979,25,30,3,3.895,0.895,Jake Oettinger
20252026,2025020391,2025-11-29,8477992,14,13,1,1.198,0.198,Jonas Johansson
20252026,2025020391,2025-11-29,8478048,3,34,3,4.287,1.287,Igor Shesterkin
20252026,2025020392,2025-11-29,8478406,21,23,2,2.288,0.288,Mackenzie Blackwood
20252026,2025020392,2025-11-29,8482487,8,36,7,3.964,-3.036,Jakub Dobes
20252026,2025020393,2025-11-29,8478916,55,25,4,2.183,-1.817,Joey Daccord
20252026,2025020393,2025-11-29,8479973,22,26,0,2.78,2.78,Stuart Skinner
20252026,2025020394,2025-11-29,8475660,17,20,2,1.529,-0.471,Cam Talbot
20252026,2025020394,2025-11-29,8480280,6,26,2,3.915,1.915,Jeremy Swayman
20252026,2025020395,2025-11-29,8474593,1,31,4,3.745,-0.255,Jacob Markstrom
20252026,2025020395,2025-11-29,8478435,4,32,3,3.122,0.122,Dan Vladar
20252026,2025020396,2025-11-29,8477465,5,13,3,1.797,-1.203,Tristan Jarry
20252026,2025020396,2025-11-29,8481668,5,10,4,1.615,-2.385,Arturs Silovs
20252026,2025020396,2025-11-29,8483710,10,35,2,2.839,0.839,Dennis Hildeby
20252026,2025020397,2025-11-29,8477480,52,23,2,1.725,-0.275,Eric Comrie
20252026,2025020397,2025-11-29,8481020,18,26,4,3.001,-0.999,Justus Annunen
20252026,2025020398,2025-11-29,8478872,68,19,1,2.146,1.146,Karel Vejmelka
20252026,2025020398,2025-11-29,8480981,19,18,0,1.102,1.102,Joel Hofer
20252026,2025020399,2025-11-29,8479406,30,33,2,2.845,0.845,Filip Gustavsson
20252026,2025020399,2025-11-29,8481551,7,24,2,2.457,0.457,Colten Ellis
20252026,2025020400,2025-11-29,8477968,28,24,4,3.112,-0.888,Alex Nedeljkovic
20252026,2025020400,2025-11-29,8482761,54,21,3,2.194,-0.806,Carl Lindbom
20252026,2025020401,2025-11-29,8476341,26,20,1,1.901,0.901,Anton Forsberg
20252026,2025020401,2025-11-29,8480947,23,23,2,2.119,0.119,Kevin Lankinen
20252026,2025020402,2025-11-30,8478009,2,17,2,1.412,-0.588,Ilya Sorokin
20252026,2025020402,2025-11-30,8480313,15,31,1,4.675,3.675,Logan Thompson
20252026,2025020403,2025-11-30,8475852,24,16,3,1.647,-1.353,Petr Mrazek
20252026,2025020403,2025-11-30,8478024,24,1,1,0.416,-0.584,Ville Husso
20252026,2025020403,2025-11-30,8481519,16,26,3,2.351,-0.649,Spencer Knight
20252026,2025020404,2025-11-30,8482445,20,17,1,2.323,1.323,Devin Cooley
20252026,2025020404,2025-11-30,8483548,12,16,0,1.225,1.225,Brandon Bussi
20252026,2025020405,2025-11-30,8476999,9,26,6,4.442,-1.558,Linus Ullmark
20252026,2025020405,2025-11-30,8479193,25,16,1,1.556,0.556,Casey DeSmith
20252026,2025020406,2025-12-01,8474596,1,25,5,2.886,-2.114,Jake Allen
20252026,2025020406,2025-12-01,8478007,29,33,3,3.762,0.762,Elvis Merzlikins
20252026,2025020407,2025-12-01,8477465,5,29,1,3.076,2.076,Tristan Jarry
20252026,2025020407,2025-12-01,8478435,4,27,5,3.135,-1.865,Dan Vladar
20252026,2025020408,2025-12-01,8477480,52,14,3,1.795,-1.205,Eric Comrie
20252026,2025020408,2025-12-01,8480045,7,24,1,2.007,1.007,Ukko-Pekka Luukkonen
20252026,2025020408,2025-12-01,8483114,52,17,2,1.672,-0.328,Thomas Milic
20252026,2025020409,2025-12-01,8476412,19,5,2,0.098,-1.902,Jordan Binnington
20252026,2025020409,2025-12-01,8478024,24,22,1,2.6,1.6,Ville Husso
20252026,2025020409,2025-12-01,8480981,19,20,1,1.516,0.516,Joel Hofer
20252026,2025020410,2025-12-01,8477970,68,21,3,2.314,-0.686,Vitek Vanecek
20252026,2025020410,2025-12-01,8478872,68,9,3,1.009,-1.991,Karel Vejmelka
20252026,2025020410,2025-12-01,8482137,28,34,3,3.066,0.066,Yaroslav Askarov
20252026,2025020411,2025-12-02,8476999,9,22,2,2.135,0.135,Linus Ullmark
20252026,2025020411,2025-12-02,8478470,8,29,5,4.464,-0.536,Samuel Montembeault
20252026,2025020412,2025-12-02,8476434,17,38,4,3.302,-0.698,John Gibson
20252026,2025020412,2025-12-02,8476914,6,9,0,1.249,1.249,Joonas Korpisalo
20252026,2025020412,2025-12-02,8480280,6,23,5,2.467,-2.533,Jeremy Swayman
20252026,2025020413,2025-12-02,8475683,13,30,3,2.93,-0.07,Sergei Bobrovsky
20252026,2025020413,2025-12-02,8479361,10,26,1,2.128,1.128,Joseph Woll
20252026,2025020414,2025-12-02,8476883,14,24,2,2.181,0.181,Andrei Vasilevskiy
20252026,2025020414,2025-12-02,8478009,2,31,1,3.875,2.875,Ilya Sorokin
20252026,2025020415,2025-12-02,8478048,3,26,2,2.047,0.047,Igor Shesterkin
20252026,2025020415,2025-12-02,8479193,25,41,3,4.967,1.967,Casey DeSmith
20252026,2025020416,2025-12-02,8477424,18,28,1,2.401,1.401,Juuse Saros
20252026,2025020416,2025-12-02,8481692,20,12,1,1.135,0.135,Dustin Wolf
20252026,2025020416,2025-12-02,8482445,20,16,4,1.475,-2.525,Devin Cooley
20252026,2025020417,2025-12-02,8475809,21,11,1,1.14,0.14,Scott Wedgewood
20252026,2025020417,2025-12-02,8478406,21,10,0,1.047,1.047,Mackenzie Blackwood
20252026,2025020417,2025-12-02,8480947,23,31,3,3.402,0.402,Kevin Lankinen
20252026,2025020418,2025-12-02,8479973,22,24,1,3.148,2.148,Stuart Skinner
20252026,2025020418,2025-12-02,8482661,30,33,0,2.49,2.49,Jesper Wallstedt
20252026,2025020419,2025-12-02,8479394,54,30,3,3.106,0.106,Carter Hart
20252026,2025020419,2025-12-02,8481519,16,28,3,2.49,-0.51,Spencer Knight
20252026,2025020420,2025-12-02,8475311,26,24,2,2.737,0.737,Darcy Kuemper
20252026,2025020420,2025-12-02,8480313,15,25,1,2.889,1.889,Logan Thompson
20252026,2025020421,2025-12-03,8474593,1,28,3,3.099,0.099,Jacob Markstrom
20252026,2025020421,2025-12-03,8479979,25,30,0,2.078,2.078,Jake Oettinger
20252026,2025020422,2025-12-03,8477480,52,31,2,4.383,2.383,Eric Comrie
20252026,2025020422,2025-12-03,8482487,8,32,2,2.644,0.644,Jakub Dobes
20252026,2025020423,2025-12-03,8481035,4,29,2,3.26,1.26,Samuel Ersson
20252026,2025020423,2025-12-03,8481551,7,35,5,6.846,1.846,Colten Ellis
20252026,2025020424,2025-12-03,8478024,24,21,4,2.236,-1.764,Ville Husso
20252026,2025020424,2025-12-03,8478872,68,27,0,2.237,2.237,Karel Vejmelka
20252026,2025020424,2025-12-03,8483746,24,13,3,1.772,-1.228,Vyacheslav Buteyets
20252026,2025020425,2025-12-03,8477968,28,19,3,1.659,-1.341,Alex Nedeljkovic
20252026,2025020425,2025-12-03,8479292,15,24,1,1.983,0.983,Charlie Lindgren
20252026,2025020425,2025-12-03,8482137,28,12,4,1.862,-2.138,Yaroslav Askarov
20252026,2025020426,2025-12-04,8476412,19,27,5,2.888,-2.112,Jordan Binnington
20252026,2025020426,2025-12-04,8476914,6,39,2,2.873,0.873,Joonas Korpisalo
20252026,2025020427,2025-12-04,8478048,3,27,2,2.482,0.482,Igor Shesterkin
20252026,2025020427,2025-12-04,8482447,9,27,3,3.161,0.161,Leevi Meriläinen
20252026,2025020428,2025-12-04,8477465,5,40,3,4.776,1.776,Tristan Jarry
20252026,2025020428,2025-12-04,8477992,14,31,4,3.376,-0.624,Jonas Johansson
20252026,2025020429,2025-12-04,8475683,13,29,2,4.88,2.88,Sergei Bobrovsky
20252026,2025020429,2025-12-04,8477424,18,31,1,5.051,4.051,Juuse Saros
20252026,2025020430,2025-12-04,8478009,2,38,3,3.423,0.423,Ilya Sorokin
20252026,2025020430,2025-12-04,8478406,21,41,5,4.23,-0.77,Mackenzie Blackwood
20252026,2025020431,2025-12-04,8475883,12,23,4,3.507,-0.493,Frederik Andersen
20252026,2025020431,2025-12-04,8479361,10,24,1,2.887,1.887,Joseph Woll
20252026,2025020431,2025-12-04,8483710,10,9,0,1.646,1.646,Dennis Hildeby
20252026,2025020432,2025-12-04,8475660,17,32,5,3.256,-1.744,Cam Talbot
20252026,2025020432,2025-12-04,8478007,29,33,5,4.69,-0.31,Elvis Merzlikins
20252026,2025020433,2025-12-04,8479406,30,30,3,3.446,0.446,Filip Gustavsson
20252026,2025020433,2025-12-04,8481692,20,27,1,3.12,2.12,Dustin Wolf
20252026,2025020434,2025-12-04,8475717,22,32,4,3.64,-0.36,Calvin Pickard
20252026,2025020434,2025-12-04,8475831,55,18,4,2.858,-1.142,Philipp Grubauer
20252026,2025020434,2025-12-04,8478916,55,14,5,1.461,-3.539,Joey Daccord
20252026,2025020435,2025-12-04,8475311,26,36,2,2.763,0.763,Darcy Kuemper
20252026,2025020435,2025-12-04,8481519,16,27,1,2.397,1.397,Spencer Knight
20252026,2025020436,2025-12-05,8474593,1,25,3,2.881,-0.119,Jacob Markstrom
20252026,2025020436,2025-12-05,8481033,54,24,0,1.902,1.902,Akira Schmid
20252026,2025020437,2025-12-05,8477480,52,35,1,3.101,2.101,Eric Comrie
20252026,2025020437,2025-12-05,8480045,7,22,3,2.144,-0.856,Ukko-Pekka Luukkonen
20252026,2025020438,2025-12-05,8479979,25,17,1,2.181,1.181,Jake Oettinger
20252026,2025020438,2025-12-05,8482137,28,23,3,2.38,-0.62,Yaroslav Askarov
20252026,2025020439,2025-12-05,8478872,68,33,1,3.354,2.354,Karel Vejmelka
20252026,2025020439,2025-12-05,8480947,23,17,3,1.743,-1.257,Kevin Lankinen
20252026,2025020440,2025-12-05,8478024,24,21,3,2.857,-0.143,Ville Husso
20252026,2025020440,2025-12-05,8480313,15,38,3,4.76,1.76,Logan Thompson
20252026,2025020441,2025-12-06,8478048,3,42,3,5.082,2.082,Igor Shesterkin
20252026,2025020441,2025-12-06,8478406,21,27,2,1.489,-0.511,Mackenzie Blackwood
20252026,2025020442,2025-12-06,8475683,13,31,6,3.907,-2.093,Sergei Bobrovsky
20252026,2025020442,2025-12-06,8478007,29,40,7,4.425,-2.575,Elvis Merzlikins
20252026,2025020443,2025-12-06,8474596,1,21,3,2.133,-0.867,Jake Allen
20252026,2025020443,2025-12-06,8480280,6,30,1,1.752,0.752,Jeremy Swayman
20252026,2025020444,2025-12-06,8482487,8,23,1,1.54,0.54,Jakub Dobes
20252026,2025020444,2025-12-06,8483710,10,34,1,3.75,2.75,Dennis Hildeby
20252026,2025020445,2025-12-06,8476999,9,20,2,2.154,0.154,Linus Ullmark
20252026,2025020445,2025-12-06,8480981,19,42,1,4.663,3.663,Joel Hofer
20252026,2025020446,2025-12-06,8477992,14,18,1,1.351,0.351,Jonas Johansson
20252026,2025020446,2025-12-06,8478009,2,32,0,3.542,3.542,Ilya Sorokin
20252026,2025020447,2025-12-06,8477424,18,38,6,6.282,0.282,Juuse Saros
20252026,2025020447,2025-12-06,8481020,18,2,0,0.019,0.019,Justus Annunen
20252026,2025020447,2025-12-06,8483548,12,22,3,1.895,-1.105,Brandon Bussi
20252026,2025020448,2025-12-06,8477970,68,22,1,1.56,0.56,Vitek Vanecek
20252026,2025020448,2025-12-06,8481692,20,28,0,3.325,3.325,Dustin Wolf
20252026,2025020449,2025-12-06,8475311,26,23,0,1.045,1.045,Darcy Kuemper
20252026,2025020449,2025-12-06,8481519,16,32,6,4.288,-1.712,Spencer Knight
20252026,2025020450,2025-12-06,8477480,52,16,4,2.276,-1.724,Eric Comrie
20252026,2025020450,2025-12-06,8479973,22,21,2,2.084,0.084,Stuart Skinner
20252026,2025020450,2025-12-06,8483114,52,11,2,1.442,-0.558,Thomas Milic
20252026,2025020451,2025-12-06,8482661,30,21,4,2.558,-1.442,Jesper Wallstedt
20252026,2025020451,2025-12-06,8484268,23,30,2,2.386,0.386,Nikita Tolopilo
20252026,2025020452,2025-12-06,8476434,17,27,3,2.243,-0.757,John Gibson
20252026,2025020452,2025-12-06,8478916,55,25,4,2.853,-1.147,Joey Daccord
20252026,2025020453,2025-12-07,8478406,21,25,2,2.363,0.363,Mackenzie Blackwood
20252026,2025020453,2025-12-07,8481035,4,28,3,2.094,-0.906,Samuel Ersson
20252026,2025020454,2025-12-07,8479496,2,29,3,2.631,-0.369,David Rittich
20252026,2025020454,2025-12-07,8480193,13,21,1,1.629,0.629,Daniil Tarasov
20252026,2025020455,2025-12-07,8477968,28,29,1,3.511,2.511,Alex Nedeljkovic
20252026,2025020455,2025-12-07,8481611,12,22,3,2.673,-0.327,Pyotr Kochetkov
20252026,2025020456,2025-12-07,8477465,5,23,2,3.546,1.546,Tristan Jarry
20252026,2025020456,2025-12-07,8479979,25,29,2,2.535,0.535,Jake Oettinger
20252026,2025020457,2025-12-07,8476412,19,26,3,2.847,-0.153,Jordan Binnington
20252026,2025020457,2025-12-07,8482487,8,18,4,2.734,-1.266,Jakub Dobes
20252026,2025020458,2025-12-07,8471734,3,28,3,3.34,0.34,Jonathan Quick
20252026,2025020458,2025-12-07,8479394,54,24,2,2.801,0.801,Carter Hart
20252026,2025020459,2025-12-07,8480313,15,39,0,3.367,3.367,Logan Thompson
20252026,2025020459,2025-12-07,8482982,29,37,1,3.759,2.759,Jet Greaves
20252026,2025020460,2025-12-07,8478024,24,20,1,0.96,-0.04,Ville Husso
20252026,2025020460,2025-12-07,8482821,16,53,7,6.69,-0.31,Arvid Soderblom
20252026,2025020461,2025-12-08,8477992,14,24,1,2.124,1.124,Jonas Johansson
20252026,2025020461,2025-12-08,8483710,10,29,0,2.677,2.677,Dennis Hildeby
20252026,2025020462,2025-12-08,8475311,26,21,2,1.528,-0.472,Darcy Kuemper
20252026,2025020462,2025-12-08,8478872,68,26,3,2.331,-0.669,Karel Vejmelka
20252026,2025020463,2025-12-08,8479312,7,4,0,0.31,0.31,Alex Lyon
20252026,2025020463,2025-12-08,8480045,7,22,5,3.186,-1.814,Ukko-Pekka Luukkonen
20252026,2025020463,2025-12-08,8481692,20,29,4,2.745,-1.255,Dustin Wolf
20252026,2025020464,2025-12-08,8476434,17,39,0,4.051,4.051,John Gibson
20252026,2025020464,2025-12-08,8480947,23,14,3,1.204,-1.796,Kevin Lankinen
20252026,2025020464,2025-12-08,8484268,23,6,0,0.768,0.768,Nikita Tolopilo
20252026,2025020465,2025-12-08,8475831,55,27,2,2.79,0.79,Philipp Grubauer
20252026,2025020465,2025-12-08,8479406,30,24,1,1.919,0.919,Filip Gustavsson
20252026,2025020466,2025-12-09,8477992,14,27,1,2.885,1.885,Jonas Johansson
20252026,2025020466,2025-12-09,8478470,8,13,3,1.348,-1.652,Samuel Montembeault
20252026,2025020466,2025-12-09,8482487,8,14,3,1.38,-1.62,Jakub Dobes
20252026,2025020467,2025-12-09,8474593,1,38,3,3.599,0.599,Jacob Markstrom
20252026,2025020467,2025-12-09,8476999,9,32,4,3.257,-0.743,Linus Ullmark
20252026,2025020468,2025-12-09,8478009,2,37,4,4.33,0.33,Ilya Sorokin
20252026,2025020468,2025-12-09,8479394,54,27,4,2.383,-1.617,Carter Hart
20252026,2025020469,2025-12-09,8477968,28,29,3,3.101,0.101,Alex Nedeljkovic
20252026,2025020469,2025-12-09,8478435,4,18,1,1.996,0.996,Dan Vladar
20252026,2025020470,2025-12-09,8478024,24,47,3,6.748,3.748,Ville Husso
20252026,2025020470,2025-12-09,8481668,5,29,3,2.494,-0.506,Arturs Silovs
20252026,2025020471,2025-12-09,8482982,29,31,3,3.963,0.963,Jet Greaves
20252026,2025020471,2025-12-09,8483548,12,24,1,2.39,1.39,Brandon Bussi
20252026,2025020472,2025-12-09,8480280,6,26,2,2.563,0.563,Jeremy Swayman
20252026,2025020472,2025-12-09,8480981,19,30,4,2.955,-1.045,Joel Hofer
20252026,2025020473,2025-12-09,8477480,52,19,4,1.476,-2.524,Eric Comrie
20252026,2025020473,2025-12-09,8479193,25,33,3,3.746,0.746,Casey DeSmith
20252026,2025020474,2025-12-09,8479312,7,24,3,2.644,-0.356,Alex Lyon
20252026,2025020474,2025-12-09,8479973,22,28,4,3.516,-0.484,Stuart Skinner
20252026,2025020474,2025-12-09,8481551,7,6,0,0.484,0.484,Colten Ellis
20252026,2025020475,2025-12-09,8475809,21,31,3,4.029,1.029,Scott Wedgewood
20252026,2025020475,2025-12-09,8477424,18,42,3,4.551,1.551,Juuse Saros
20252026,2025020476,2025-12-10,8478048,3,25,3,3.314,0.314,Igor Shesterkin
20252026,2025020476,2025-12-10,8481519,16,21,0,1.954,1.954,Spencer Knight
20252026,2025020477,2025-12-10,8476434,17,37,3,3.115,0.115,John Gibson
20252026,2025020477,2025-12-10,8482445,20,29,4,3.911,-0.089,Devin Cooley
20252026,2025020478,2025-12-10,8475683,13,30,3,3.081,0.081,Sergei Bobrovsky
20252026,2025020478,2025-12-10,8478872,68,36,4,3.5,-0.5,Karel Vejmelka
20252026,2025020479,2025-12-10,8476341,26,33,3,4.493,1.493,Anton Forsberg
20252026,2025020479,2025-12-10,8478916,55,26,2,2.161,0.161,Joey Daccord
20252026,2025020480,2025-12-11,8477968,28,30,2,2.661,0.661,Alex Nedeljkovic
20252026,2025020480,2025-12-11,8483710,10,32,3,4.453,1.453,Dennis Hildeby
20252026,2025020481,2025-12-11,8474593,1,7,3,0.727,-2.273,Jacob Markstrom
20252026,2025020481,2025-12-11,8474596,1,28,5,3.452,-1.548,Jake Allen
20252026,2025020481,2025-12-11,8477992,14,37,4,3.849,-0.151,Jonas Johansson
20252026,2025020482,2025-12-11,8478024,24,37,5,3.785,-1.215,Ville Husso
20252026,2025020482,2025-12-11,8479496,2,33,2,2.74,0.74,David Rittich
20252026,2025020483,2025-12-11,8478435,4,22,3,2.626,-0.374,Dan Vladar
20252026,2025020483,2025-12-11,8481033,54,19,2,1.951,-0.049,Akira Schmid
20252026,2025020484,2025-12-11,8477465,5,29,4,3.212,-0.788,Tristan Jarry
20252026,2025020484,2025-12-11,8484170,8,38,2,3.696,1.696,Jacob Fowler
20252026,2025020485,2025-12-11,8480313,15,39,2,3.667,1.667,Logan Thompson
20252026,2025020485,2025-12-11,8483548,12,25,2,3.503,1.503,Brandon Bussi
20252026,2025020486,2025-12-11,8476999,9,27,3,2.057,-0.943,Linus Ullmark
20252026,2025020486,2025-12-11,8478007,29,5,3,0.603,-2.397,Elvis Merzlikins
20252026,2025020486,2025-12-11,8482982,29,23,2,2.169,0.169,Jet Greaves
20252026,2025020487,2025-12-11,8476412,19,25,6,3.753,-2.247,Jordan Binnington
20252026,2025020487,2025-12-11,8477424,18,26,2,2.343,0.343,Juuse Saros
20252026,2025020487,2025-12-11,8480981,19,7,1,1.139,0.139,Joel Hofer
20252026,2025020488,2025-12-11,8479406,30,18,2,1.147,-0.853,Filip Gustavsson
20252026,2025020488,2025-12-11,8479979,25,30,3,3.131,0.131,Jake Oettinger
20252026,2025020489,2025-12-11,8476914,6,29,3,2.724,-0.276,Joonas Korpisalo
20252026,2025020489,2025-12-11,8477480,52,23,5,2.05,-2.95,Eric Comrie
20252026,2025020490,2025-12-11,8478406,21,25,2,1.941,-0.059,Mackenzie Blackwood
20252026,2025020490,2025-12-11,8480193,13,42,6,4.98,-1.02,Daniil Tarasov
20252026,2025020491,2025-12-11,8475660,17,28,3,3.028,0.028,Cam Talbot
20252026,2025020491,2025-12-11,8479973,22,28,1,2.572,1.572,Stuart Skinner
20252026,2025020492,2025-12-11,8477967,23,15,3,0.95,-2.05,Thatcher Demko
20252026,2025020492,2025-12-11,8479312,7,32,2,3.145,1.145,Alex Lyon
20252026,2025020493,2025-12-12,8480981,19,29,2,1.98,-0.02,Joel Hofer
20252026,2025020493,2025-12-12,8481519,16,26,3,2.324,-0.676,Spencer Knight
20252026,2025020494,2025-12-12,8475831,55,31,3,3.485,0.485,Philipp Grubauer
20252026,2025020494,2025-12-12,8478872,68,37,3,4.078,1.078,Karel Vejmelka
20252026,2025020495,2025-12-13,8474596,1,31,1,2.517,1.517,Jake Allen
20252026,2025020495,2025-12-13,8480843,24,21,3,2.964,-0.036,Lukas Dostal
20252026,2025020496,2025-12-13,8482447,9,25,3,2.452,-0.548,Leevi Meriläinen
20252026,2025020496,2025-12-13,8482661,30,36,2,4.081,2.081,Jesper Wallstedt
20252026,2025020497,2025-12-13,8481668,5,31,6,4.95,-1.05,Arturs Silovs
20252026,2025020497,2025-12-13,8482137,28,43,5,4.496,-0.504,Yaroslav Askarov
20252026,2025020498,2025-12-13,8477992,14,17,2,2.176,0.176,Jonas Johansson
20252026,2025020498,2025-12-13,8478009,2,34,2,4.939,2.939,Ilya Sorokin
20252026,2025020499,2025-12-13,8477465,22,28,3,2.73,-0.27,Tristan Jarry
20252026,2025020499,2025-12-13,8482515,10,5,0,0.22,0.22,Artur Akhtyamov
20252026,2025020499,2025-12-13,8483710,10,33,6,3.651,-2.349,Dennis Hildeby
20252026,2025020500,2025-12-13,8478048,3,18,4,2.153,-1.847,Igor Shesterkin
20252026,2025020500,2025-12-13,8484170,8,29,5,4.792,-0.208,Jacob Fowler
20252026,2025020501,2025-12-13,8481035,4,21,3,2.784,-0.216,Samuel Ersson
20252026,2025020501,2025-12-13,8481611,12,18,3,2.029,-0.971,Pyotr Kochetkov
20252026,2025020502,2025-12-13,8479394,54,30,2,2.117,0.117,Carter Hart
20252026,2025020502,2025-12-13,8482982,29,26,3,2.228,-0.772,Jet Greaves
20252026,2025020503,2025-12-13,8476945,52,25,1,1.86,0.86,Connor Hellebuyck
20252026,2025020503,2025-12-13,8480313,15,35,5,3.384,-1.616,Logan Thompson
20252026,2025020504,2025-12-13,8476434,17,26,0,1.848,1.848,John Gibson
20252026,2025020504,2025-12-13,8482821,16,23,3,2.26,-0.74,Arvid Soderblom
20252026,2025020505,2025-12-13,8475683,13,15,0,1.163,1.163,Sergei Bobrovsky
20252026,2025020505,2025-12-13,8479979,25,22,3,2.392,-0.608,Jake Oettinger
20252026,2025020506,2025-12-13,8475809,21,29,2,3.054,1.054,Scott Wedgewood
20252026,2025020506,2025-12-13,8481020,18,40,3,5.398,2.398,Justus Annunen
20252026,2025020507,2025-12-13,8475311,26,38,2,4.21,2.21,Darcy Kuemper
20252026,2025020507,2025-12-13,8481692,20,22,1,2.651,1.651,Dustin Wolf
20252026,2025020508,2025-12-14,8474593,1,15,2,1.655,-0.345,Jacob Markstrom
20252026,2025020508,2025-12-14,8477967,23,26,1,2.957,1.957,Thatcher Demko
20252026,2025020509,2025-12-14,8478872,68,16,4,1.45,-2.55,Karel Vejmelka
20252026,2025020509,2025-12-14,8483703,5,36,5,3.389,-1.611,Sergei Murashov
20252026,2025020510,2025-12-14,8478435,4,32,2,2.639,0.639,Dan Vladar
20252026,2025020510,2025-12-14,8483548,12,26,2,3.037,1.037,Brandon Bussi
20252026,2025020511,2025-12-14,8479406,30,31,2,2.013,0.013,Filip Gustavsson
20252026,2025020511,2025-12-14,8480280,6,31,6,2.523,-3.477,Jeremy Swayman
20252026,2025020512,2025-12-14,8475717,22,27,4,4.073,0.073,Calvin Pickard
20252026,2025020512,2025-12-14,8482487,8,28,1,3.749,2.749,Jakub Dobes
20252026,2025020513,2025-12-14,8478916,55,22,2,1.831,-0.169,Joey Daccord
20252026,2025020513,2025-12-14,8479312,7,24,1,2.142,1.142,Alex Lyon
20252026,2025020514,2025-12-15,8475683,13,28,2,2.011,0.011,Sergei Bobrovsky
20252026,2025020514,2025-12-15,8477992,14,24,5,2.676,-2.324,Jonas Johansson
20252026,2025020515,2025-12-15,8478048,3,25,3,2.089,-0.911,Igor Shesterkin
20252026,2025020515,2025-12-15,8480843,24,27,1,2.646,1.646,Lukas Dostal
20252026,2025020516,2025-12-15,8476945,52,31,3,3.978,0.978,Connor Hellebuyck
20252026,2025020516,2025-12-15,8476999,9,25,2,2.412,0.412,Linus Ullmark
20252026,2025020517,2025-12-15,8477424,18,22,2,2.105,0.105,Juuse Saros
20252026,2025020517,2025-12-15,8480981,19,25,4,2.166,-1.834,Joel Hofer
20252026,2025020518,2025-12-15,8475311,26,5,0,0.281,0.281,Darcy Kuemper
20252026,2025020518,2025-12-15,8476341,26,20,3,2.401,-0.599,Anton Forsberg
20252026,2025020518,2025-12-15,8479193,25,28,1,2.667,1.667,Casey DeSmith
20252026,2025020519,2025-12-16,8477970,68,23,4,2.596,-1.404,Vitek Vanecek
20252026,2025020519,2025-12-16,8480280,6,21,1,1.689,0.689,Jeremy Swayman
20252026,2025020520,2025-12-16,8479361,10,25,2,2.264,0.264,Joseph Woll
20252026,2025020520,2025-12-16,8481519,16,27,3,1.772,-1.228,Spencer Knight
20252026,2025020521,2025-12-16,8478435,4,22,1,2.474,1.474,Dan Vladar
20252026,2025020521,2025-12-16,8484170,8,20,3,1.854,-1.146,Jacob Fowler
20252026,2025020522,2025-12-16,8476434,17,18,2,1.239,-0.761,John Gibson
20252026,2025020522,2025-12-16,8478009,2,21,3,2.478,-0.522,Ilya Sorokin
20252026,2025020523,2025-12-16,8471734,3,16,2,1.358,-0.642,Jonathan Quick
20252026,2025020523,2025-12-16,8477967,23,23,0,2.113,2.113,Thatcher Demko
20252026,2025020524,2025-12-16,8477465,22,30,4,3.701,-0.299,Tristan Jarry
20252026,2025020524,2025-12-16,8479973,5,22,5,3.511,-1.489,Stuart Skinner
20252026,2025020525,2025-12-16,8478024,24,28,4,3.304,-0.696,Ville Husso
20252026,2025020525,2025-12-16,8482982,29,27,3,2.551,-0.449,Jet Greaves
20252026,2025020526,2025-12-16,8479292,15,32,5,3.236,-1.764,Charlie Lindgren
20252026,2025020526,2025-12-16,8479406,30,25,0,2.063,2.063,Filip Gustavsson
20252026,2025020527,2025-12-16,8481692,20,25,5,2.765,-2.235,Dustin Wolf
20252026,2025020527,2025-12-16,8482137,28,30,3,2.023,-0.977,Yaroslav Askarov
20252026,2025020528,2025-12-16,8475831,55,38,4,3.786,-0.214,Philipp Grubauer
20252026,2025020528,2025-12-16,8478406,21,38,3,6.145,3.145,Mackenzie Blackwood
20252026,2025020529,2025-12-17,8476341,26,29,3,2.548,-0.452,Anton Forsberg
20252026,2025020529,2025-12-17,8480193,13,29,2,2.819,0.819,Daniil Tarasov
20252026,2025020530,2025-12-17,8475660,17,28,4,3.418,-0.582,Cam Talbot
20252026,2025020530,2025-12-17,8478872,68,28,1,2.537,1.537,Karel Vejmelka
20252026,2025020531,2025-12-17,8476945,52,26,1,3.144,2.144,Connor Hellebuyck
20252026,2025020531,2025-12-17,8480981,19,24,0,1.218,1.218,Joel Hofer
20252026,2025020532,2025-12-17,8477424,18,36,3,3.967,0.967,Juuse Saros
20252026,2025020532,2025-12-17,8481611,12,26,1,2.303,1.303,Pyotr Kochetkov
20252026,2025020533,2025-12-17,8474596,1,37,1,4.195,3.195,Jake Allen
20252026,2025020533,2025-12-17,8479394,54,33,1,3.782,2.782,Carter Hart
20252026,2025020534,2025-12-18,8475717,22,13,0,1.183,1.183,Calvin Pickard
20252026,2025020534,2025-12-18,8477465,22,13,1,0.981,-0.019,Tristan Jarry
20252026,2025020534,2025-12-18,8480280,6,25,3,3.273,0.273,Jeremy Swayman
20252026,2025020535,2025-12-18,8479312,7,27,3,2.54,-0.46,Alex Lyon
20252026,2025020535,2025-12-18,8481035,4,27,4,2.641,-1.359,Samuel Ersson
20252026,2025020536,2025-12-18,8481519,16,34,3,3.438,0.438,Spencer Knight
20252026,2025020536,2025-12-18,8482487,8,15,1,1.254,0.254,Jakub Dobes
20252026,2025020537,2025-12-18,8476999,9,25,0,2.473,2.473,Linus Ullmark
20252026,2025020537,2025-12-18,8481668,5,26,4,3.092,-0.908,Arturs Silovs
20252026,2025020538,2025-12-18,8476341,26,32,1,3.694,2.694,Anton Forsberg
20252026,2025020538,2025-12-18,8476883,14,20,2,1.967,-0.033,Andrei Vasilevskiy
20252026,2025020539,2025-12-18,8480313,15,22,0,1.993,1.993,Logan Thompson
20252026,2025020539,2025-12-18,8483710,10,29,4,3.471,-0.529,Dennis Hildeby
20252026,2025020540,2025-12-18,8482661,30,29,2,2.321,0.321,Jesper Wallstedt
20252026,2025020540,2025-12-18,8482982,29,26,3,3.339,0.339,Jet Greaves
20252026,2025020541,2025-12-18,8476412,19,31,2,3.43,1.43,Jordan Binnington
20252026,2025020541,2025-12-18,8478048,3,27,1,2.783,1.783,Igor Shesterkin
20252026,2025020542,2025-12-18,8478916,55,45,3,3.147,0.147,Joey Daccord
20252026,2025020542,2025-12-18,8481692,20,23,2,2.496,0.496,Dustin Wolf
20252026,2025020543,2025-12-18,8477968,28,29,4,2.451,-1.549,Alex Nedeljkovic
20252026,2025020543,2025-12-18,8479979,25,37,3,3.887,0.887,Jake Oettinger
20252026,2025020544,2025-12-19,8475683,13,29,3,3.066,0.066,Sergei Bobrovsky
20252026,2025020544,2025-12-19,8483548,12,41,3,4.373,1.373,Brandon Bussi
20252026,2025020545,2025-12-19,8477967,23,24,1,2.176,1.176,Thatcher Demko
20252026,2025020545,2025-12-19,8478009,2,30,3,2.838,-0.162,Ilya Sorokin
20252026,2025020546,2025-12-19,8475809,21,22,2,1.0,-1.0,Scott Wedgewood
20252026,2025020546,2025-12-19,8476945,52,26,3,2.94,-0.06,Connor Hellebuyck
20252026,2025020547,2025-12-19,8474593,1,33,1,3.15,2.15,Jacob Markstrom
20252026,2025020547,2025-12-19,8478872,68,22,2,2.482,0.482,Karel Vejmelka
20252026,2025020548,2025-12-19,8475852,24,18,4,1.772,-2.228,Petr Mrazek
20252026,2025020548,2025-12-19,8479193,25,25,3,2.453,-0.547,Casey DeSmith
20252026,2025020548,2025-12-19,8480843,24,7,4,1.191,-2.809,Lukas Dostal
20252026,2025020549,2025-12-20,8478048,3,32,4,2.834,-1.166,Igor Shesterkin
20252026,2025020549,2025-12-20,8481035,4,27,4,2.304,-1.696,Samuel Ersson
20252026,2025020550,2025-12-20,8476434,17,26,2,2.456,0.456,John Gibson
20252026,2025020550,2025-12-20,8480313,15,40,4,5.593,1.593,Logan Thompson
20252026,2025020551,2025-12-20,8482447,9,24,4,1.688,-2.312,Leevi Meriläinen
20252026,2025020551,2025-12-20,8482821,16,40,6,5.407,-0.593,Arvid Soderblom
20252026,2025020552,2025-12-20,8475717,22,36,4,4.934,0.934,Calvin Pickard
20252026,2025020552,2025-12-20,8479406,30,30,2,3.183,1.183,Filip Gustavsson
20252026,2025020553,2025-12-20,8479312,7,34,2,3.588,1.588,Alex Lyon
20252026,2025020553,2025-12-20,8479496,2,32,2,4.224,2.224,David Rittich
20252026,2025020554,2025-12-20,8480193,13,31,5,2.928,-2.072,Daniil Tarasov
20252026,2025020554,2025-12-20,8480981,19,29,2,2.169,0.169,Joel Hofer
20252026,2025020555,2025-12-20,8480280,6,23,4,2.644,-1.356,Jeremy Swayman
20252026,2025020555,2025-12-20,8480947,23,43,4,4.494,0.494,Kevin Lankinen
20252026,2025020556,2025-12-20,8479973,5,20,3,2.102,-0.898,Stuart Skinner
20252026,2025020556,2025-12-20,8484170,8,31,0,3.318,3.318,Jacob Fowler
20252026,2025020557,2025-12-20,8476883,14,22,4,2.261,-1.739,Andrei Vasilevskiy
20252026,2025020557,2025-12-20,8481611,12,28,5,3.995,-1.005,Pyotr Kochetkov
20252026,2025020558,2025-12-20,8477424,18,22,3,2.668,-0.332,Juuse Saros
20252026,2025020558,2025-12-20,8479361,10,32,3,3.125,0.125,Joseph Woll
20252026,2025020559,2025-12-20,8481033,54,25,5,2.655,-2.345,Akira Schmid
20252026,2025020559,2025-12-20,8482445,20,37,3,3.752,0.752,Devin Cooley
20252026,2025020560,2025-12-20,8478007,29,28,4,3.667,-0.333,Elvis Merzlikins
20252026,2025020560,2025-12-20,8480843,24,26,3,2.926,-0.074,Lukas Dostal
20252026,2025020561,2025-12-20,8478916,55,37,2,4.869,2.869,Joey Daccord
20252026,2025020561,2025-12-20,8482137,28,31,3,2.421,-0.579,Yaroslav Askarov
20252026,2025020562,2025-12-21,8475660,17,33,2,4.291,2.291,Cam Talbot
20252026,2025020562,2025-12-21,8479292,15,27,3,3.153,0.153,Charlie Lindgren
20252026,2025020563,2025-12-21,8478406,21,29,1,2.118,1.118,Mackenzie Blackwood
20252026,2025020563,2025-12-21,8482661,30,41,4,4.267,0.267,Jesper Wallstedt
20252026,2025020564,2025-12-21,8476914,6,17,5,2.741,-2.259,Joonas Korpisalo
20252026,2025020564,2025-12-21,8476999,9,20,2,1.918,-0.082,Linus Ullmark
20252026,2025020564,2025-12-21,8480280,6,11,1,1.073,0.073,Jeremy Swayman
20252026,2025020565,2025-12-21,8474596,1,24,2,1.716,-0.284,Jake Allen
20252026,2025020565,2025-12-21,8480045,7,27,1,2.77,1.77,Ukko-Pekka Luukkonen
20252026,2025020566,2025-12-21,8481668,5,25,3,3.144,0.144,Arturs Silovs
20252026,2025020566,2025-12-21,8482487,8,31,3,3.489,0.489,Jakub Dobes
20252026,2025020567,2025-12-21,8471734,3,31,1,2.303,1.303,Jonathan Quick
20252026,2025020567,2025-12-21,8481020,18,17,1,1.48,0.48,Justus Annunen
20252026,2025020568,2025-12-21,8479979,25,28,1,2.577,1.577,Jake Oettinger
20252026,2025020568,2025-12-21,8483710,10,21,4,2.901,-1.099,Dennis Hildeby
20252026,2025020569,2025-12-21,8476945,52,22,4,2.851,-1.149,Connor Hellebuyck
20252026,2025020569,2025-12-21,8478872,68,26,3,2.108,-0.892,Karel Vejmelka
20252026,2025020570,2025-12-21,8478971,22,31,3,4.265,1.265,Connor Ingram
20252026,2025020570,2025-12-21,8479394,54,21,4,3.014,-0.986,Carter Hart
20252026,2025020571,2025-12-22,8476412,19,17,4,2.17,-1.83,Jordan Binnington
20252026,2025020571,2025-12-22,8476883,14,24,1,2.168,1.168,Andrei Vasilevskiy
20252026,2025020572,2025-12-22,8477967,23,38,4,5.518,1.518,Thatcher Demko
20252026,2025020572,2025-12-22,8478435,4,25,2,1.922,-0.078,Dan Vladar
20252026,2025020573,2025-12-22,8475831,55,41,1,4.082,3.082,Philipp Grubauer
20252026,2025020573,2025-12-22,8480843,24,20,2,2.324,0.324,Lukas Dostal
20252026,2025020574,2025-12-22,8476341,26,30,3,2.784,-0.216,Anton Forsberg
20252026,2025020574,2025-12-22,8482982,29,24,1,2.475,1.475,Jet Greaves
20252026,2025020575,2025-12-23,8479361,10,32,3,2.377,-0.623,Joseph Woll
20252026,2025020575,2025-12-23,8479973,5,29,4,3.646,-0.354,Stuart Skinner
20252026,2025020576,2025-12-23,8478048,3,32,3,3.431,0.431,Igor Shesterkin
20252026,2025020576,2025-12-23,8480313,15,20,6,2.413,-3.587,Logan Thompson
20252026,2025020577,2025-12-23,8480280,6,29,6,3.651,-2.349,Jeremy Swayman
20252026,2025020577,2025-12-23,8484170,8,28,2,3.203,1.203,Jacob Fowler
20252026,2025020578,2025-12-23,8476999,9,25,3,2.024,-0.976,Linus Ullmark
20252026,2025020578,2025-12-23,8479312,7,26,2,3.274,1.274,Alex Lyon
20252026,2025020579,2025-12-23,8476434,17,22,3,3.695,0.695,John Gibson
20252026,2025020579,2025-12-23,8479193,25,25,4,2.303,-1.697,Casey DeSmith
20252026,2025020580,2025-12-23,8474593,1,25,2,2.647,0.647,Jacob Markstrom
20252026,2025020580,2025-12-23,8479496,2,32,1,3.585,2.585,David Rittich
20252026,2025020581,2025-12-23,8475683,13,19,2,1.927,-0.073,Sergei Bobrovsky
20252026,2025020581,2025-12-23,8475883,12,22,5,2.342,-2.658,Frederik Andersen
20252026,2025020582,2025-12-23,8477424,18,32,2,3.847,1.847,Juuse Saros
20252026,2025020582,2025-12-23,8479406,30,29,3,3.223,0.223,Filip Gustavsson
20252026,2025020583,2025-12-23,8481035,4,21,1,2.18,1.18,Samuel Ersson
20252026,2025020583,2025-12-23,8481519,16,25,2,2.684,0.684,Spencer Knight
20252026,2025020584,2025-12-23,8475809,21,32,0,2.924,2.924,Scott Wedgewood
20252026,2025020584,2025-12-23,8477970,68,26,1,2.785,1.785,Vitek Vanecek
20252026,2025020585,2025-12-23,8478971,22,19,1,1.524,0.524,Connor Ingram
20252026,2025020585,2025-12-23,8481692,20,39,5,5.343,0.343,Dustin Wolf
20252026,2025020586,2025-12-23,8477968,28,10,3,1.574,-1.426,Alex Nedeljkovic
20252026,2025020586,2025-12-23,8479394,54,23,2,1.425,-0.575,Carter Hart
20252026,2025020586,2025-12-23,8482137,28,16,4,2.773,-1.227,Yaroslav Askarov
20252026,2025020587,2025-12-23,8477831,26,28,3,2.173,-0.827,Pheonix Copley
20252026,2025020587,2025-12-23,8478916,55,37,2,3.195,1.195,Joey Daccord
20252026,2025020588,2025-12-27,8478048,3,25,1,3.607,2.607,Igor Shesterkin
20252026,2025020588,2025-12-27,8479496,2,27,0,2.527,2.527,David Rittich
20252026,2025020589,2025-12-27,8476914,6,33,3,2.359,-0.641,Joonas Korpisalo
20252026,2025020589,2025-12-27,8480045,7,23,1,1.608,0.608,Ukko-Pekka Luukkonen
20252026,2025020590,2025-12-27,8476999,9,14,4,2.62,-1.38,Linus Ullmark
20252026,2025020590,2025-12-27,8479361,10,31,5,2.83,-2.17,Joseph Woll
20252026,2025020590,2025-12-27,8482447,9,18,2,1.999,-0.001,Leevi Meriläinen
20252026,2025020591,2025-12-27,8475683,13,24,3,2.662,-0.338,Sergei Bobrovsky
20252026,2025020591,2025-12-27,8476883,14,26,2,3.055,1.055,Andrei Vasilevskiy
20252026,2025020592,2025-12-27,8474596,1,33,4,5.284,1.284,Jake Allen
20252026,2025020592,2025-12-27,8480313,15,38,3,3.631,0.631,Logan Thompson
20252026,2025020593,2025-12-27,8476434,17,37,4,4.17,0.17,John Gibson
20252026,2025020593,2025-12-27,8483548,12,20,2,2.03,0.03,Brandon Bussi
20252026,2025020594,2025-12-27,8476945,52,19,4,2.558,-1.442,Connor Hellebuyck
20252026,2025020594,2025-12-27,8482661,30,26,3,2.503,-0.497,Jesper Wallstedt
20252026,2025020595,2025-12-27,8477424,18,20,3,3.409,0.409,Juuse Saros
20252026,2025020595,2025-12-27,8480981,19,32,2,3.311,1.311,Joel Hofer
20252026,2025020596,2025-12-27,8479979,25,33,3,3.394,0.394,Jake Oettinger
20252026,2025020596,2025-12-27,8482821,16,31,3,5.02,2.02,Arvid Soderblom
20252026,2025020597,2025-12-27,8476341,26,26,1,2.199,1.199,Anton Forsberg
20252026,2025020597,2025-12-27,8480843,24,30,6,3.012,-2.988,Lukas Dostal
20252026,2025020598,2025-12-27,8478971,22,32,3,3.635,0.635,Connor Ingram
20252026,2025020598,2025-12-27,8481692,20,31,2,3.331,1.331,Dustin Wolf
20252026,2025020599,2025-12-27,8477967,23,37,5,5.424,0.424,Thatcher Demko
20252026,2025020599,2025-12-27,8482137,28,27,3,2.791,-0.209,Yaroslav Askarov
20252026,2025020600,2025-12-27,8475809,21,25,5,3.445,-1.555,Scott Wedgewood
20252026,2025020600,2025-12-27,8479394,54,39,5,3.677,-1.323,Carter Hart
20252026,2025020601,2025-12-28,8475660,17,27,2,2.408,0.408,Cam Talbot
20252026,2025020601,2025-12-28,8483710,10,36,3,2.988,-0.012,Dennis Hildeby
20252026,2025020602,2025-12-28,8477992,14,35,4,4.807,0.807,Jonas Johansson
20252026,2025020602,2025-12-28,8484170,8,21,4,3.346,-0.654,Jacob Fowler
20252026,2025020603,2025-12-28,8479496,2,34,3,4.671,1.671,David Rittich
20252026,2025020603,2025-12-28,8482982,29,26,2,2.104,0.104,Jet Greaves
20252026,2025020604,2025-12-28,8481519,16,9,4,1.293,-2.707,Spencer Knight
20252026,2025020604,2025-12-28,8481668,5,24,3,2.542,-0.458,Arturs Silovs
20252026,2025020604,2025-12-28,8482821,16,15,3,1.943,-1.057,Arvid Soderblom
20252026,2025020605,2025-12-28,8475831,55,33,1,2.696,1.696,Philipp Grubauer
20252026,2025020605,2025-12-28,8478435,4,18,2,1.259,-0.741,Dan Vladar
20252026,2025020606,2025-12-29,8482447,9,22,4,2.514,-1.486,Leevi Meriläinen
20252026,2025020606,2025-12-29,8482982,29,28,1,2.509,1.509,Jet Greaves
20252026,2025020607,2025-12-29,8475683,13,27,3,3.968,0.968,Sergei Bobrovsky
20252026,2025020607,2025-12-29,8480313,15,28,4,3.25,-0.75,Logan Thompson
20252026,2025020608,2025-12-29,8478048,3,35,3,4.942,1.942,Igor Shesterkin
20252026,2025020608,2025-12-29,8483548,12,20,2,2.671,0.671,Brandon Bussi
20252026,2025020609,2025-12-29,8475717,22,42,1,3.902,2.902,Calvin Pickard
20252026,2025020609,2025-12-29,8476945,52,20,2,1.699,-0.301,Connor Hellebuyck
20252026,2025020610,2025-12-29,8479312,7,18,2,1.478,-0.522,Alex Lyon
20252026,2025020610,2025-12-29,8480981,19,33,3,3.181,0.181,Joel Hofer
20252026,2025020611,2025-12-29,8476341,26,25,4,2.114,-1.886,Anton Forsberg
20252026,2025020611,2025-12-29,8478406,21,25,2,2.276,0.276,Mackenzie Blackwood
20252026,2025020612,2025-12-29,8477424,18,31,3,3.208,0.208,Juuse Saros
20252026,2025020612,2025-12-29,8477970,68,26,4,2.629,-1.371,Vitek Vanecek
20252026,2025020613,2025-12-29,8480280,6,21,2,2.303,0.303,Jeremy Swayman
20252026,2025020613,2025-12-29,8481692,20,26,1,2.325,1.325,Dustin Wolf
20252026,2025020614,2025-12-29,8479394,54,12,5,1.196,-3.804,Carter Hart
20252026,2025020614,2025-12-29,8479406,30,16,2,1.497,-0.503,Filip Gustavsson
20252026,2025020614,2025-12-29,8481033,54,15,0,1.034,1.034,Akira Schmid
20252026,2025020615,2025-12-29,8475852,24,4,1,0.701,-0.299,Petr Mrazek
20252026,2025020615,2025-12-29,8480843,24,9,4,1.338,-2.662,Lukas Dostal
20252026,2025020615,2025-12-29,8482137,28,42,4,5.089,1.089,Yaroslav Askarov
20252026,2025020616,2025-12-29,8478916,55,24,2,1.844,-0.156,Joey Daccord
20252026,2025020616,2025-12-29,8480947,23,39,2,4.836,2.836,Kevin Lankinen
20252026,2025020617,2025-12-30,8474593,1,29,3,2.98,-0.02,Jacob Markstrom
20252026,2025020617,2025-12-30,8479361,10,33,0,3.159,3.159,Joseph Woll
20252026,2025020618,2025-12-30,8478470,8,30,2,3.507,1.507,Samuel Montembeault
20252026,2025020618,2025-12-30,8480193,13,29,3,2.931,-0.069,Daniil Tarasov
20252026,2025020619,2025-12-30,8475883,12,28,5,3.062,-1.938,Frederik Andersen
20252026,2025020619,2025-12-30,8479973,5,28,1,2.04,1.04,Stuart Skinner
20252026,2025020620,2025-12-30,8479496,2,19,2,1.688,-0.312,David Rittich
20252026,2025020620,2025-12-30,8481519,16,21,2,2.023,0.023,Spencer Knight
20252026,2025020621,2025-12-30,8477967,23,31,4,3.232,-0.768,Thatcher Demko
20252026,2025020621,2025-12-30,8478435,4,35,3,2.322,-0.678,Dan Vladar
20252026,2025020622,2025-12-31,8471734,3,26,5,3.24,-1.76,Jonathan Quick
20252026,2025020622,2025-12-31,8479292,15,25,3,2.339,-0.661,Charlie Lindgren
20252026,2025020623,2025-12-31,8481020,18,31,2,2.802,0.802,Justus Annunen
20252026,2025020623,2025-12-31,8481033,54,19,4,1.919,-2.081,Akira Schmid
20252026,2025020624,2025-12-31,8476883,14,28,3,3.128,0.128,Andrei Vasilevskiy
20252026,2025020624,2025-12-31,8480843,24,29,4,3.295,-0.705,Lukas Dostal
20252026,2025020625,2025-12-31,8482137,28,23,3,1.889,-1.111,Yaroslav Askarov
20252026,2025020625,2025-12-31,8482661,30,28,3,2.287,-0.713,Jesper Wallstedt
20252026,2025020626,2025-12-31,8476434,17,24,1,2.316,1.316,John Gibson
20252026,2025020626,2025-12-31,8476945,52,19,2,1.629,-0.371,Connor Hellebuyck
20252026,2025020627,2025-12-31,8474596,1,35,2,3.869,1.869,Jake Allen
20252026,2025020627,2025-12-31,8482982,29,33,3,2.912,-0.088,Jet Greaves
20252026,2025020628,2025-12-31,8479193,25,31,4,3.221,-0.779,Casey DeSmith
20252026,2025020628,2025-12-31,8480045,7,29,1,3.42,2.42,Ukko-Pekka Luukkonen
20252026,2025020629,2025-12-31,8476412,19,43,6,3.845,-2.155,Jordan Binnington
20252026,2025020629,2025-12-31,8478406,21,13,1,1.172,0.172,Mackenzie Blackwood
20252026,2025020630,2025-12-31,8481035,4,26,5,2.696,-2.304,Samuel Ersson
20252026,2025020630,2025-12-31,8481692,20,27,1,2.892,1.892,Dustin Wolf
20252026,2025020631,2025-12-31,8478971,22,29,6,2.413,-3.587,Connor Ingram
20252026,2025020631,2025-12-31,8480280,6,36,2,3.866,1.866,Jeremy Swayman
20252026,2025020632,2026-01-01,8480313,15,32,4,3.798,-0.202,Logan Thompson
20252026,2025020632,2026-01-01,8482447,9,29,3,2.376,-0.624,Leevi Meriläinen
20252026,2025020633,2026-01-01,8477405,2,7,2,0.946,-1.054,Marcus Hogberg
20252026,2025020633,2026-01-01,8478872,68,22,2,2.161,0.161,Karel Vejmelka
20252026,2025020633,2026-01-01,8479496,2,14,5,1.673,-3.327,David Rittich
20252026,2025020634,2026-01-01,8477480,52,30,6,3.015,-2.985,Eric Comrie
20252026,2025020634,2026-01-01,8479361,10,17,4,1.927,-2.073,Joseph Woll
20252026,2025020634,2026-01-01,8483710,10,23,1,1.466,0.466,Dennis Hildeby
20252026,2025020635,2026-01-01,8475660,17,31,4,2.296,-1.704,Cam Talbot
20252026,2025020635,2026-01-01,8481668,5,27,3,2.71,-0.29,Arturs Silovs
20252026,2025020636,2026-01-01,8482487,8,25,5,3.173,-1.827,Jakub Dobes
20252026,2025020636,2026-01-01,8483548,12,22,6,2.859,-3.141,Brandon Bussi
20252026,2025020637,2026-01-01,8479979,25,21,4,2.753,-1.247,Jake Oettinger
20252026,2025020637,2026-01-01,8481519,16,25,3,2.821,-0.179,Spencer Knight
20252026,2025020638,2026-01-01,8475831,55,25,1,1.56,0.56,Philipp Grubauer
20252026,2025020638,2026-01-01,8477424,18,22,3,1.921,-1.079,Juuse Saros
20252026,2025020639,2026-01-01,8475311,26,23,4,3.175,-0.825,Darcy Kuemper
20252026,2025020639,2026-01-01,8477992,14,20,3,2.448,-0.552,Jonas Johansson
20252026,2025020640,2026-01-02,8479394,54,19,4,2.202,-1.798,Carter Hart
20252026,2025020640,2026-01-02,8480981,19,25,3,1.994,-1.006,Joel Hofer
20252026,2025020641,2026-01-02,8475683,13,19,4,1.957,-2.043,Sergei Bobrovsky
20252026,2025020641,2026-01-02,8478048,3,37,1,2.878,1.878,Igor Shesterkin
20252026,2025020642,2026-01-02,8477967,23,28,3,2.176,-0.824,Thatcher Demko
20252026,2025020642,2026-01-02,8478916,55,24,3,3.279,0.279,Joey Daccord
20252026,2025020643,2026-01-02,8479406,30,28,2,2.226,0.226,Filip Gustavsson
20252026,2025020643,2026-01-02,8480843,24,34,5,3.641,-1.359,Lukas Dostal
20252026,2025020644,2026-01-03,8476434,17,29,2,2.497,0.497,John Gibson
20252026,2025020644,2026-01-03,8479973,5,12,1,0.758,-0.242,Stuart Skinner
20252026,2025020645,2026-01-03,8474593,1,31,1,2.827,1.827,Jacob Markstrom
20252026,2025020645,2026-01-03,8478872,68,30,4,3.772,-0.228,Karel Vejmelka
20252026,2025020646,2026-01-03,8480045,7,34,4,3.701,-0.299,Ukko-Pekka Luukkonen
20252026,2025020646,2026-01-03,8482982,29,33,1,3.85,2.85,Jet Greaves
20252026,2025020647,2026-01-03,8475717,22,28,4,2.175,-1.825,Calvin Pickard
20252026,2025020647,2026-01-03,8478435,4,25,2,2.304,0.304,Dan Vladar
20252026,2025020648,2026-01-03,8476412,19,26,0,3.492,3.492,Jordan Binnington
20252026,2025020648,2026-01-03,8484170,8,19,2,2.679,0.679,Jacob Fowler
20252026,2025020649,2026-01-03,8476883,14,22,3,2.558,-0.442,Andrei Vasilevskiy
20252026,2025020649,2026-01-03,8477968,28,16,4,2.433,-1.567,Alex Nedeljkovic
20252026,2025020649,2026-01-03,8482137,28,10,3,1.189,-1.811,Yaroslav Askarov
20252026,2025020650,2026-01-03,8476945,52,27,4,2.546,-1.454,Connor Hellebuyck
20252026,2025020650,2026-01-03,8482447,9,23,2,1.835,-0.165,Leevi Meriläinen
20252026,2025020651,2026-01-03,8479361,10,25,4,2.667,-1.333,Joseph Woll
20252026,2025020651,2026-01-03,8479496,2,21,3,2.465,-0.535,David Rittich
20252026,2025020652,2026-01-03,8480313,15,33,2,3.819,1.819,Logan Thompson
20252026,2025020652,2026-01-03,8481519,16,34,2,2.902,0.902,Spencer Knight
20252026,2025020653,2026-01-03,8475809,21,28,3,3.941,0.941,Scott Wedgewood
20252026,2025020653,2026-01-03,8475883,12,34,4,5.522,1.522,Frederik Andersen
20252026,2025020654,2026-01-03,8477424,18,23,3,1.612,-1.388,Juuse Saros
20252026,2025020654,2026-01-03,8481692,20,36,4,3.347,-0.653,Dustin Wolf
20252026,2025020655,2026-01-03,8475311,26,28,4,2.935,-1.065,Darcy Kuemper
20252026,2025020655,2026-01-03,8482661,30,39,4,4.499,0.499,Jesper Wallstedt
20252026,2025020656,2026-01-03,8480280,6,34,2,2.928,0.928,Jeremy Swayman
20252026,2025020656,2026-01-03,8480947,23,22,3,2.388,-0.612,Kevin Lankinen
20252026,2025020657,2026-01-04,8478470,8,27,3,4.335,1.335,Samuel Montembeault
20252026,2025020657,2026-01-04,8479979,25,28,4,3.373,-0.627,Jake Oettinger
20252026,2025020658,2026-01-04,8481668,5,25,4,3.183,-0.817,Arturs Silovs
20252026,2025020658,2026-01-04,8482982,29,43,5,4.389,-0.611,Jet Greaves
20252026,2025020659,2026-01-04,8475809,21,25,2,2.203,0.203,Scott Wedgewood
20252026,2025020659,2026-01-04,8480193,13,28,1,2.616,1.616,Daniil Tarasov
20252026,2025020660,2026-01-04,8474596,1,30,3,3.267,0.267,Jake Allen
20252026,2025020660,2026-01-04,8483548,12,29,1,2.668,1.668,Brandon Bussi
20252026,2025020661,2026-01-04,8481033,54,20,3,2.026,-0.974,Akira Schmid
20252026,2025020661,2026-01-04,8482821,16,15,2,1.823,-0.177,Arvid Soderblom
20252026,2025020662,2026-01-05,8471734,3,18,3,2.103,-0.897,Jonathan Quick
20252026,2025020662,2026-01-05,8478048,3,9,0,0.877,0.877,Igor Shesterkin
20252026,2025020662,2026-01-05,8478872,68,24,2,2.763,0.763,Karel Vejmelka
20252026,2025020663,2026-01-05,8475852,24,24,5,2.391,-2.609,Petr Mrazek
20252026,2025020663,2026-01-05,8479292,15,45,4,3.93,-0.07,Charlie Lindgren
20252026,2025020663,2026-01-05,8480843,24,3,0,0.157,0.157,Lukas Dostal
20252026,2025020664,2026-01-05,8476434,17,37,3,3.582,0.582,John Gibson
20252026,2025020664,2026-01-05,8482411,9,12,2,1.229,-0.771,Hunter Shepard
20252026,2025020664,2026-01-05,8482447,9,9,3,1.31,-1.69,Leevi Meriläinen
20252026,2025020665,2026-01-05,8475831,55,42,1,4.553,3.553,Philipp Grubauer
20252026,2025020665,2026-01-05,8481692,20,27,4,4.496,0.496,Dustin Wolf
20252026,2025020666,2026-01-05,8475311,26,35,2,2.809,0.809,Darcy Kuemper
20252026,2025020666,2026-01-05,8479406,30,32,3,4.394,1.394,Filip Gustavsson
20252026,2025020667,2026-01-06,8477967,23,19,4,2.528,-1.472,Thatcher Demko
20252026,2025020667,2026-01-06,8480045,7,37,3,4.344,1.344,Ukko-Pekka Luukkonen
20252026,2025020668,2026-01-06,8475809,21,27,3,2.108,-0.892,Scott Wedgewood
20252026,2025020668,2026-01-06,8476883,14,33,2,2.897,0.897,Andrei Vasilevskiy
20252026,2025020669,2026-01-06,8474593,1,24,9,2.797,-6.203,Jacob Markstrom
20252026,2025020669,2026-01-06,8478009,2,44,0,3.772,3.772,Ilya Sorokin
20252026,2025020670,2026-01-06,8478435,4,18,2,1.723,-0.277,Dan Vladar
20252026,2025020670,2026-01-06,8480843,24,38,4,4.697,0.697,Lukas Dostal
20252026,2025020671,2026-01-06,8479193,25,18,1,2.247,1.247,Casey DeSmith
20252026,2025020671,2026-01-06,8479979,25,15,5,1.698,-3.302,Jake Oettinger
20252026,2025020671,2026-01-06,8483548,12,24,3,3.36,0.36,Brandon Bussi
20252026,2025020672,2026-01-06,8475683,13,22,3,2.743,-0.257,Sergei Bobrovsky
20252026,2025020672,2026-01-06,8479361,10,32,1,1.934,0.934,Joseph Woll
20252026,2025020673,2026-01-06,8476945,52,31,4,2.977,-1.023,Connor Hellebuyck
20252026,2025020673,2026-01-06,8479394,54,20,3,1.876,-1.124,Carter Hart
20252026,2025020674,2026-01-06,8477424,18,43,6,6.481,0.481,Juuse Saros
20252026,2025020674,2026-01-06,8478971,22,26,2,2.095,0.095,Connor Ingram
20252026,2025020675,2026-01-06,8477968,28,36,2,4.234,2.234,Alex Nedeljkovic
20252026,2025020675,2026-01-06,8482982,29,34,3,4.982,1.982,Jet Greaves
20252026,2025020676,2026-01-06,8478916,55,36,4,3.636,-0.364,Joey Daccord
20252026,2025020676,2026-01-06,8480280,6,26,6,3.189,-2.811,Jeremy Swayman
20252026,2025020677,2026-01-07,8479193,25,24,1,2.044,1.044,Casey DeSmith
20252026,2025020677,2026-01-07,8480313,15,35,3,4.635,1.635,Logan Thompson
20252026,2025020678,2026-01-07,8481692,20,36,4,4.134,0.134,Dustin Wolf
20252026,2025020678,2026-01-07,8484170,8,29,1,1.84,0.84,Jacob Fowler
20252026,2025020679,2026-01-07,8476412,19,35,7,4.125,-2.875,Jordan Binnington
20252026,2025020679,2026-01-07,8481519,16,30,3,3.571,0.571,Spencer Knight
20252026,2025020680,2026-01-07,8478872,68,33,1,2.876,1.876,Karel Vejmelka
20252026,2025020680,2026-01-07,8482447,9,21,3,3.019,0.019,Leevi Meriläinen
20252026,2025020681,2026-01-07,8475311,26,28,4,4.388,0.388,Darcy Kuemper
20252026,2025020681,2026-01-07,8482137,28,26,3,3.896,0.896,Yaroslav Askarov
20252026,2025020682,2026-01-08,8476914,6,29,1,3.214,2.214,Joonas Korpisalo
20252026,2025020682,2026-01-08,8481692,20,30,4,3.114,-0.886,Dustin Wolf
20252026,2025020683,2026-01-08,8475683,13,19,5,2.559,-2.441,Sergei Bobrovsky
20252026,2025020683,2026-01-08,8478470,8,27,2,3.144,1.144,Samuel Montembeault
20252026,2025020684,2026-01-08,8476434,17,24,1,1.658,0.658,John Gibson
20252026,2025020684,2026-01-08,8480947,23,24,4,3.167,-0.833,Kevin Lankinen
20252026,2025020685,2026-01-08,8471734,3,20,4,3.097,-0.903,Jonathan Quick
20252026,2025020685,2026-01-08,8481551,7,32,2,3.03,1.03,Colten Ellis
20252026,2025020686,2026-01-08,8478435,4,23,2,1.636,-0.364,Dan Vladar
20252026,2025020686,2026-01-08,8483710,10,23,1,2.571,1.571,Dennis Hildeby
20252026,2025020687,2026-01-08,8474596,1,29,4,2.942,-1.058,Jake Allen
20252026,2025020687,2026-01-08,8479973,5,29,1,2.82,1.82,Stuart Skinner
20252026,2025020688,2026-01-08,8475883,12,13,2,2.045,0.045,Frederik Andersen
20252026,2025020688,2026-01-08,8478024,24,34,4,3.77,-0.23,Ville Husso
20252026,2025020689,2026-01-08,8477424,18,31,1,3.332,2.332,Juuse Saros
20252026,2025020689,2026-01-08,8479496,2,27,1,2.049,1.049,David Rittich
20252026,2025020690,2026-01-08,8475717,22,16,3,1.782,-1.218,Calvin Pickard
20252026,2025020690,2026-01-08,8476945,52,30,4,3.335,-0.665,Connor Hellebuyck
20252026,2025020691,2026-01-08,8475809,21,31,2,2.393,0.393,Scott Wedgewood
20252026,2025020691,2026-01-08,8481544,9,16,5,1.915,-3.085,Mads Sogaard
20252026,2025020691,2026-01-08,8482447,9,18,3,1.304,-1.696,Leevi Meriläinen
20252026,2025020692,2026-01-08,8479394,54,1,1,0.144,-0.856,Carter Hart
20252026,2025020692,2026-01-08,8481033,54,24,2,2.348,0.348,Akira Schmid
20252026,2025020692,2026-01-08,8482982,29,26,5,3.055,-1.945,Jet Greaves
20252026,2025020693,2026-01-08,8475831,55,34,3,2.784,-0.216,Philipp Grubauer
20252026,2025020693,2026-01-08,8482661,30,28,2,2.377,0.377,Jesper Wallstedt
20252026,2025020694,2026-01-09,8480313,15,24,1,2.673,1.673,Logan Thompson
20252026,2025020694,2026-01-09,8482123,16,24,5,2.253,-2.747,Drew Commesso
20252026,2025020695,2026-01-09,8475311,26,16,5,2.135,-2.865,Darcy Kuemper
20252026,2025020695,2026-01-09,8476341,26,4,0,0.109,0.109,Anton Forsberg
20252026,2025020695,2026-01-09,8477480,52,24,1,2.354,1.354,Eric Comrie
20252026,2025020696,2026-01-09,8478872,68,28,2,3.57,1.57,Karel Vejmelka
20252026,2025020696,2026-01-09,8480981,19,23,4,2.781,-1.219,Joel Hofer
20252026,2025020697,2026-01-10,8471734,3,20,6,2.709,-3.291,Jonathan Quick
20252026,2025020697,2026-01-10,8477484,3,14,4,1.36,-2.64,Spencer Martin
20252026,2025020697,2026-01-10,8480280,6,29,2,2.584,0.584,Jeremy Swayman
20252026,2025020698,2026-01-10,8481668,5,25,2,2.27,0.27,Arturs Silovs
20252026,2025020698,2026-01-10,8482445,20,28,1,3.09,2.09,Devin Cooley
20252026,2025020699,2026-01-10,8478007,29,31,4,2.674,-1.326,Elvis Merzlikins
20252026,2025020699,2026-01-10,8481529,21,29,0,1.982,1.982,Trent Miner
20252026,2025020700,2026-01-10,8477968,28,20,4,2.354,-1.646,Alex Nedeljkovic
20252026,2025020700,2026-01-10,8479193,25,31,5,3.614,-1.386,Casey DeSmith
20252026,2025020701,2026-01-10,8480045,7,36,3,2.509,-0.491,Ukko-Pekka Luukkonen
20252026,2025020701,2026-01-10,8480843,24,31,4,3.933,-0.067,Lukas Dostal
20252026,2025020702,2026-01-10,8477967,23,6,3,0.83,-2.17,Thatcher Demko
20252026,2025020702,2026-01-10,8479361,10,29,0,2.047,2.047,Joseph Woll
20252026,2025020702,2026-01-10,8480947,23,18,2,2.154,0.154,Kevin Lankinen
20252026,2025020703,2026-01-10,8476434,17,27,0,2.04,2.04,John Gibson
20252026,2025020703,2026-01-10,8484170,8,23,3,2.707,-0.293,Jacob Fowler
20252026,2025020704,2026-01-10,8475683,13,19,2,2.164,0.164,Sergei Bobrovsky
20252026,2025020704,2026-01-10,8482447,9,21,3,1.593,-1.407,Leevi Meriläinen
20252026,2025020705,2026-01-10,8476883,14,20,2,1.542,-0.458,Andrei Vasilevskiy
20252026,2025020705,2026-01-10,8481035,4,23,7,3.403,-3.597,Samuel Ersson
20252026,2025020706,2026-01-10,8478916,55,36,3,3.985,0.985,Joey Daccord
20252026,2025020706,2026-01-10,8483548,12,12,2,1.62,-0.38,Brandon Bussi
20252026,2025020707,2026-01-10,8477424,18,20,2,2.487,0.487,Juuse Saros
20252026,2025020707,2026-01-10,8482123,16,36,0,2.984,2.984,Drew Commesso
20252026,2025020708,2026-01-10,8478009,2,36,3,3.556,0.556,Ilya Sorokin
20252026,2025020708,2026-01-10,8479406,30,28,4,2.359,-1.641,Filip Gustavsson
20252026,2025020709,2026-01-10,8476341,26,26,3,3.406,0.406,Anton Forsberg
20252026,2025020709,2026-01-10,8478971,22,30,3,2.274,-0.726,Connor Ingram
20252026,2025020710,2026-01-10,8476412,19,24,3,1.952,-1.048,Jordan Binnington
20252026,2025020710,2026-01-10,8481033,54,19,2,2.22,0.22,Akira Schmid
20252026,2025020711,2026-01-11,8474596,1,22,4,3.242,-0.758,Jake Allen
20252026,2025020711,2026-01-11,8476945,52,27,3,3.127,0.127,Connor Hellebuyck
20252026,2025020712,2026-01-11,8476914,6,27,0,2.298,2.298,Joonas Korpisalo
20252026,2025020712,2026-01-11,8479973,5,19,1,2.283,1.283,Stuart Skinner
20252026,2025020713,2026-01-11,8479292,15,21,3,1.871,-1.129,Charlie Lindgren
20252026,2025020713,2026-01-11,8481020,18,32,2,3.373,1.373,Justus Annunen
20252026,2025020714,2026-01-11,8477970,68,36,3,4.448,1.448,Vitek Vanecek
20252026,2025020714,2026-01-11,8482982,29,27,2,2.162,0.162,Jet Greaves
20252026,2025020715,2026-01-11,8482137,28,31,6,3.47,-2.53,Yaroslav Askarov
20252026,2025020715,2026-01-11,8482761,54,20,2,1.944,-0.056,Carl Lindbom
20252026,2025020716,2026-01-12,8475683,13,23,3,2.001,-0.999,Sergei Bobrovsky
20252026,2025020716,2026-01-12,8481551,7,31,3,2.701,-0.299,Colten Ellis
20252026,2025020717,2026-01-12,8475883,12,18,4,2.818,-1.182,Frederik Andersen
20252026,2025020717,2026-01-12,8476434,17,34,3,3.621,0.621,John Gibson
20252026,2025020718,2026-01-12,8471734,3,28,3,3.1,0.1,Jonathan Quick
20252026,2025020718,2026-01-12,8475831,55,22,2,2.02,0.02,Philipp Grubauer
20252026,2025020719,2026-01-12,8477992,14,21,1,1.652,0.652,Jonas Johansson
20252026,2025020719,2026-01-12,8478435,4,25,4,4.256,0.256,Dan Vladar
20252026,2025020720,2026-01-12,8482487,8,23,3,3.608,0.608,Jakub Dobes
20252026,2025020720,2026-01-12,8484268,23,41,6,5.467,-0.533,Nikita Tolopilo
20252026,2025020721,2026-01-12,8474593,1,23,2,1.496,-0.504,Jacob Markstrom
20252026,2025020721,2026-01-12,8482661,30,29,5,3.483,-1.517,Jesper Wallstedt
20252026,2025020722,2026-01-12,8478971,22,30,1,3.402,2.402,Connor Ingram
20252026,2025020722,2026-01-12,8481519,16,36,3,3.803,0.803,Spencer Knight
20252026,2025020723,2026-01-12,8479361,10,34,3,3.535,0.535,Joseph Woll
20252026,2025020723,2026-01-12,8481529,21,32,4,2.582,-1.418,Trent Miner
20252026,2025020724,2026-01-12,8475311,26,17,2,1.333,-0.667,Darcy Kuemper
20252026,2025020724,2026-01-12,8479979,25,25,1,1.498,0.498,Jake Oettinger
20252026,2025020725,2026-01-13,8480947,23,40,2,3.906,1.906,Kevin Lankinen
20252026,2025020725,2026-01-13,8482447,9,20,1,1.393,0.393,Leevi Meriläinen
20252026,2025020726,2026-01-13,8476883,14,27,1,3.768,2.768,Andrei Vasilevskiy
20252026,2025020726,2026-01-13,8481668,5,31,1,2.99,1.99,Arturs Silovs
20252026,2025020727,2026-01-13,8478470,8,42,3,5.325,2.325,Samuel Montembeault
20252026,2025020727,2026-01-13,8480313,15,25,2,2.4,0.4,Logan Thompson
20252026,2025020728,2026-01-13,8481692,20,42,4,3.784,-0.216,Dustin Wolf
20252026,2025020728,2026-01-13,8482982,29,32,3,4.908,1.908,Jet Greaves
20252026,2025020729,2026-01-13,8475660,17,40,2,4.061,2.061,Cam Talbot
20252026,2025020729,2026-01-13,8480280,6,24,0,2.581,2.581,Jeremy Swayman
20252026,2025020730,2026-01-13,8480981,19,33,0,2.289,2.289,Joel Hofer
20252026,2025020730,2026-01-13,8483548,12,31,3,3.172,0.172,Brandon Bussi
20252026,2025020731,2026-01-13,8477424,18,31,3,2.592,-0.408,Juuse Saros
20252026,2025020731,2026-01-13,8477465,22,27,4,2.538,-1.462,Tristan Jarry
20252026,2025020732,2026-01-13,8476945,52,27,4,2.766,-1.234,Connor Hellebuyck
20252026,2025020732,2026-01-13,8478009,2,22,5,3.594,-1.406,Ilya Sorokin
20252026,2025020733,2026-01-13,8478872,68,20,1,1.93,0.93,Karel Vejmelka
20252026,2025020733,2026-01-13,8483710,10,41,6,5.535,-0.465,Dennis Hildeby
20252026,2025020734,2026-01-13,8479193,25,24,2,2.474,0.474,Casey DeSmith
20252026,2025020734,2026-01-13,8480843,24,25,1,2.989,1.989,Lukas Dostal
20252026,2025020735,2026-01-14,8474593,1,17,2,2.106,0.106,Jacob Markstrom
20252026,2025020735,2026-01-14,8475831,55,26,3,3.242,0.242,Philipp Grubauer
20252026,2025020736,2026-01-14,8478435,4,6,2,0.98,-1.02,Dan Vladar
20252026,2025020736,2026-01-14,8480045,7,22,2,1.778,-0.222,Ukko-Pekka Luukkonen
20252026,2025020736,2026-01-14,8481035,4,8,2,1.47,-0.53,Samuel Ersson
20252026,2025020737,2026-01-14,8471734,3,17,6,2.567,-3.433,Jonathan Quick
20252026,2025020737,2026-01-14,8477484,3,12,1,0.81,-0.19,Spencer Martin
20252026,2025020737,2026-01-14,8482447,9,22,4,1.854,-2.146,Leevi Meriläinen
20252026,2025020738,2026-01-14,8475311,26,27,3,2.603,-0.397,Darcy Kuemper
20252026,2025020738,2026-01-14,8481033,54,24,2,2.401,0.401,Akira Schmid
20252026,2025020739,2026-01-15,8478916,55,23,3,2.445,-0.555,Joey Daccord
20252026,2025020739,2026-01-15,8480280,6,28,2,3.345,1.345,Jeremy Swayman
20252026,2025020740,2026-01-15,8481551,7,23,3,3.225,0.225,Colten Ellis
20252026,2025020740,2026-01-15,8484170,8,26,4,2.189,-1.811,Jacob Fowler
20252026,2025020741,2026-01-15,8479973,5,34,3,3.181,0.181,Stuart Skinner
20252026,2025020741,2026-01-15,8481035,4,14,3,1.923,-1.077,Samuel Ersson
20252026,2025020741,2026-01-15,8482783,4,16,3,2.298,-0.702,Aleksei Kolosov
20252026,2025020742,2026-01-15,8477968,28,23,2,1.777,-0.223,Alex Nedeljkovic
20252026,2025020742,2026-01-15,8480313,15,26,3,2.687,-0.313,Logan Thompson
20252026,2025020743,2026-01-15,8478007,29,31,1,3.583,2.583,Elvis Merzlikins
20252026,2025020743,2026-01-15,8480947,23,36,4,3.715,-0.285,Kevin Lankinen
20252026,2025020744,2026-01-15,8476945,52,34,2,2.729,0.729,Connor Hellebuyck
20252026,2025020744,2026-01-15,8479406,30,9,0,0.623,0.623,Filip Gustavsson
20252026,2025020744,2026-01-15,8482661,30,20,6,2.013,-3.987,Jesper Wallstedt
20252026,2025020745,2026-01-15,8481519,16,22,2,3.1,1.1,Spencer Knight
20252026,2025020745,2026-01-15,8482445,20,23,1,1.847,0.847,Devin Cooley
20252026,2025020746,2026-01-15,8478872,68,27,1,3.318,2.318,Karel Vejmelka
20252026,2025020746,2026-01-15,8479979,25,27,2,2.336,0.336,Jake Oettinger
20252026,2025020747,2026-01-15,8478009,2,35,0,4.199,4.199,Ilya Sorokin
20252026,2025020747,2026-01-15,8478971,22,18,1,2.201,1.201,Connor Ingram
20252026,2025020748,2026-01-15,8478499,54,28,5,2.39,-2.61,Adin Hill
20252026,2025020748,2026-01-15,8479361,10,33,6,3.716,-2.284,Joseph Woll
20252026,2025020749,2026-01-16,8476434,17,22,2,3.936,1.936,John Gibson
20252026,2025020749,2026-01-16,8482137,28,24,3,3.975,0.975,Yaroslav Askarov
20252026,2025020750,2026-01-16,8475683,13,36,9,4.86,-4.14,Sergei Bobrovsky
20252026,2025020750,2026-01-16,8483548,12,16,1,1.406,0.406,Brandon Bussi
20252026,2025020751,2026-01-16,8476883,14,21,2,2.104,0.104,Andrei Vasilevskiy
20252026,2025020751,2026-01-16,8480981,19,36,2,4.167,2.167,Joel Hofer
20252026,2025020752,2026-01-16,8477424,18,43,3,3.673,0.673,Juuse Saros
20252026,2025020752,2026-01-16,8478406,21,28,5,2.089,-2.911,Mackenzie Blackwood
20252026,2025020753,2026-01-16,8475311,26,28,2,2.859,0.859,Darcy Kuemper
20252026,2025020753,2026-01-16,8480843,24,28,2,3.614,1.614,Lukas Dostal
20252026,2025020754,2026-01-17,8479406,30,24,4,3.307,-0.693,Filip Gustavsson
20252026,2025020754,2026-01-17,8480045,7,36,5,4.947,-0.053,Ukko-Pekka Luukkonen
20252026,2025020755,2026-01-17,8477484,3,28,3,2.469,-0.531,Spencer Martin
20252026,2025020755,2026-01-17,8481035,4,25,3,2.501,-0.499,Samuel Ersson
20252026,2025020755,2026-01-17,8482783,4,3,3,0.535,-2.465,Aleksei Kolosov
20252026,2025020756,2026-01-17,8479496,2,19,4,1.867,-2.133,David Rittich
20252026,2025020756,2026-01-17,8481692,20,30,2,2.712,0.712,Dustin Wolf
20252026,2025020757,2026-01-17,8475831,55,30,5,3.677,-1.323,Philipp Grubauer
20252026,2025020757,2026-01-17,8478872,68,21,3,3.5,0.5,Karel Vejmelka
20252026,2025020758,2026-01-17,8478470,8,34,5,4.967,-0.033,Samuel Montembeault
20252026,2025020758,2026-01-17,8482447,9,19,6,1.818,-4.182,Leevi Meriläinen
20252026,2025020759,2026-01-17,8474593,1,35,4,3.722,-0.278,Jacob Markstrom
20252026,2025020759,2026-01-17,8475883,12,30,1,2.866,1.866,Frederik Andersen
20252026,2025020760,2026-01-17,8478007,29,33,3,5.193,2.193,Elvis Merzlikins
20252026,2025020760,2026-01-17,8481668,5,26,3,2.175,-0.825,Arturs Silovs
20252026,2025020761,2026-01-17,8480193,13,24,2,1.951,-0.049,Daniil Tarasov
20252026,2025020761,2026-01-17,8480313,15,29,3,3.271,0.271,Logan Thompson
20252026,2025020762,2026-01-17,8476945,52,37,4,3.63,-0.37,Connor Hellebuyck
20252026,2025020762,2026-01-17,8483710,10,30,3,3.531,0.531,Dennis Hildeby
20252026,2025020763,2026-01-17,8476914,6,24,2,1.769,-0.231,Joonas Korpisalo
20252026,2025020763,2026-01-17,8482821,16,23,5,2.711,-2.289,Arvid Soderblom
20252026,2025020764,2026-01-17,8477465,22,31,0,2.974,2.974,Tristan Jarry
20252026,2025020764,2026-01-17,8484268,23,35,6,4.864,-1.136,Nikita Tolopilo
20252026,2025020765,2026-01-17,8481020,18,36,7,4.537,-2.463,Justus Annunen
20252026,2025020765,2026-01-17,8481033,54,29,2,2.379,0.379,Akira Schmid
20252026,2025020766,2026-01-17,8476341,26,33,2,4.174,2.174,Anton Forsberg
20252026,2025020766,2026-01-17,8478024,24,18,1,1.477,0.477,Ville Husso
20252026,2025020767,2026-01-18,8476883,14,20,1,3.941,2.941,Andrei Vasilevskiy
20252026,2025020767,2026-01-18,8479979,25,25,3,3.152,0.152,Jake Oettinger
20252026,2025020768,2026-01-18,8473503,9,34,4,4.181,0.181,James Reimer
20252026,2025020768,2026-01-18,8476434,17,22,3,2.77,-0.23,John Gibson
20252026,2025020769,2026-01-18,8476412,19,28,5,3.865,-1.135,Jordan Binnington
20252026,2025020769,2026-01-18,8478971,22,27,0,2.354,2.354,Connor Ingram
20252026,2025020770,2026-01-19,8480045,7,29,2,4.293,2.293,Ukko-Pekka Luukkonen
20252026,2025020770,2026-01-19,8483548,12,18,1,2.47,1.47,Brandon Bussi
20252026,2025020771,2026-01-19,8475809,21,24,2,2.345,0.345,Scott Wedgewood
20252026,2025020771,2026-01-19,8479292,15,44,5,4.478,-0.522,Charlie Lindgren
20252026,2025020772,2026-01-19,8478916,55,31,5,2.672,-2.328,Joey Daccord
20252026,2025020772,2026-01-19,8479973,5,23,3,2.854,-0.146,Stuart Skinner
20252026,2025020773,2026-01-19,8475683,13,27,3,5.083,2.083,Sergei Bobrovsky
20252026,2025020773,2026-01-19,8477968,28,36,1,3.181,2.181,Alex Nedeljkovic
20252026,2025020774,2026-01-19,8479361,10,29,5,3.068,-1.932,Joseph Woll
20252026,2025020774,2026-01-19,8479406,30,30,3,3.29,0.29,Filip Gustavsson
20252026,2025020774,2026-01-19,8483710,10,9,0,0.68,0.68,Dennis Hildeby
20252026,2025020775,2026-01-19,8478499,54,17,2,1.539,-0.461,Adin Hill
20252026,2025020775,2026-01-19,8481035,4,25,1,3.555,2.555,Samuel Ersson
20252026,2025020776,2026-01-19,8476945,52,23,1,1.63,0.63,Connor Hellebuyck
20252026,2025020776,2026-01-19,8481519,16,32,0,3.001,3.001,Spencer Knight
20252026,2025020777,2026-01-19,8474593,1,22,1,1.399,0.399,Jacob Markstrom
20252026,2025020777,2026-01-19,8482445,20,32,2,2.851,0.851,Devin Cooley
20252026,2025020778,2026-01-19,8478009,2,32,3,4.41,1.41,Ilya Sorokin
20252026,2025020778,2026-01-19,8480947,23,33,4,3.142,-0.858,Kevin Lankinen
20252026,2025020779,2026-01-19,8477484,3,25,4,3.577,-0.423,Spencer Martin
20252026,2025020779,2026-01-19,8480843,24,22,3,2.458,-0.542,Lukas Dostal
20252026,2025020780,2026-01-20,8482487,8,20,3,1.524,-1.476,Jakub Dobes
20252026,2025020780,2026-01-20,8482661,30,33,4,3.429,-0.571,Jesper Wallstedt
20252026,2025020781,2026-01-20,8476883,14,23,1,1.244,0.244,Andrei Vasilevskiy
20252026,2025020781,2026-01-20,8482137,28,19,3,1.492,-1.508,Yaroslav Askarov
20252026,2025020782,2026-01-20,8473503,9,22,1,2.199,1.199,James Reimer
20252026,2025020782,2026-01-20,8478007,29,7,2,1.356,-0.644,Elvis Merzlikins
20252026,2025020782,2026-01-20,8482982,29,13,1,1.306,0.306,Jet Greaves
20252026,2025020783,2026-01-20,8476914,6,3,0,0.161,0.161,Joonas Korpisalo
20252026,2025020783,2026-01-20,8479979,25,18,2,1.527,-0.473,Jake Oettinger
20252026,2025020783,2026-01-20,8480280,6,34,6,3.673,-2.327,Jeremy Swayman
20252026,2025020784,2026-01-20,8477424,18,19,4,1.794,-2.206,Juuse Saros
20252026,2025020784,2026-01-20,8479312,7,34,3,2.636,-0.364,Alex Lyon
20252026,2025020784,2026-01-20,8481020,18,13,0,0.931,0.931,Justus Annunen
20252026,2025020785,2026-01-20,8477480,52,23,1,2.095,1.095,Eric Comrie
20252026,2025020785,2026-01-20,8480981,19,15,2,1.431,-0.569,Joel Hofer
20252026,2025020786,2026-01-20,8474596,1,23,1,2.373,1.373,Jake Allen
20252026,2025020786,2026-01-20,8477465,22,17,2,2.341,0.341,Tristan Jarry
20252026,2025020787,2026-01-20,8471734,3,27,4,2.628,-1.372,Jonathan Quick
20252026,2025020787,2026-01-20,8475311,26,8,2,0.747,-1.253,Darcy Kuemper
20252026,2025020787,2026-01-20,8476341,26,28,1,2.768,1.768,Anton Forsberg
20252026,2025020788,2026-01-21,8476434,17,31,1,4.132,3.132,John Gibson
20252026,2025020788,2026-01-21,8479361,10,41,2,4.131,2.131,Joseph Woll
20252026,2025020789,2026-01-21,8475809,21,16,1,1.808,0.808,Scott Wedgewood
20252026,2025020789,2026-01-21,8480843,24,41,1,5.202,4.202,Lukas Dostal
20252026,2025020790,2026-01-21,8478872,68,29,4,4.397,0.397,Karel Vejmelka
20252026,2025020790,2026-01-21,8481035,4,27,5,2.752,-2.248,Samuel Ersson
20252026,2025020791,2026-01-21,8479973,5,19,1,1.73,0.73,Stuart Skinner
20252026,2025020791,2026-01-21,8481692,20,25,4,2.464,-1.536,Dustin Wolf
20252026,2025020792,2026-01-21,8480313,15,25,4,1.92,-2.08,Logan Thompson
20252026,2025020792,2026-01-21,8480947,23,32,3,3.378,0.378,Kevin Lankinen
20252026,2025020793,2026-01-21,8475831,55,25,1,1.854,0.854,Philipp Grubauer
20252026,2025020793,2026-01-21,8478009,2,24,3,3.339,0.339,Ilya Sorokin
20252026,2025020794,2026-01-22,8476914,6,33,3,4.726,1.726,Joonas Korpisalo
20252026,2025020794,2026-01-22,8481033,54,29,4,2.933,-1.067,Akira Schmid
20252026,2025020795,2026-01-22,8478470,8,16,3,2.338,-0.662,Samuel Montembeault
20252026,2025020795,2026-01-22,8480045,7,34,2,3.837,1.837,Ukko-Pekka Luukkonen
20252026,2025020796,2026-01-22,8475883,12,22,3,2.741,-0.259,Frederik Andersen
20252026,2025020796,2026-01-22,8481519,16,31,3,3.641,0.641,Spencer Knight
20252026,2025020797,2026-01-22,8479193,25,22,1,1.418,0.418,Casey DeSmith
20252026,2025020797,2026-01-22,8482982,29,28,0,2.398,2.398,Jet Greaves
20252026,2025020798,2026-01-22,8473503,9,26,4,3.231,-0.769,James Reimer
20252026,2025020798,2026-01-22,8477424,18,26,3,3.21,0.21,Juuse Saros
20252026,2025020799,2026-01-22,8476945,52,20,1,1.586,0.586,Connor Hellebuyck
20252026,2025020799,2026-01-22,8480193,13,18,1,1.869,0.869,Daniil Tarasov
20252026,2025020800,2026-01-22,8477465,22,23,6,3.409,-2.591,Tristan Jarry
20252026,2025020800,2026-01-22,8481668,5,32,2,2.985,0.985,Arturs Silovs
20252026,2025020801,2026-01-22,8475660,17,39,4,4.049,0.049,Cam Talbot
20252026,2025020801,2026-01-22,8479406,30,34,3,2.777,-0.223,Filip Gustavsson
20252026,2025020802,2026-01-23,8476932,10,30,5,3.433,-1.567,Anthony Stolarz
20252026,2025020802,2026-01-23,8478499,54,21,3,2.328,-0.672,Adin Hill
20252026,2025020803,2026-01-23,8476883,14,19,1,2.486,1.486,Andrei Vasilevskiy
20252026,2025020803,2026-01-23,8482821,16,31,1,3.32,2.32,Arvid Soderblom
20252026,2025020804,2026-01-23,8476412,19,19,3,2.377,-0.623,Jordan Binnington
20252026,2025020804,2026-01-23,8479979,25,22,2,2.954,0.954,Jake Oettinger
20252026,2025020805,2026-01-23,8478406,21,19,6,3.147,-2.853,Mackenzie Blackwood
20252026,2025020805,2026-01-23,8481035,4,35,3,3.38,0.38,Samuel Ersson
20252026,2025020806,2026-01-23,8480313,15,26,1,1.445,0.445,Logan Thompson
20252026,2025020806,2026-01-23,8482445,20,37,2,4.82,2.82,Devin Cooley
20252026,2025020807,2026-01-23,8474593,1,25,4,3.1,-0.9,Jacob Markstrom
20252026,2025020807,2026-01-23,8480947,23,24,5,3.446,-1.554,Kevin Lankinen
20252026,2025020808,2026-01-23,8477484,3,32,3,3.721,0.721,Spencer Martin
20252026,2025020808,2026-01-23,8477968,28,29,1,2.679,1.679,Alex Nedeljkovic
20252026,2025020809,2026-01-23,8475831,55,30,3,2.866,-0.134,Philipp Grubauer
20252026,2025020809,2026-01-23,8480843,24,22,2,1.39,-0.61,Lukas Dostal
20252026,2025020810,2026-01-24,8479312,7,26,0,2.139,2.139,Alex Lyon
20252026,2025020810,2026-01-24,8479496,2,20,4,2.662,-1.338,David Rittich
20252026,2025020811,2026-01-24,8477424,18,30,4,3.342,-0.658,Juuse Saros
20252026,2025020811,2026-01-24,8478872,68,29,2,2.559,0.559,Karel Vejmelka
20252026,2025020812,2026-01-24,8478470,8,20,4,3.022,-0.978,Samuel Montembeault
20252026,2025020812,2026-01-24,8480280,6,25,3,2.476,-0.524,Jeremy Swayman
20252026,2025020813,2026-01-24,8473503,9,19,4,1.525,-2.475,James Reimer
20252026,2025020813,2026-01-24,8483548,12,37,1,3.18,2.18,Brandon Bussi
20252026,2025020814,2026-01-24,8477992,14,29,6,3.34,-2.66,Jonas Johansson
20252026,2025020814,2026-01-24,8482982,29,30,5,1.889,-3.111,Jet Greaves
20252026,2025020815,2026-01-24,8476434,17,27,1,2.735,1.735,John Gibson
20252026,2025020815,2026-01-24,8476945,52,30,4,2.943,-1.057,Connor Hellebuyck
20252026,2025020816,2026-01-24,8475311,26,29,4,3.32,-0.68,Darcy Kuemper
20252026,2025020816,2026-01-24,8480981,19,28,4,3.431,-0.569,Joel Hofer
20252026,2025020817,2026-01-24,8475683,13,21,3,3.262,0.262,Sergei Bobrovsky
20252026,2025020817,2026-01-24,8479406,30,34,4,3.969,-0.031,Filip Gustavsson
20252026,2025020818,2026-01-24,8477465,22,15,2,2.114,0.114,Tristan Jarry
20252026,2025020818,2026-01-24,8478971,22,12,3,1.167,-1.833,Connor Ingram
20252026,2025020818,2026-01-24,8479292,15,40,6,7.266,1.266,Charlie Lindgren
20252026,2025020819,2026-01-25,8478406,21,33,1,2.826,1.826,Mackenzie Blackwood
20252026,2025020819,2026-01-25,8479361,10,36,3,4.046,1.046,Joseph Woll
20252026,2025020820,2026-01-25,8474593,1,18,3,1.971,-1.029,Jacob Markstrom
20252026,2025020820,2026-01-25,8478916,55,29,2,2.509,0.509,Joey Daccord
20252026,2025020821,2026-01-25,8478499,54,32,7,2.585,-4.415,Adin Hill
20252026,2025020821,2026-01-25,8481544,9,20,1,2.187,1.187,Mads Sogaard
20252026,2025020822,2026-01-25,8479973,5,32,2,4.342,2.342,Stuart Skinner
20252026,2025020822,2026-01-25,8480947,23,25,3,2.957,-0.043,Kevin Lankinen
20252026,2025020823,2026-01-25,8480193,13,22,1,1.662,0.662,Daniil Tarasov
20252026,2025020823,2026-01-25,8481519,16,24,4,2.522,-1.478,Spencer Knight
20252026,2025020824,2026-01-25,8480843,24,35,3,3.33,0.33,Lukas Dostal
20252026,2025020824,2026-01-25,8481692,20,21,4,2.244,-1.756,Dustin Wolf
20252026,2025020825,2026-01-26,8476883,14,28,0,3.798,3.798,Andrei Vasilevskiy
20252026,2025020825,2026-01-26,8478872,68,29,2,2.785,0.785,Karel Vejmelka
20252026,2025020826,2026-01-26,8471734,3,24,3,2.719,-0.281,Jonathan Quick
20252026,2025020826,2026-01-26,8476914,6,28,4,3.128,-0.872,Joonas Korpisalo
20252026,2025020827,2026-01-26,8478009,2,21,0,2.465,2.465,Ilya Sorokin
20252026,2025020827,2026-01-26,8481035,4,23,4,2.045,-1.955,Samuel Ersson
20252026,2025020828,2026-03-09,8476341,26,32,4,2.754,-1.246,Anton Forsberg
20252026,2025020828,2026-03-09,8482982,29,31,5,3.53,-1.47,Jet Greaves
20252026,2025020829,2026-01-26,8477465,22,41,4,3.379,-0.621,Tristan Jarry
20252026,2025020829,2026-01-26,8478024,24,30,5,4.98,-0.02,Ville Husso
20252026,2025020830,2026-01-27,8477424,18,28,3,2.849,-0.151,Juuse Saros
20252026,2025020830,2026-01-27,8480280,6,30,2,2.546,0.546,Jeremy Swayman
20252026,2025020831,2026-01-27,8479361,10,30,6,2.686,-3.314,Joseph Woll
20252026,2025020831,2026-01-27,8480045,7,5,2,0.786,-1.214,Ukko-Pekka Luukkonen
20252026,2025020831,2026-01-27,8481551,7,18,2,2.378,0.378,Colten Ellis
20252026,2025020832,2026-01-27,8481033,54,26,3,3.523,0.523,Akira Schmid
20252026,2025020832,2026-01-27,8482487,8,34,2,4.315,2.315,Jakub Dobes
20252026,2025020833,2026-01-27,8476341,26,28,1,2.622,1.622,Anton Forsberg
20252026,2025020833,2026-01-27,8476434,17,21,2,2.249,0.249,John Gibson
20252026,2025020834,2026-01-27,8475683,13,19,3,1.853,-1.147,Sergei Bobrovsky
20252026,2025020834,2026-01-27,8477970,68,30,3,2.613,-0.387,Vitek Vanecek
20252026,2025020835,2026-01-27,8474596,1,26,4,2.617,-1.383,Jake Allen
20252026,2025020835,2026-01-27,8476945,52,29,3,3.093,0.093,Connor Hellebuyck
20252026,2025020836,2026-01-27,8476412,19,24,4,2.866,-1.134,Jordan Binnington
20252026,2025020836,2026-01-27,8479979,25,26,3,2.381,-0.619,Jake Oettinger
20252026,2025020837,2026-01-27,8481519,16,23,3,1.992,-1.008,Spencer Knight
20252026,2025020837,2026-01-27,8482661,30,32,3,4.873,1.873,Jesper Wallstedt
20252026,2025020838,2026-01-27,8480947,23,6,3,1.023,-1.977,Kevin Lankinen
20252026,2025020838,2026-01-27,8482137,28,25,2,2.64,0.64,Yaroslav Askarov
20252026,2025020838,2026-01-27,8484268,23,27,2,2.742,0.742,Nikita Tolopilo
20252026,2025020839,2026-01-27,8475831,55,20,1,1.947,0.947,Philipp Grubauer
20252026,2025020839,2026-01-27,8480313,15,32,5,3.05,-1.95,Logan Thompson
20252026,2025020840,2026-01-28,8478007,29,27,3,3.039,0.039,Elvis Merzlikins
20252026,2025020840,2026-01-28,8478435,4,30,4,3.31,-0.69,Dan Vladar
20252026,2025020841,2026-01-28,8473503,9,18,2,1.262,-0.738,James Reimer
20252026,2025020841,2026-01-28,8478406,21,21,3,3.152,0.152,Mackenzie Blackwood
20252026,2025020842,2026-01-28,8477484,3,36,5,3.821,-1.179,Spencer Martin
20252026,2025020842,2026-01-28,8479496,2,16,2,1.537,-0.463,David Rittich
20252026,2025020843,2026-01-29,8478435,4,6,0,0.295,0.295,Dan Vladar
20252026,2025020843,2026-01-29,8480280,6,36,3,4.367,1.367,Jeremy Swayman
20252026,2025020843,2026-01-29,8481035,4,20,5,3.03,-1.97,Samuel Ersson
20252026,2025020844,2026-01-29,8475311,26,31,3,3.43,0.43,Darcy Kuemper
20252026,2025020844,2026-01-29,8479312,7,38,1,2.79,1.79,Alex Lyon
20252026,2025020845,2026-01-29,8475809,21,28,7,3.793,-3.207,Scott Wedgewood
20252026,2025020845,2026-01-29,8482487,8,29,3,3.892,0.892,Jakub Dobes
20252026,2025020846,2026-01-29,8476434,17,23,3,1.566,-1.434,John Gibson
20252026,2025020846,2026-01-29,8479292,15,21,3,2.031,-0.969,Charlie Lindgren
20252026,2025020847,2026-01-29,8476883,14,24,1,1.668,0.668,Andrei Vasilevskiy
20252026,2025020847,2026-01-29,8476945,52,36,3,2.925,-0.075,Connor Hellebuyck
20252026,2025020848,2026-01-29,8474593,1,29,2,2.854,0.854,Jacob Markstrom
20252026,2025020848,2026-01-29,8481020,18,35,3,3.223,0.223,Justus Annunen
20252026,2025020849,2026-01-29,8471734,3,21,2,1.02,-0.98,Jonathan Quick
20252026,2025020849,2026-01-29,8478009,2,21,1,1.831,0.831,Ilya Sorokin
20252026,2025020850,2026-01-29,8481668,5,20,2,2.114,0.114,Arturs Silovs
20252026,2025020850,2026-01-29,8482821,16,45,6,5.526,-0.474,Arvid Soderblom
20252026,2025020851,2026-01-29,8478872,68,33,5,3.357,-1.643,Karel Vejmelka
20252026,2025020851,2026-01-29,8483548,12,25,4,3.17,-0.83,Brandon Bussi
20252026,2025020852,2026-01-29,8480193,13,31,5,2.916,-2.084,Daniil Tarasov
20252026,2025020852,2026-01-29,8480981,19,20,4,3.379,-0.621,Joel Hofer
20252026,2025020853,2026-01-29,8479406,30,30,1,2.719,1.719,Filip Gustavsson
20252026,2025020853,2026-01-29,8482445,20,23,3,2.331,-0.669,Devin Cooley
20252026,2025020854,2026-01-29,8478971,22,21,3,1.86,-1.14,Connor Ingram
20252026,2025020854,2026-01-29,8482137,28,32,4,2.599,-1.401,Yaroslav Askarov
20252026,2025020855,2026-01-29,8480843,24,25,1,1.559,0.559,Lukas Dostal
20252026,2025020855,2026-01-29,8480947,23,1,0,0.019,0.019,Kevin Lankinen
20252026,2025020855,2026-01-29,8484268,23,32,0,3.313,3.313,Nikita Tolopilo
20252026,2025020856,2026-01-29,8478499,54,27,4,3.385,-0.615,Adin Hill
20252026,2025020856,2026-01-29,8479979,25,21,4,2.218,-1.782,Jake Oettinger
20252026,2025020857,2026-01-29,8476932,10,21,4,1.363,-2.637,Anthony Stolarz
20252026,2025020857,2026-01-29,8478916,55,31,2,3.012,1.012,Joey Daccord
20252026,2025020858,2026-01-30,8478007,29,24,2,1.962,-0.038,Elvis Merzlikins
20252026,2025020858,2026-01-30,8481519,16,25,3,2.896,-0.104,Spencer Knight
20252026,2025020859,2026-01-31,8475311,26,21,2,2.3,0.3,Darcy Kuemper
20252026,2025020859,2026-01-31,8478435,4,21,3,1.875,-1.125,Dan Vladar
20252026,2025020860,2026-01-31,8475660,17,4,1,0.294,-0.706,Cam Talbot
20252026,2025020860,2026-01-31,8476434,17,17,4,2.074,-1.926,John Gibson
20252026,2025020860,2026-01-31,8478406,21,28,0,2.926,2.926,Mackenzie Blackwood
20252026,2025020861,2026-01-31,8471734,3,33,5,4.927,-0.073,Jonathan Quick
20252026,2025020861,2026-01-31,8479973,5,20,5,2.091,-2.909,Stuart Skinner
20252026,2025020862,2026-01-31,8475683,13,21,2,2.43,0.43,Sergei Bobrovsky
20252026,2025020862,2026-01-31,8477480,52,28,1,2.119,1.119,Eric Comrie
20252026,2025020863,2026-01-31,8477968,28,42,3,4.882,1.882,Alex Nedeljkovic
20252026,2025020863,2026-01-31,8481692,20,25,2,3.719,1.719,Dustin Wolf
20252026,2025020864,2026-01-31,8475883,12,42,4,5.536,1.536,Frederik Andersen
20252026,2025020864,2026-01-31,8483532,15,22,3,1.651,-1.349,Clay Stevenson
20252026,2025020865,2026-01-31,8479312,7,30,3,3.63,0.63,Alex Lyon
20252026,2025020865,2026-01-31,8482487,8,38,2,4.24,2.24,Jakub Dobes
20252026,2025020866,2026-01-31,8474596,1,33,3,3.504,0.504,Jake Allen
20252026,2025020866,2026-01-31,8476999,9,27,1,1.812,0.812,Linus Ullmark
20252026,2025020867,2026-01-31,8477424,18,30,3,3.244,0.244,Juuse Saros
20252026,2025020867,2026-01-31,8478009,2,42,4,5.16,1.16,Ilya Sorokin
20252026,2025020868,2026-01-31,8476412,19,22,4,1.517,-2.483,Jordan Binnington
20252026,2025020868,2026-01-31,8482982,29,33,3,2.74,-0.26,Jet Greaves
20252026,2025020869,2026-01-31,8479361,10,30,2,2.882,0.882,Joseph Woll
20252026,2025020869,2026-01-31,8484268,23,41,2,4.812,2.812,Nikita Tolopilo
20252026,2025020870,2026-01-31,8478872,68,32,3,3.152,0.152,Karel Vejmelka
20252026,2025020870,2026-01-31,8479193,25,14,2,1.476,-0.524,Casey DeSmith
20252026,2025020871,2026-01-31,8477465,22,20,5,2.535,-2.465,Tristan Jarry
20252026,2025020871,2026-01-31,8478971,22,9,2,1.29,-0.71,Connor Ingram
20252026,2025020871,2026-01-31,8482661,30,42,3,4.312,1.312,Jesper Wallstedt
20252026,2025020872,2026-01-31,8478916,55,29,2,2.693,0.693,Joey Daccord
20252026,2025020872,2026-01-31,8481033,54,22,3,2.178,-0.822,Akira Schmid
20252026,2025020873,2026-02-01,8476883,14,34,5,3.99,-1.01,Andrei Vasilevskiy
20252026,2025020873,2026-02-01,8480280,6,46,5,5.472,0.472,Jeremy Swayman
20252026,2025020874,2026-02-01,8476341,26,34,3,4.879,1.879,Anton Forsberg
20252026,2025020874,2026-02-01,8483548,12,13,2,1.383,-0.617,Brandon Bussi
20252026,2025020875,2026-02-01,8478499,54,22,3,1.362,-1.638,Adin Hill
20252026,2025020875,2026-02-01,8480843,24,31,3,2.998,-0.002,Lukas Dostal
20252026,2025020876,2026-02-02,8475683,13,20,5,2.32,-2.68,Sergei Bobrovsky
20252026,2025020876,2026-02-02,8479312,7,42,3,4.863,1.863,Alex Lyon
20252026,2025020877,2026-02-02,8476999,9,16,2,2.442,0.442,Linus Ullmark
20252026,2025020877,2026-02-02,8481668,5,31,3,4.244,1.244,Arturs Silovs
20252026,2025020878,2026-02-02,8479496,2,24,3,2.824,-0.176,David Rittich
20252026,2025020878,2026-02-02,8483532,15,30,1,2.738,1.738,Clay Stevenson
20252026,2025020879,2026-02-02,8479406,30,20,3,2.246,-0.754,Filip Gustavsson
20252026,2025020879,2026-02-02,8482487,8,24,4,2.83,-1.17,Jakub Dobes
20252026,2025020880,2026-02-02,8477424,18,21,5,2.093,-2.907,Juuse Saros
20252026,2025020880,2026-02-02,8480981,19,28,6,2.445,-3.555,Joel Hofer
20252026,2025020880,2026-02-02,8481020,18,13,0,2.092,2.092,Justus Annunen
20252026,2025020881,2026-02-02,8477968,28,7,2,1.386,-0.614,Alex Nedeljkovic
20252026,2025020881,2026-02-02,8481519,16,27,3,2.67,-0.33,Spencer Knight
20252026,2025020881,2026-02-02,8482137,28,10,4,1.012,-2.988,Yaroslav Askarov
20252026,2025020882,2026-02-02,8476945,52,28,4,3.719,-0.281,Connor Hellebuyck
20252026,2025020882,2026-02-02,8479979,25,27,3,2.797,-0.203,Jake Oettinger
20252026,2025020883,2026-02-02,8476434,17,21,0,1.934,1.934,John Gibson
20252026,2025020883,2026-02-02,8478406,21,24,1,1.942,0.942,Mackenzie Blackwood
20252026,2025020884,2026-02-02,8478872,68,24,2,2.519,0.519,Karel Vejmelka
20252026,2025020884,2026-02-02,8480947,23,19,6,2.186,-3.814,Kevin Lankinen
20252026,2025020885,2026-02-02,8479361,10,30,2,1.993,-0.007,Joseph Woll
20252026,2025020885,2026-02-02,8481692,20,21,3,2.146,-0.854,Dustin Wolf
20252026,2025020886,2026-02-03,8476883,14,26,3,2.795,-0.205,Andrei Vasilevskiy
20252026,2025020886,2026-02-03,8481551,7,35,4,3.556,-0.444,Colten Ellis
20252026,2025020887,2026-02-03,8474593,1,25,2,2.506,0.506,Jacob Markstrom
20252026,2025020887,2026-02-03,8478007,29,24,0,2.146,2.146,Elvis Merzlikins
20252026,2025020888,2026-02-03,8478009,2,35,4,3.925,-0.075,Ilya Sorokin
20252026,2025020888,2026-02-03,8479973,5,23,5,2.258,-2.742,Stuart Skinner
20252026,2025020889,2026-02-03,8478435,4,28,2,3.572,1.572,Dan Vladar
20252026,2025020889,2026-02-03,8483532,15,21,3,2.166,-0.834,Clay Stevenson
20252026,2025020890,2026-02-03,8473503,9,19,4,2.387,-1.613,James Reimer
20252026,2025020890,2026-02-03,8483548,12,27,3,3.494,0.494,Brandon Bussi
20252026,2025020891,2026-02-03,8476932,10,36,2,3.806,1.806,Anthony Stolarz
20252026,2025020891,2026-02-03,8478971,22,26,4,3.171,-0.829,Connor Ingram
20252026,2025020892,2026-02-03,8475831,55,31,4,3.846,-0.154,Philipp Grubauer
20252026,2025020892,2026-02-03,8480843,24,28,2,2.524,0.524,Lukas Dostal
20252026,2025020893,2026-02-04,8475683,13,29,4,3.785,-0.215,Sergei Bobrovsky
20252026,2025020893,2026-02-04,8476914,6,26,4,3.884,-0.116,Joonas Korpisalo
20252026,2025020894,2026-02-04,8481519,16,19,3,2.427,-0.573,Spencer Knight
20252026,2025020894,2026-02-04,8482982,29,21,0,1.51,1.51,Jet Greaves
20252026,2025020895,2026-02-04,8476945,52,26,4,3.534,-0.466,Connor Hellebuyck
20252026,2025020895,2026-02-04,8478470,8,37,1,4.733,3.733,Samuel Montembeault
20252026,2025020896,2026-02-04,8477424,18,43,6,4.781,-1.219,Juuse Saros
20252026,2025020896,2026-02-04,8479406,30,35,5,3.775,-1.225,Filip Gustavsson
20252026,2025020897,2026-02-04,8478406,21,25,2,2.012,0.012,Mackenzie Blackwood
20252026,2025020897,2026-02-04,8482137,28,41,3,5.633,2.633,Yaroslav Askarov
20252026,2025020898,2026-02-04,8476434,17,24,3,3.251,0.251,John Gibson
20252026,2025020898,2026-02-04,8478872,68,30,1,3.426,2.426,Karel Vejmelka
20252026,2025020899,2026-02-04,8476412,19,28,5,3.73,-1.27,Jordan Binnington
20252026,2025020899,2026-02-04,8479979,25,18,4,2.562,-1.438,Jake Oettinger
20252026,2025020900,2026-02-04,8477465,22,25,4,3.283,-0.717,Tristan Jarry
20252026,2025020900,2026-02-04,8482445,20,39,3,3.883,0.883,Devin Cooley
20252026,2025020901,2026-02-04,8480947,23,31,5,4.076,-0.924,Kevin Lankinen
20252026,2025020901,2026-02-04,8481033,54,23,2,1.589,-0.411,Akira Schmid
20252026,2025020902,2026-02-04,8475311,26,23,4,2.587,-1.413,Darcy Kuemper
20252026,2025020902,2026-02-04,8478916,55,27,2,2.138,0.138,Joey Daccord
20252026,2025020903,2026-02-05,8479312,7,31,4,4.141,0.141,Alex Lyon
20252026,2025020903,2026-02-05,8481668,5,27,2,2.196,0.196,Arturs Silovs
20252026,2025020904,2026-02-05,8475683,13,3,1,0.261,-0.739,Sergei Bobrovsky
20252026,2025020904,2026-02-05,8476883,14,34,1,3.263,2.263,Andrei Vasilevskiy
20252026,2025020904,2026-02-05,8480193,13,25,5,2.843,-2.157,Daniil Tarasov
20252026,2025020905,2026-02-05,8474596,1,13,2,1.657,-0.343,Jake Allen
20252026,2025020905,2026-02-05,8478009,2,24,1,2.172,1.172,Ilya Sorokin
20252026,2025020906,2026-02-05,8471734,3,42,1,3.392,2.392,Jonathan Quick
20252026,2025020906,2026-02-05,8483548,12,16,0,1.647,1.647,Brandon Bussi
20252026,2025020907,2026-02-05,8473503,9,16,1,1.297,0.297,James Reimer
20252026,2025020907,2026-02-05,8478435,4,27,2,3.06,1.06,Dan Vladar
20252026,2025020908,2026-02-05,8480313,15,29,2,4.015,2.015,Logan Thompson
20252026,2025020908,2026-02-05,8481020,18,30,4,2.485,-1.515,Justus Annunen
20252026,2025020909,2026-02-05,8476341,26,22,4,2.644,-1.356,Anton Forsberg
20252026,2025020909,2026-02-05,8478499,54,33,1,2.61,1.61,Adin Hill
20252026,2025020910,2026-02-25,8474596,1,30,2,4.002,2.002,Jake Allen
20252026,2025020910,2026-02-25,8480045,7,28,1,4.221,3.221,Ukko-Pekka Luukkonen
20252026,2025020911,2026-02-25,8478435,4,28,2,4.071,2.071,Dan Vladar
20252026,2025020911,2026-02-25,8480313,15,24,1,2.974,1.974,Logan Thompson
20252026,2025020912,2026-02-25,8476883,14,34,2,3.94,1.94,Andrei Vasilevskiy
20252026,2025020912,2026-02-25,8476932,10,36,4,5.386,1.386,Anthony Stolarz
20252026,2025020913,2026-02-25,8478916,55,32,4,3.137,-0.863,Joey Daccord
20252026,2025020913,2026-02-25,8479193,25,19,1,2.182,1.182,Casey DeSmith
20252026,2025020914,2026-02-25,8475809,21,30,2,2.862,0.862,Scott Wedgewood
20252026,2025020914,2026-02-25,8478872,68,26,4,3.229,-0.771,Karel Vejmelka
20252026,2025020915,2026-02-25,8477480,52,23,2,1.752,-0.248,Eric Comrie
20252026,2025020915,2026-02-25,8484268,23,28,3,4.143,1.143,Nikita Tolopilo
20252026,2025020916,2026-02-25,8476341,26,24,5,1.843,-3.157,Anton Forsberg
20252026,2025020916,2026-02-25,8478499,54,19,4,2.058,-1.942,Adin Hill
20252026,2025020917,2026-02-25,8477465,22,25,5,2.814,-2.186,Tristan Jarry
20252026,2025020917,2026-02-25,8478971,22,4,1,0.553,-0.447,Connor Ingram
20252026,2025020917,2026-02-25,8480843,24,27,5,3.975,-1.025,Lukas Dostal
20252026,2025020918,2026-02-26,8476914,6,38,2,4.292,2.292,Joonas Korpisalo
20252026,2025020918,2026-02-26,8478007,29,22,3,1.616,-1.384,Elvis Merzlikins
20252026,2025020918,2026-02-26,8480022,6,2,0,0.246,0.246,Michael DiPietro
20252026,2025020919,2026-02-26,8478009,2,25,3,3.272,0.272,Ilya Sorokin
20252026,2025020919,2026-02-26,8478470,8,26,4,3.056,-0.944,Samuel Montembeault
20252026,2025020920,2026-02-26,8476434,17,27,1,3.128,2.128,John Gibson
20252026,2025020920,2026-02-26,8476999,9,20,2,1.535,-0.465,Linus Ullmark
20252026,2025020921,2026-02-26,8475683,13,30,1,2.576,1.576,Sergei Bobrovsky
20252026,2025020921,2026-02-26,8479361,10,35,3,3.917,0.917,Joseph Woll
20252026,2025020922,2026-02-26,8474593,1,36,3,4.313,1.313,Jacob Markstrom
20252026,2025020922,2026-02-26,8481668,5,30,1,3.439,2.439,Arturs Silovs
20252026,2025020923,2026-02-26,8477992,14,33,5,2.958,-2.042,Jonas Johansson
20252026,2025020923,2026-02-26,8483548,12,28,4,3.208,-0.792,Brandon Bussi
20252026,2025020924,2026-02-26,8478048,3,24,3,3.375,0.375,Igor Shesterkin
20252026,2025020924,2026-02-26,8481035,4,24,2,1.734,-0.266,Samuel Ersson
20252026,2025020925,2026-02-26,8475831,55,31,4,3.487,-0.513,Philipp Grubauer
20252026,2025020925,2026-02-26,8480981,19,24,1,2.992,1.992,Joel Hofer
20252026,2025020926,2026-02-26,8481020,18,23,2,3.383,1.383,Justus Annunen
20252026,2025020926,2026-02-26,8481519,16,25,3,2.906,-0.094,Spencer Knight
20252026,2025020927,2026-02-26,8478406,21,34,3,4.137,1.137,Mackenzie Blackwood
20252026,2025020927,2026-02-26,8479406,30,45,1,3.404,2.404,Filip Gustavsson
20252026,2025020927,2026-02-26,8482661,30,2,1,0.277,-0.723,Jesper Wallstedt
20252026,2025020928,2026-02-26,8481692,20,35,1,3.36,2.36,Dustin Wolf
20252026,2025020928,2026-02-26,8482137,28,28,3,2.819,-0.181,Yaroslav Askarov
20252026,2025020929,2026-02-26,8475311,26,15,4,0.825,-3.175,Darcy Kuemper
20252026,2025020929,2026-02-26,8476341,26,22,4,2.123,-1.877,Anton Forsberg
20252026,2025020929,2026-02-26,8478971,22,22,1,1.903,0.903,Connor Ingram
20252026,2025020930,2026-02-27,8479312,7,30,2,3.889,1.889,Alex Lyon
20252026,2025020930,2026-02-27,8480193,13,38,2,4.287,2.287,Daniil Tarasov
20252026,2025020931,2026-02-27,8480313,15,26,2,3.331,1.331,Logan Thompson
20252026,2025020931,2026-02-27,8481033,54,30,3,2.828,-0.172,Akira Schmid
20252026,2025020932,2026-02-27,8478872,68,23,2,2.555,0.555,Karel Vejmelka
20252026,2025020932,2026-02-27,8482661,30,37,5,4.342,-0.658,Jesper Wallstedt
20252026,2025020933,2026-02-27,8476945,52,40,5,5.935,0.935,Connor Hellebuyck
20252026,2025020933,2026-02-27,8480843,24,33,4,4.543,0.543,Lukas Dostal
20252026,2025020934,2026-02-28,8478048,3,34,2,3.899,1.899,Igor Shesterkin
20252026,2025020934,2026-02-28,8479973,5,25,2,3.326,1.326,Stuart Skinner
20252026,2025020935,2026-02-28,8478435,4,27,1,2.404,1.404,Dan Vladar
20252026,2025020935,2026-02-28,8480280,6,16,2,1.947,-0.053,Jeremy Swayman
20252026,2025020936,2026-02-28,8478971,22,33,5,4.318,-0.682,Connor Ingram
20252026,2025020936,2026-02-28,8482137,28,24,4,2.354,-1.646,Yaroslav Askarov
20252026,2025020937,2026-02-28,8478009,2,30,3,2.702,-0.298,Ilya Sorokin
20252026,2025020937,2026-02-28,8482982,29,27,4,2.606,-1.394,Jet Greaves
20252026,2025020938,2026-02-28,8478406,21,15,1,1.545,0.545,Mackenzie Blackwood
20252026,2025020938,2026-02-28,8481519,16,34,2,3.622,1.622,Spencer Knight
20252026,2025020939,2026-02-28,8476932,10,12,0,1.393,1.393,Anthony Stolarz
20252026,2025020939,2026-02-28,8476999,9,23,2,2.151,0.151,Linus Ullmark
20252026,2025020939,2026-02-28,8479361,10,28,5,2.586,-2.414,Joseph Woll
20252026,2025020940,2026-02-28,8479292,15,23,4,3.316,-0.684,Charlie Lindgren
20252026,2025020940,2026-02-28,8482487,8,29,2,3.462,1.462,Jakub Dobes
20252026,2025020941,2026-02-28,8476883,14,14,5,2.387,-2.613,Andrei Vasilevskiy
20252026,2025020941,2026-02-28,8477992,14,21,1,2.393,1.393,Jonas Johansson
20252026,2025020941,2026-02-28,8480045,7,38,2,3.697,1.697,Ukko-Pekka Luukkonen
20252026,2025020942,2026-02-28,8475660,17,36,5,4.002,-0.998,Cam Talbot
20252026,2025020942,2026-02-28,8475883,12,29,2,2.821,0.821,Frederik Andersen
20252026,2025020943,2026-02-28,8474593,1,26,1,1.605,0.605,Jacob Markstrom
20252026,2025020943,2026-02-28,8476412,19,32,2,2.971,0.971,Jordan Binnington
20252026,2025020944,2026-02-28,8476341,26,29,0,2.566,2.566,Anton Forsberg
20252026,2025020944,2026-02-28,8481692,20,36,1,3.132,2.132,Dustin Wolf
20252026,2025020945,2026-02-28,8477424,18,25,3,3.749,0.749,Juuse Saros
20252026,2025020945,2026-02-28,8479979,25,27,2,2.854,0.854,Jake Oettinger
20252026,2025020946,2026-02-28,8478916,55,28,1,3.286,2.286,Joey Daccord
20252026,2025020946,2026-02-28,8480947,23,24,4,2.943,-1.057,Kevin Lankinen
20252026,2025020947,2026-03-01,8478499,54,22,5,2.801,-2.199,Adin Hill
20252026,2025020947,2026-03-01,8481668,5,22,0,1.831,1.831,Arturs Silovs
20252026,2025020948,2026-03-01,8475683,13,26,5,2.029,-2.971,Sergei Bobrovsky
20252026,2025020948,2026-03-01,8479496,2,33,4,3.571,-0.429,David Rittich
20252026,2025020949,2026-03-01,8478872,68,28,4,2.854,-1.146,Karel Vejmelka
20252026,2025020949,2026-03-01,8482821,16,22,0,1.842,1.842,Arvid Soderblom
20252026,2025020950,2026-03-01,8476945,52,33,2,3.28,1.28,Connor Hellebuyck
20252026,2025020950,2026-03-01,8477968,28,28,1,2.893,1.893,Alex Nedeljkovic
20252026,2025020951,2026-03-01,8479406,30,23,2,1.659,-0.341,Filip Gustavsson
20252026,2025020951,2026-03-01,8480981,19,23,1,2.108,1.108,Joel Hofer
20252026,2025020952,2026-03-01,8480843,24,34,2,4.573,2.573,Lukas Dostal
20252026,2025020952,2026-03-01,8482445,20,36,2,4.797,2.797,Devin Cooley
20252026,2025020953,2026-03-02,8478007,29,33,4,3.164,-0.836,Elvis Merzlikins
20252026,2025020953,2026-03-02,8478048,3,29,5,3.624,-1.376,Igor Shesterkin
20252026,2025020954,2026-03-02,8476932,10,25,2,2.794,0.794,Anthony Stolarz
20252026,2025020954,2026-03-02,8478435,4,31,2,2.553,0.553,Dan Vladar
20252026,2025020955,2026-03-02,8475660,17,19,1,2.078,1.078,Cam Talbot
20252026,2025020955,2026-03-02,8476434,17,11,1,1.008,0.008,John Gibson
20252026,2025020955,2026-03-02,8477424,18,30,3,3.628,0.628,Juuse Saros
20252026,2025020956,2026-03-02,8479979,25,14,1,1.483,0.483,Jake Oettinger
20252026,2025020956,2026-03-02,8484268,23,37,6,4.56,-1.44,Nikita Tolopilo
20252026,2025020957,2026-03-02,8475883,12,15,2,1.452,-0.548,Frederik Andersen
20252026,2025020957,2026-03-02,8478916,55,36,1,2.399,1.399,Joey Daccord
20252026,2025020958,2026-03-02,8476341,26,38,3,4.065,1.065,Anton Forsberg
20252026,2025020958,2026-03-02,8478406,21,21,2,1.072,-0.928,Mackenzie Blackwood
20252026,2025020959,2026-03-03,8479973,5,28,2,2.776,0.776,Stuart Skinner
20252026,2025020959,2026-03-03,8480280,6,35,1,3.167,2.167,Jeremy Swayman
20252026,2025020960,2026-03-03,8479312,7,29,2,2.629,0.629,Alex Lyon
20252026,2025020960,2026-03-03,8481033,54,28,3,2.776,-0.224,Akira Schmid
20252026,2025020961,2026-03-03,8474593,1,21,1,2.47,1.47,Jacob Markstrom
20252026,2025020961,2026-03-03,8475683,13,31,3,3.378,0.378,Sergei Bobrovsky
20252026,2025020962,2026-03-03,8478872,68,25,2,2.464,0.464,Karel Vejmelka
20252026,2025020962,2026-03-03,8480313,15,23,3,2.233,-0.767,Logan Thompson
20252026,2025020963,2026-03-03,8478007,29,2,0,0.097,0.097,Elvis Merzlikins
20252026,2025020963,2026-03-03,8481020,18,27,3,2.247,-0.753,Justus Annunen
20252026,2025020963,2026-03-03,8482982,29,23,2,3.473,1.473,Jet Greaves
20252026,2025020964,2026-03-03,8476945,52,19,2,2.502,0.502,Connor Hellebuyck
20252026,2025020964,2026-03-03,8481519,16,32,3,2.588,-0.412,Spencer Knight
20252026,2025020965,2026-03-03,8479193,25,21,1,1.26,0.26,Casey DeSmith
20252026,2025020965,2026-03-03,8481692,20,17,4,1.401,-2.599,Dustin Wolf
20252026,2025020965,2026-03-03,8482445,20,18,2,2.453,0.453,Devin Cooley
20252026,2025020966,2026-03-03,8476999,9,37,5,4.58,-0.42,Linus Ullmark
20252026,2025020966,2026-03-03,8478971,22,21,4,2.078,-1.922,Connor Ingram
20252026,2025020967,2026-03-03,8476883,14,21,4,1.956,-2.044,Andrei Vasilevskiy
20252026,2025020967,2026-03-03,8479406,30,25,1,2.458,1.458,Filip Gustavsson
20252026,2025020968,2026-03-03,8475809,21,28,1,3.114,2.114,Scott Wedgewood
20252026,2025020968,2026-03-03,8480843,24,26,5,3.371,-1.629,Lukas Dostal
20252026,2025020969,2026-03-03,8482137,28,36,5,3.275,-1.725,Yaroslav Askarov
20252026,2025020969,2026-03-03,8482487,8,27,6,3.439,-2.561,Jakub Dobes
20252026,2025020970,2026-03-04,8475660,17,25,4,2.987,-1.013,Cam Talbot
20252026,2025020970,2026-03-04,8478499,54,26,3,3.021,0.021,Adin Hill
20252026,2025020971,2026-03-04,8474593,1,27,3,2.845,-0.155,Jacob Markstrom
20252026,2025020971,2026-03-04,8476932,10,47,3,5.617,2.617,Anthony Stolarz
20252026,2025020972,2026-03-04,8480947,23,22,4,2.627,-1.373,Kevin Lankinen
20252026,2025020972,2026-03-04,8483548,12,22,4,1.77,-2.23,Brandon Bussi
20252026,2025020972,2026-03-04,8484268,23,10,1,0.741,-0.259,Nikita Tolopilo
20252026,2025020973,2026-03-04,8478024,24,43,1,3.544,2.544,Ville Husso
20252026,2025020973,2026-03-04,8479496,2,25,4,2.965,-1.035,David Rittich
20252026,2025020974,2026-03-04,8475831,55,27,3,3.67,0.67,Philipp Grubauer
20252026,2025020974,2026-03-04,8480981,19,36,2,3.544,1.544,Joel Hofer
20252026,2025020975,2026-03-05,8478048,3,32,2,3.592,1.592,Igor Shesterkin
20252026,2025020975,2026-03-05,8479361,10,23,5,2.716,-2.284,Joseph Woll
20252026,2025020976,2026-03-05,8477970,68,16,0,1.874,1.874,Vitek Vanecek
20252026,2025020976,2026-03-05,8478435,4,22,2,1.829,-0.171,Dan Vladar
20252026,2025020977,2026-03-05,8480045,7,28,1,2.915,1.915,Ukko-Pekka Luukkonen
20252026,2025020977,2026-03-05,8481668,5,25,4,3.279,-0.721,Arturs Silovs
20252026,2025020978,2026-03-05,8480193,13,27,3,2.944,-0.056,Daniil Tarasov
20252026,2025020978,2026-03-05,8482982,29,28,2,2.751,0.751,Jet Greaves
20252026,2025020979,2026-03-05,8476914,6,28,5,3.303,-1.697,Joonas Korpisalo
20252026,2025020979,2026-03-05,8477424,18,23,3,1.946,-1.054,Juuse Saros
20252026,2025020980,2026-03-05,8476883,14,29,3,3.227,0.227,Andrei Vasilevskiy
20252026,2025020980,2026-03-05,8476945,52,27,1,3.008,2.008,Connor Hellebuyck
20252026,2025020981,2026-03-05,8476999,9,20,1,1.834,0.834,Linus Ullmark
20252026,2025020981,2026-03-05,8482445,20,35,2,3.341,1.341,Devin Cooley
20252026,2025020982,2026-03-05,8475311,26,35,3,3.8,0.8,Darcy Kuemper
20252026,2025020982,2026-03-05,8478009,2,35,5,3.391,-1.609,Ilya Sorokin
20252026,2025020983,2026-03-06,8475683,13,29,1,4.314,3.314,Sergei Bobrovsky
20252026,2025020983,2026-03-06,8476434,17,22,2,2.376,0.376,John Gibson
20252026,2025020984,2026-03-06,8475809,21,10,0,1.629,1.629,Scott Wedgewood
20252026,2025020984,2026-03-06,8478406,21,11,4,1.602,-2.398,Mackenzie Blackwood
20252026,2025020984,2026-03-06,8479979,25,29,4,3.907,-0.093,Jake Oettinger
20252026,2025020985,2026-03-06,8482821,16,20,4,1.515,-2.485,Arvid Soderblom
20252026,2025020985,2026-03-06,8484268,23,23,3,2.898,-0.102,Nikita Tolopilo
20252026,2025020986,2026-03-06,8475883,12,16,3,1.778,-1.222,Frederik Andersen
20252026,2025020986,2026-03-06,8477465,22,31,5,2.684,-2.316,Tristan Jarry
20252026,2025020987,2026-03-06,8478470,8,33,5,3.295,-1.705,Samuel Montembeault
20252026,2025020987,2026-03-06,8480843,24,28,5,3.742,-1.258,Lukas Dostal
20252026,2025020988,2026-03-06,8479406,30,31,2,2.888,0.888,Filip Gustavsson
20252026,2025020988,2026-03-06,8481033,54,24,4,2.599,-1.401,Akira Schmid
20252026,2025020989,2026-03-06,8476412,19,25,2,1.952,-0.048,Jordan Binnington
20252026,2025020989,2026-03-06,8477968,28,14,3,1.757,-1.243,Alex Nedeljkovic
20252026,2025020990,2026-03-07,8480280,6,23,1,2.145,1.145,Jeremy Swayman
20252026,2025020990,2026-03-07,8480313,15,29,2,4.16,2.16,Logan Thompson
20252026,2025020991,2026-03-07,8471734,3,34,5,3.801,-1.199,Jonathan Quick
20252026,2025020991,2026-03-07,8474593,1,20,3,2.125,-0.875,Jacob Markstrom
20252026,2025020992,2026-03-07,8477424,18,24,3,3.245,0.245,Juuse Saros
20252026,2025020992,2026-03-07,8479312,7,25,2,2.609,0.609,Alex Lyon
20252026,2025020993,2026-03-07,8478435,4,23,3,2.473,-0.527,Dan Vladar
20252026,2025020993,2026-03-07,8479973,5,16,3,1.531,-1.469,Stuart Skinner
20252026,2025020994,2026-03-07,8476883,14,29,2,3.35,1.35,Andrei Vasilevskiy
20252026,2025020994,2026-03-07,8476932,10,32,4,3.163,-0.837,Anthony Stolarz
20252026,2025020995,2026-03-07,8478007,29,25,5,2.25,-2.75,Elvis Merzlikins
20252026,2025020995,2026-03-07,8478872,68,31,4,3.417,-0.583,Karel Vejmelka
20252026,2025020996,2026-03-07,8476945,52,23,2,2.596,0.596,Connor Hellebuyck
20252026,2025020996,2026-03-07,8480947,23,36,3,3.869,0.869,Kevin Lankinen
20252026,2025020997,2026-03-07,8475311,26,23,4,2.925,-1.075,Darcy Kuemper
20252026,2025020997,2026-03-07,8482487,8,39,3,4.172,1.172,Jakub Dobes
20252026,2025020998,2026-03-07,8481692,20,29,4,2.417,-1.583,Dustin Wolf
20252026,2025020998,2026-03-07,8483548,12,25,5,3.292,-1.708,Brandon Bussi
20252026,2025020999,2026-03-07,8478009,2,31,1,3.291,2.291,Ilya Sorokin
20252026,2025020999,2026-03-07,8482137,28,34,2,2.952,0.952,Yaroslav Askarov
20252026,2025021000,2026-03-07,8476999,9,21,4,2.008,-1.992,Linus Ullmark
20252026,2025021000,2026-03-07,8478916,55,37,7,4.695,-2.305,Joey Daccord
20252026,2025021001,2026-03-08,8475809,21,34,2,2.494,0.494,Scott Wedgewood
20252026,2025021001,2026-03-08,8482661,30,36,2,5.216,3.216,Jesper Wallstedt
20252026,2025021002,2026-03-08,8476914,6,40,5,3.912,-1.088,Joonas Korpisalo
20252026,2025021002,2026-03-08,8481668,5,28,4,2.471,-1.529,Arturs Silovs
20252026,2025021003,2026-03-08,8477992,14,42,8,4.486,-3.514,Jonas Johansson
20252026,2025021003,2026-03-08,8480045,7,29,7,4.058,-2.942,Ukko-Pekka Luukkonen
20252026,2025021004,2026-03-08,8479193,25,19,3,2.146,-0.854,Casey DeSmith
20252026,2025021004,2026-03-08,8482821,16,31,4,4.672,0.672,Arvid Soderblom
20252026,2025021005,2026-03-08,8474593,1,30,3,2.409,-0.591,Jacob Markstrom
20252026,2025021005,2026-03-08,8475660,17,10,0,0.607,0.607,Cam Talbot
20252026,2025021005,2026-03-08,8476434,17,21,0,1.355,1.355,John Gibson
20252026,2025021006,2026-03-08,8478024,24,34,3,4.115,1.115,Ville Husso
20252026,2025021006,2026-03-08,8480981,19,22,0,1.814,1.814,Joel Hofer
20252026,2025021007,2026-03-08,8478499,54,18,3,2.247,-0.753,Adin Hill
20252026,2025021007,2026-03-08,8478971,22,26,2,2.218,0.218,Connor Ingram
20252026,2025021008,2026-03-09,8478048,3,34,2,4.071,2.071,Igor Shesterkin
20252026,2025021008,2026-03-09,8478435,4,24,6,4.059,-1.941,Dan Vladar
20252026,2025021008,2026-03-09,8481035,4,3,0,0.174,0.174,Samuel Ersson
20252026,2025021009,2026-03-09,8480313,15,26,3,3.027,0.027,Logan Thompson
20252026,2025021009,2026-03-09,8482445,20,28,6,3.811,-2.189,Devin Cooley
20252026,2025021010,2026-03-09,8477970,68,26,3,3.364,0.364,Vitek Vanecek
20252026,2025021010,2026-03-09,8482123,16,25,2,2.026,0.026,Drew Commesso
20252026,2025021011,2026-03-09,8473503,9,16,0,1.227,1.227,James Reimer
20252026,2025021011,2026-03-09,8480947,23,23,1,3.139,2.139,Kevin Lankinen
20252026,2025021012,2026-03-10,8475311,26,23,2,2.7,0.7,Darcy Kuemper
20252026,2025021012,2026-03-10,8480280,6,16,1,1.517,0.517,Jeremy Swayman
20252026,2025021013,2026-03-10,8479312,7,20,3,2.073,-0.927,Alex Lyon
20252026,2025021013,2026-03-10,8482137,28,25,5,2.955,-2.045,Yaroslav Askarov
20252026,2025021014,2026-03-10,8479361,10,32,2,4.271,2.271,Joseph Woll
20252026,2025021014,2026-03-10,8482487,8,18,1,1.889,0.889,Jakub Dobes
20252026,2025021015,2026-03-10,8476883,14,31,4,3.865,-0.135,Andrei Vasilevskiy
20252026,2025021015,2026-03-10,8478007,29,18,2,1.403,-0.597,Elvis Merzlikins
20252026,2025021016,2026-03-10,8476434,17,28,4,2.07,-1.93,John Gibson
20252026,2025021016,2026-03-10,8480193,13,28,3,3.258,0.258,Daniil Tarasov
20252026,2025021017,2026-03-10,8471734,3,21,0,2.328,2.328,Jonathan Quick
20252026,2025021017,2026-03-10,8481692,20,29,4,3.058,-0.942,Dustin Wolf
20252026,2025021018,2026-03-10,8475883,12,28,4,3.599,-0.401,Frederik Andersen
20252026,2025021018,2026-03-10,8479973,5,44,4,7.4,3.4,Stuart Skinner
20252026,2025021019,2026-03-10,8478009,2,23,3,2.87,-0.13,Ilya Sorokin
20252026,2025021019,2026-03-10,8480981,19,50,4,5.652,1.652,Joel Hofer
20252026,2025021020,2026-03-10,8478499,54,16,2,2.843,0.843,Adin Hill
20252026,2025021020,2026-03-10,8479979,25,27,1,2.655,1.655,Jake Oettinger
20252026,2025021021,2026-03-10,8478872,68,30,5,3.236,-1.764,Karel Vejmelka
20252026,2025021021,2026-03-10,8479406,30,25,0,2.028,2.028,Filip Gustavsson
20252026,2025021022,2026-03-10,8476945,52,34,3,2.982,-0.018,Connor Hellebuyck
20252026,2025021022,2026-03-10,8480843,24,13,1,1.609,0.609,Lukas Dostal
20252026,2025021023,2026-03-10,8477465,22,12,1,1.304,0.304,Tristan Jarry
20252026,2025021023,2026-03-10,8478406,21,24,4,2.96,-1.04,Mackenzie Blackwood
20252026,2025021023,2026-03-10,8478971,22,18,2,1.572,-0.428,Connor Ingram
20252026,2025021024,2026-03-10,8477424,18,45,2,4.456,2.456,Juuse Saros
20252026,2025021024,2026-03-10,8478916,55,26,3,1.473,-1.527,Joey Daccord
20252026,2025021025,2026-03-11,8476999,9,23,3,2.574,-0.426,Linus Ullmark
20252026,2025021025,2026-03-11,8484170,8,34,2,3.508,1.508,Jacob Fowler
20252026,2025021026,2026-03-11,8480313,15,21,3,3.033,0.033,Logan Thompson
20252026,2025021026,2026-03-11,8481035,4,23,1,1.835,0.835,Samuel Ersson
20252026,2025021027,2026-03-12,8477968,28,41,2,4.373,2.373,Alex Nedeljkovic
20252026,2025021027,2026-03-12,8480280,6,28,4,3.404,-0.596,Jeremy Swayman
20252026,2025021028,2026-03-12,8479292,15,30,1,2.935,1.935,Charlie Lindgren
20252026,2025021028,2026-03-12,8480045,7,22,2,2.911,0.911,Ukko-Pekka Luukkonen
20252026,2025021029,2026-03-12,8479361,10,40,4,4.579,0.579,Joseph Woll
20252026,2025021029,2026-03-12,8480843,24,27,5,2.698,-2.302,Lukas Dostal
20252026,2025021030,2026-03-12,8476434,17,28,3,3.296,0.296,John Gibson
20252026,2025021030,2026-03-12,8476883,14,25,1,2.433,1.433,Andrei Vasilevskiy
20252026,2025021031,2026-03-12,8475683,13,31,1,3.848,2.848,Sergei Bobrovsky
20252026,2025021031,2026-03-12,8478007,29,21,2,2.058,0.058,Elvis Merzlikins
20252026,2025021032,2026-03-12,8474593,1,29,5,2.749,-2.251,Jacob Markstrom
20252026,2025021032,2026-03-12,8481692,20,32,4,3.148,-0.852,Dustin Wolf
20252026,2025021033,2026-03-12,8476412,19,32,1,3.339,2.339,Jordan Binnington
20252026,2025021033,2026-03-12,8483548,12,16,2,1.486,-0.514,Brandon Bussi
20252026,2025021034,2026-03-12,8477465,22,27,7,3.473,-3.527,Tristan Jarry
20252026,2025021034,2026-03-12,8479979,25,32,2,3.17,1.17,Jake Oettinger
20252026,2025021035,2026-03-12,8478435,4,23,2,2.654,0.654,Dan Vladar
20252026,2025021035,2026-03-12,8482661,30,27,2,2.471,0.471,Jesper Wallstedt
20252026,2025021036,2026-03-12,8476945,52,16,5,1.135,-3.865,Connor Hellebuyck
20252026,2025021036,2026-03-12,8478048,3,26,3,2.586,-0.414,Igor Shesterkin
20252026,2025021037,2026-03-12,8478872,68,23,3,3.209,0.209,Karel Vejmelka
20252026,2025021037,2026-03-12,8481519,16,31,2,5.004,3.004,Spencer Knight
20252026,2025021038,2026-03-12,8477424,18,27,3,4.878,1.878,Juuse Saros
20252026,2025021038,2026-03-12,8484268,23,19,3,2.044,-0.956,Nikita Tolopilo
20252026,2025021039,2026-03-12,8478499,54,26,2,2.266,0.266,Adin Hill
20252026,2025021039,2026-03-12,8481668,5,16,5,1.915,-3.085,Arturs Silovs
20252026,2025021040,2026-03-12,8475809,21,29,1,2.064,1.064,Scott Wedgewood
20252026,2025021040,2026-03-12,8475831,55,11,2,0.832,-1.168,Philipp Grubauer
20252026,2025021040,2026-03-12,8478916,55,15,3,1.88,-1.12,Joey Daccord
20252026,2025021041,2026-03-13,8475311,26,23,2,2.828,0.828,Darcy Kuemper
20252026,2025021041,2026-03-13,8478009,2,27,3,3.816,0.816,Ilya Sorokin
20252026,2025021042,2026-03-13,8478971,22,25,3,3.095,0.095,Connor Ingram
20252026,2025021042,2026-03-13,8480981,19,38,2,4.324,2.324,Joel Hofer
20252026,2025021043,2026-03-14,8476999,9,24,0,3.169,3.169,Linus Ullmark
20252026,2025021043,2026-03-14,8478024,24,28,2,3.921,1.921,Ville Husso
20252026,2025021044,2026-03-14,8480280,6,28,2,3.212,1.212,Jeremy Swayman
20252026,2025021044,2026-03-14,8480313,15,34,2,3.745,1.745,Logan Thompson
20252026,2025021045,2026-03-14,8476945,52,29,1,2.642,1.642,Connor Hellebuyck
20252026,2025021045,2026-03-14,8478406,21,18,2,1.448,-0.552,Mackenzie Blackwood
20252026,2025021046,2026-03-14,8478048,3,48,2,4.377,2.377,Igor Shesterkin
20252026,2025021046,2026-03-14,8479406,30,18,4,2.564,-1.436,Filip Gustavsson
20252026,2025021047,2026-03-14,8479312,7,18,2,1.881,-0.119,Alex Lyon
20252026,2025021047,2026-03-14,8479361,10,33,2,3.782,1.782,Joseph Woll
20252026,2025021048,2026-03-14,8477968,28,27,2,2.209,0.209,Alex Nedeljkovic
20252026,2025021048,2026-03-14,8482487,8,21,3,2.515,-0.485,Jakub Dobes
20252026,2025021049,2026-03-14,8475883,12,19,2,2.188,0.188,Frederik Andersen
20252026,2025021049,2026-03-14,8476883,14,34,3,3.746,0.746,Andrei Vasilevskiy
20252026,2025021050,2026-03-14,8474596,1,31,4,3.321,-0.679,Jake Allen
20252026,2025021050,2026-03-14,8476341,26,27,5,3.053,-1.947,Anton Forsberg
20252026,2025021051,2026-03-14,8479496,2,32,2,2.829,0.829,David Rittich
20252026,2025021051,2026-03-14,8481692,20,17,0,1.309,1.309,Dustin Wolf
20252026,2025021051,2026-03-14,8482445,20,10,3,1.783,-1.217,Devin Cooley
20252026,2025021052,2026-03-14,8478435,4,28,1,2.149,1.149,Dan Vladar
20252026,2025021052,2026-03-14,8482982,29,19,1,2.443,1.443,Jet Greaves
20252026,2025021053,2026-03-14,8476434,17,24,3,2.803,-0.197,John Gibson
20252026,2025021053,2026-03-14,8479979,25,24,2,3.356,1.356,Jake Oettinger
20252026,2025021054,2026-03-14,8478872,68,23,4,2.526,-1.474,Karel Vejmelka
20252026,2025021054,2026-03-14,8479973,5,29,3,3.723,0.723,Stuart Skinner
20252026,2025021055,2026-03-14,8475831,55,34,2,2.403,0.403,Philipp Grubauer
20252026,2025021055,2026-03-14,8484268,23,33,5,2.893,-2.107,Nikita Tolopilo
20252026,2025021056,2026-03-14,8478499,54,21,0,2.156,2.156,Adin Hill
20252026,2025021056,2026-03-14,8481519,16,32,4,3.963,-0.037,Spencer Knight
20252026,2025021057,2026-03-15,8476412,19,16,3,1.661,-1.339,Jordan Binnington
20252026,2025021057,2026-03-15,8477480,52,31,2,3.791,1.791,Eric Comrie
20252026,2025021058,2026-03-15,8476316,28,24,6,2.659,-3.341,Laurent Brossoit
20252026,2025021058,2026-03-15,8476999,9,23,4,2.725,-1.275,Linus Ullmark
20252026,2025021059,2026-03-15,8480843,24,30,3,3.682,0.682,Lukas Dostal
20252026,2025021059,2026-03-15,8484170,8,28,4,4.154,0.154,Jacob Fowler
20252026,2025021060,2026-03-15,8476932,10,38,2,3.918,1.918,Anthony Stolarz
20252026,2025021060,2026-03-15,8482661,30,25,3,2.075,-0.925,Jesper Wallstedt
20252026,2025021061,2026-03-15,8478971,22,27,1,2.845,1.845,Connor Ingram
20252026,2025021061,2026-03-15,8481020,18,29,2,4.269,2.269,Justus Annunen
20252026,2025021062,2026-03-15,8478916,55,25,2,2.561,0.561,Joey Daccord
20252026,2025021062,2026-03-15,8480193,13,25,6,3.023,-2.977,Daniil Tarasov
20252026,2025021063,2026-03-16,8476434,17,27,2,2.407,0.407,John Gibson
20252026,2025021063,2026-03-16,8481692,20,24,4,3.729,-0.271,Dustin Wolf
20252026,2025021064,2026-03-16,8474593,1,22,3,2.467,-0.533,Jacob Markstrom
20252026,2025021064,2026-03-16,8476914,6,34,4,3.671,-0.329,Joonas Korpisalo
20252026,2025021065,2026-03-16,8475311,26,22,1,1.672,0.672,Darcy Kuemper
20252026,2025021065,2026-03-16,8478048,3,25,3,3.456,0.456,Igor Shesterkin
20252026,2025021066,2026-03-16,8477970,68,30,3,3.805,0.805,Vitek Vanecek
20252026,2025021066,2026-03-16,8479193,25,21,5,2.349,-2.651,Casey DeSmith
20252026,2025021067,2026-03-16,8475809,21,5,3,0.858,-2.142,Scott Wedgewood
20252026,2025021067,2026-03-16,8478406,21,15,4,1.623,-2.377,Mackenzie Blackwood
20252026,2025021067,2026-03-16,8481668,5,27,2,2.831,0.831,Arturs Silovs
20252026,2025021068,2026-03-17,8478009,2,27,1,2.393,1.393,Ilya Sorokin
20252026,2025021068,2026-03-17,8479361,10,34,3,3.587,0.587,Joseph Woll
20252026,2025021069,2026-03-17,8480280,6,31,3,4.367,1.367,Jeremy Swayman
20252026,2025021069,2026-03-17,8482487,8,28,2,3.65,1.65,Jakub Dobes
20252026,2025021070,2026-03-17,8482982,29,29,1,2.776,1.776,Jet Greaves
20252026,2025021070,2026-03-17,8483548,12,30,5,3.661,-1.339,Brandon Bussi
20252026,2025021071,2026-03-17,8476945,52,23,3,2.06,-0.94,Connor Hellebuyck
20252026,2025021071,2026-03-17,8477424,18,39,3,4.838,1.838,Juuse Saros
20252026,2025021072,2026-03-17,8479406,30,24,3,2.661,-0.339,Filip Gustavsson
20252026,2025021072,2026-03-17,8481519,16,37,4,4.29,0.29,Spencer Knight
20252026,2025021072,2026-03-17,8482661,30,2,0,0.121,0.121,Jesper Wallstedt
20252026,2025021073,2026-03-17,8477968,28,37,5,4.43,-0.57,Alex Nedeljkovic
20252026,2025021073,2026-03-17,8478971,22,30,3,2.903,-0.097,Connor Ingram
20252026,2025021074,2026-03-17,8475683,13,22,5,2.689,-2.311,Sergei Bobrovsky
20252026,2025021074,2026-03-17,8480947,23,23,2,3.151,1.151,Kevin Lankinen
20252026,2025021075,2026-03-17,8478499,54,24,1,2.589,1.589,Adin Hill
20252026,2025021075,2026-03-17,8480045,7,29,0,2.783,2.783,Ukko-Pekka Luukkonen
20252026,2025021076,2026-03-17,8475831,55,25,5,2.81,-2.19,Philipp Grubauer
20252026,2025021076,2026-03-17,8476883,14,18,2,1.48,-0.52,Andrei Vasilevskiy
20252026,2025021077,2026-03-18,8471734,3,39,6,3.939,-2.061,Jonathan Quick
20252026,2025021077,2026-03-18,8474593,1,18,3,1.928,-1.072,Jacob Markstrom
20252026,2025021078,2026-03-18,8475883,12,35,5,4.5,-0.5,Frederik Andersen
20252026,2025021078,2026-03-18,8479973,5,44,6,5.13,-0.87,Stuart Skinner
20252026,2025021079,2026-03-18,8476999,9,23,2,2.341,0.341,Linus Ullmark
20252026,2025021079,2026-03-18,8480313,15,35,1,3.489,2.489,Logan Thompson
20252026,2025021080,2026-03-18,8475809,21,18,1,2.674,1.674,Scott Wedgewood
20252026,2025021080,2026-03-18,8479979,25,34,1,3.299,2.299,Jake Oettinger
20252026,2025021081,2026-03-18,8480981,19,31,1,3.432,2.432,Joel Hofer
20252026,2025021081,2026-03-18,8482445,20,26,1,2.764,1.764,Devin Cooley
20252026,2025021082,2026-03-18,8478435,4,36,2,3.105,1.105,Dan Vladar
20252026,2025021082,2026-03-18,8480843,24,28,3,3.878,0.878,Lukas Dostal
20252026,2025021083,2026-03-19,8476945,52,27,6,3.38,-2.62,Connor Hellebuyck
20252026,2025021083,2026-03-19,8480280,6,24,1,2.008,1.008,Jeremy Swayman
20252026,2025021084,2026-03-19,8473503,9,19,2,1.643,-0.357,James Reimer
20252026,2025021084,2026-03-19,8478009,2,27,3,3.246,0.246,Ilya Sorokin
20252026,2025021085,2026-03-19,8476434,17,33,1,2.737,1.737,John Gibson
20252026,2025021085,2026-03-19,8482487,8,27,2,2.012,0.012,Jakub Dobes
20252026,2025021086,2026-03-19,8478048,3,36,5,4.192,-0.808,Igor Shesterkin
20252026,2025021086,2026-03-19,8482982,29,25,3,2.144,-0.856,Jet Greaves
20252026,2025021087,2026-03-19,8478916,55,27,2,2.112,0.112,Joey Daccord
20252026,2025021087,2026-03-19,8481020,18,26,1,2.111,1.111,Justus Annunen
20252026,2025021088,2026-03-19,8481519,16,29,1,2.009,1.009,Spencer Knight
20252026,2025021088,2026-03-19,8482661,30,26,2,2.505,0.505,Jesper Wallstedt
20252026,2025021089,2026-03-19,8475683,13,21,0,1.905,1.905,Sergei Bobrovsky
20252026,2025021089,2026-03-19,8478971,22,23,4,3.037,-0.963,Connor Ingram
20252026,2025021090,2026-03-19,8476883,14,21,2,1.588,-0.412,Andrei Vasilevskiy
20252026,2025021090,2026-03-19,8480947,23,31,6,2.78,-3.22,Kevin Lankinen
20252026,2025021091,2026-03-19,8478499,54,3,3,0.946,-2.054,Adin Hill
20252026,2025021091,2026-03-19,8478872,68,28,0,2.714,2.714,Karel Vejmelka
20252026,2025021091,2026-03-19,8481033,54,14,0,1.325,1.325,Akira Schmid
20252026,2025021092,2026-03-19,8477968,28,16,5,2.045,-2.955,Alex Nedeljkovic
20252026,2025021092,2026-03-19,8479312,7,23,0,1.633,1.633,Alex Lyon
20252026,2025021093,2026-03-19,8475311,26,20,3,2.084,-0.916,Darcy Kuemper
20252026,2025021093,2026-03-19,8481035,4,25,3,2.451,-0.549,Samuel Ersson
20252026,2025021094,2026-03-20,8479361,10,36,4,4.251,0.251,Joseph Woll
20252026,2025021094,2026-03-20,8483548,12,26,3,2.904,-0.096,Brandon Bussi
20252026,2025021095,2026-03-20,8474596,1,27,1,2.867,1.867,Jake Allen
20252026,2025021095,2026-03-20,8480313,15,31,1,2.554,1.554,Logan Thompson
20252026,2025021096,2026-03-20,8478406,21,20,1,1.622,0.622,Mackenzie Blackwood
20252026,2025021096,2026-03-20,8482821,16,49,4,5.258,1.258,Arvid Soderblom
20252026,2025021097,2026-03-20,8480193,13,36,4,3.566,-0.434,Daniil Tarasov
20252026,2025021097,2026-03-20,8481692,20,25,1,1.523,0.523,Dustin Wolf
20252026,2025021098,2026-03-20,8477970,68,22,2,2.527,0.527,Vitek Vanecek
20252026,2025021098,2026-03-20,8480843,24,30,1,3.226,2.226,Lukas Dostal
20252026,2025021099,2026-03-21,8476945,52,32,4,3.492,-0.508,Connor Hellebuyck
20252026,2025021099,2026-03-21,8481668,5,25,4,2.984,-1.016,Arturs Silovs
20252026,2025021100,2026-03-21,8481020,18,40,1,3.782,2.782,Justus Annunen
20252026,2025021100,2026-03-21,8481033,54,20,4,2.891,-1.109,Akira Schmid
20252026,2025021101,2026-03-21,8479406,30,30,1,3.093,2.093,Filip Gustavsson
20252026,2025021101,2026-03-21,8479979,25,28,2,3.097,1.097,Jake Oettinger
20252026,2025021102,2026-03-21,8476341,26,33,3,2.109,-0.891,Anton Forsberg
20252026,2025021102,2026-03-21,8480045,7,27,1,2.342,1.342,Ukko-Pekka Luukkonen
20252026,2025021103,2026-03-21,8477968,28,26,2,3.457,1.457,Alex Nedeljkovic
20252026,2025021103,2026-03-21,8478435,4,25,1,2.542,1.542,Dan Vladar
20252026,2025021104,2026-03-21,8478007,29,17,2,1.698,-0.302,Elvis Merzlikins
20252026,2025021104,2026-03-21,8478916,55,27,4,2.93,-1.07,Joey Daccord
20252026,2025021105,2026-03-21,8478009,2,32,6,4.675,-1.325,Ilya Sorokin
20252026,2025021105,2026-03-21,8479496,2,4,1,0.325,-0.675,David Rittich
20252026,2025021105,2026-03-21,8484170,8,22,3,2.378,-0.622,Jacob Fowler
20252026,2025021106,2026-03-21,8476999,9,14,2,2.28,0.28,Linus Ullmark
20252026,2025021106,2026-03-21,8479361,10,44,5,4.056,-0.944,Joseph Woll
20252026,2025021107,2026-03-21,8476412,19,15,1,2.215,1.215,Jordan Binnington
20252026,2025021107,2026-03-21,8480947,23,20,2,3.543,1.543,Kevin Lankinen
20252026,2025021108,2026-03-21,8476434,17,26,3,3.444,0.444,John Gibson
20252026,2025021108,2026-03-21,8480280,6,44,2,5.195,3.195,Jeremy Swayman
20252026,2025021109,2026-03-21,8476883,14,28,2,2.621,0.621,Andrei Vasilevskiy
20252026,2025021109,2026-03-21,8478971,22,27,4,3.413,-0.587,Connor Ingram
20252026,2025021110,2026-03-22,8477480,52,29,2,2.798,0.798,Eric Comrie
20252026,2025021110,2026-03-22,8482193,3,37,2,3.793,1.793,Dylan Garand
20252026,2025021111,2026-03-22,8478406,21,22,2,2.651,0.651,Mackenzie Blackwood
20252026,2025021111,2026-03-22,8480313,15,24,3,2.7,-0.3,Logan Thompson
20252026,2025021112,2026-03-22,8475883,12,19,1,2.046,1.046,Frederik Andersen
20252026,2025021112,2026-03-22,8479973,5,25,4,2.891,-1.109,Stuart Skinner
20252026,2025021113,2026-03-22,8477424,18,29,2,3.632,1.632,Juuse Saros
20252026,2025021113,2026-03-22,8481519,16,33,3,4.851,1.851,Spencer Knight
20252026,2025021114,2026-03-22,8478009,2,26,0,2.652,2.652,Ilya Sorokin
20252026,2025021114,2026-03-22,8482982,29,22,1,1.946,0.946,Jet Greaves
20252026,2025021115,2026-03-22,8478499,54,15,2,2.219,0.219,Adin Hill
20252026,2025021115,2026-03-22,8479193,25,33,3,4.786,1.786,Casey DeSmith
20252026,2025021116,2026-03-22,8477992,14,29,4,2.873,-1.127,Jonas Johansson
20252026,2025021116,2026-03-22,8482445,20,35,3,3.098,0.098,Devin Cooley
20252026,2025021117,2026-03-22,8478024,24,29,5,2.75,-2.25,Ville Husso
20252026,2025021117,2026-03-22,8479312,7,33,6,4.138,-1.862,Alex Lyon
20252026,2025021118,2026-03-22,8475311,26,34,4,4.093,0.093,Darcy Kuemper
20252026,2025021118,2026-03-22,8478872,68,36,3,3.063,0.063,Karel Vejmelka
20252026,2025021119,2026-03-23,8473503,9,10,1,1.126,0.126,James Reimer
20252026,2025021119,2026-03-23,8478048,3,33,2,3.447,1.447,Igor Shesterkin
20252026,2025021120,2026-03-24,8476932,10,20,2,2.731,0.731,Anthony Stolarz
20252026,2025021120,2026-03-24,8480280,6,34,3,4.679,1.679,Jeremy Swayman
20252026,2025021121,2026-03-24,8475883,12,18,4,3.466,-0.534,Frederik Andersen
20252026,2025021121,2026-03-24,8482487,8,43,2,3.6,1.6,Jakub Dobes
20252026,2025021122,2026-03-24,8476434,17,21,3,2.838,-0.162,John Gibson
20252026,2025021122,2026-03-24,8476999,9,35,2,2.902,0.902,Linus Ullmark
20252026,2025021123,2026-03-24,8475683,13,27,4,2.365,-1.635,Sergei Bobrovsky
20252026,2025021123,2026-03-24,8478916,55,25,4,2.668,-1.332,Joey Daccord
20252026,2025021124,2026-03-24,8478009,2,12,1,1.043,0.043,Ilya Sorokin
20252026,2025021124,2026-03-24,8479496,2,12,3,1.565,-1.435,David Rittich
20252026,2025021124,2026-03-24,8482821,16,47,3,4.129,1.129,Arvid Soderblom
20252026,2025021125,2026-03-24,8478435,4,19,3,1.129,-1.871,Dan Vladar
20252026,2025021125,2026-03-24,8482982,29,26,2,2.084,0.084,Jet Greaves
20252026,2025021126,2026-03-24,8475809,21,32,2,4.14,2.14,Scott Wedgewood
20252026,2025021126,2026-03-24,8481668,5,29,5,1.935,-3.065,Arturs Silovs
20252026,2025021127,2026-03-24,8476883,14,24,3,2.306,-0.694,Andrei Vasilevskiy
20252026,2025021127,2026-03-24,8479406,30,24,4,2.354,-1.646,Filip Gustavsson
20252026,2025021128,2026-03-24,8480313,15,26,2,2.666,0.666,Logan Thompson
20252026,2025021128,2026-03-24,8480981,19,21,0,2.114,2.114,Joel Hofer
20252026,2025021129,2026-03-24,8477424,18,30,3,2.09,-0.91,Juuse Saros
20252026,2025021129,2026-03-24,8477968,28,19,6,2.709,-3.291,Alex Nedeljkovic
20252026,2025021130,2026-03-24,8474596,1,27,4,3.008,-0.992,Jake Allen
20252026,2025021130,2026-03-24,8479193,25,16,1,2.229,1.229,Casey DeSmith
20252026,2025021130,2026-03-24,8479979,25,8,4,1.811,-2.189,Jake Oettinger
20252026,2025021131,2026-03-24,8476945,52,27,1,2.492,1.492,Connor Hellebuyck
20252026,2025021131,2026-03-24,8478499,54,20,3,1.872,-1.128,Adin Hill
20252026,2025021132,2026-03-24,8477465,22,18,2,1.574,-0.426,Tristan Jarry
20252026,2025021132,2026-03-24,8477970,68,10,0,0.856,0.856,Vitek Vanecek
20252026,2025021132,2026-03-24,8478872,68,15,4,1.498,-2.502,Karel Vejmelka
20252026,2025021133,2026-03-24,8475311,26,23,2,2.219,0.219,Darcy Kuemper
20252026,2025021133,2026-03-24,8481692,20,25,2,2.063,0.063,Dustin Wolf
20252026,2025021134,2026-03-24,8480843,24,30,3,3.797,0.797,Lukas Dostal
20252026,2025021134,2026-03-24,8480947,23,33,4,4.178,0.178,Kevin Lankinen
20252026,2025021135,2026-03-25,8476914,6,25,3,2.74,-0.26,Joonas Korpisalo
20252026,2025021135,2026-03-25,8480045,7,31,4,2.738,-1.262,Ukko-Pekka Luukkonen
20252026,2025021136,2026-03-25,8478048,3,18,4,1.298,-2.702,Igor Shesterkin
20252026,2025021136,2026-03-25,8479361,10,43,3,3.673,0.673,Joseph Woll
20252026,2025021137,2026-03-26,8482487,8,26,1,2.538,1.538,Jakub Dobes
20252026,2025021137,2026-03-26,8482982,29,20,2,2.268,0.268,Jet Greaves
20252026,2025021138,2026-03-26,8476999,9,40,3,4.067,1.067,Linus Ullmark
20252026,2025021138,2026-03-26,8479973,5,29,3,3.971,0.971,Stuart Skinner
20252026,2025021139,2026-03-26,8475831,55,33,3,3.439,0.439,Philipp Grubauer
20252026,2025021139,2026-03-26,8476883,14,20,4,1.997,-2.003,Andrei Vasilevskiy
20252026,2025021140,2026-03-26,8480193,13,50,3,4.0,1.0,Daniil Tarasov
20252026,2025021140,2026-03-26,8482661,30,20,2,2.034,0.034,Jesper Wallstedt
20252026,2025021141,2026-03-26,8478009,2,27,1,2.55,1.55,Ilya Sorokin
20252026,2025021141,2026-03-26,8479979,25,25,2,3.528,1.528,Jake Oettinger
20252026,2025021142,2026-03-26,8481035,4,26,1,1.723,0.723,Samuel Ersson
20252026,2025021142,2026-03-26,8481519,16,42,5,5.947,0.947,Spencer Knight
20252026,2025021143,2026-03-26,8477968,28,12,2,1.386,-0.614,Alex Nedeljkovic
20252026,2025021143,2026-03-26,8480981,19,25,1,2.284,1.284,Joel Hofer
20252026,2025021143,2026-03-26,8482137,28,11,0,1.019,1.019,Yaroslav Askarov
20252026,2025021144,2026-03-26,8474593,1,17,2,2.088,0.088,Jacob Markstrom
20252026,2025021144,2026-03-26,8481020,18,29,3,3.043,0.043,Justus Annunen
20252026,2025021145,2026-03-26,8476945,52,35,3,4.427,1.427,Connor Hellebuyck
20252026,2025021145,2026-03-26,8478406,21,24,2,2.139,0.139,Mackenzie Blackwood
20252026,2025021146,2026-03-26,8477970,68,23,6,1.98,-4.02,Vitek Vanecek
20252026,2025021146,2026-03-26,8478872,68,1,0,0.008,0.008,Karel Vejmelka
20252026,2025021146,2026-03-26,8480313,15,40,4,5.415,1.415,Logan Thompson
20252026,2025021147,2026-03-26,8478024,24,25,2,2.026,0.026,Ville Husso
20252026,2025021147,2026-03-26,8482445,20,33,3,3.362,0.362,Devin Cooley
20252026,2025021148,2026-03-26,8478499,54,29,4,2.653,-1.347,Adin Hill
20252026,2025021148,2026-03-26,8478971,22,29,3,3.242,0.242,Connor Ingram
20252026,2025021149,2026-03-26,8475311,26,19,0,1.232,1.232,Darcy Kuemper
20252026,2025021149,2026-03-26,8480947,23,37,3,3.724,0.724,Kevin Lankinen
20252026,2025021150,2026-03-27,8476434,17,30,2,2.78,0.78,John Gibson
20252026,2025021150,2026-03-27,8479312,7,19,4,3.056,-0.944,Alex Lyon
20252026,2025021151,2026-03-27,8482193,3,28,1,2.545,1.545,Dylan Garand
20252026,2025021151,2026-03-27,8482821,16,38,6,3.537,-2.463,Arvid Soderblom
20252026,2025021152,2026-03-28,8473503,9,27,4,2.721,-1.279,James Reimer
20252026,2025021152,2026-03-28,8476883,14,28,2,3.211,1.211,Andrei Vasilevskiy
20252026,2025021153,2026-03-28,8478009,2,21,2,1.836,-0.164,Ilya Sorokin
20252026,2025021153,2026-03-28,8480193,13,40,5,4.573,-0.427,Daniil Tarasov
20252026,2025021154,2026-03-28,8478971,22,33,2,3.528,1.528,Connor Ingram
20252026,2025021154,2026-03-28,8480843,24,33,3,4.039,1.039,Lukas Dostal
20252026,2025021155,2026-03-28,8479406,30,30,5,2.573,-2.427,Filip Gustavsson
20252026,2025021155,2026-03-28,8480280,6,34,3,2.577,-0.423,Jeremy Swayman
20252026,2025021156,2026-03-28,8479973,5,24,4,2.46,-1.54,Stuart Skinner
20252026,2025021156,2026-03-28,8479979,25,12,3,1.45,-1.55,Jake Oettinger
20252026,2025021157,2026-03-28,8474593,1,33,4,3.751,-0.249,Jacob Markstrom
20252026,2025021157,2026-03-28,8483548,12,19,2,2.293,0.293,Brandon Bussi
20252026,2025021158,2026-03-28,8477968,28,24,2,2.492,0.492,Alex Nedeljkovic
20252026,2025021158,2026-03-28,8478007,29,36,3,4.109,1.109,Elvis Merzlikins
20252026,2025021159,2026-03-28,8475831,55,36,2,3.234,1.234,Philipp Grubauer
20252026,2025021159,2026-03-28,8480045,7,34,2,3.7,1.7,Ukko-Pekka Luukkonen
20252026,2025021160,2026-03-28,8476412,19,13,1,0.94,-0.06,Jordan Binnington
20252026,2025021160,2026-03-28,8479361,10,38,5,4.905,-0.095,Joseph Woll
20252026,2025021161,2026-03-28,8477424,18,32,4,3.709,-0.291,Juuse Saros
20252026,2025021161,2026-03-28,8484170,8,24,1,1.844,0.844,Jacob Fowler
20252026,2025021162,2026-03-28,8476945,52,23,2,2.024,0.024,Connor Hellebuyck
20252026,2025021162,2026-03-28,8478406,21,20,3,1.932,-1.068,Mackenzie Blackwood
20252026,2025021163,2026-03-28,8475660,17,4,0,0.275,0.275,Cam Talbot
20252026,2025021163,2026-03-28,8476434,17,21,4,3.137,-0.863,John Gibson
20252026,2025021163,2026-03-28,8478435,4,35,3,3.358,0.358,Dan Vladar
20252026,2025021164,2026-03-28,8475311,26,16,5,2.207,-2.793,Darcy Kuemper
20252026,2025021164,2026-03-28,8476341,26,11,0,1.441,1.441,Anton Forsberg
20252026,2025021164,2026-03-28,8478872,68,31,2,2.702,0.702,Karel Vejmelka
20252026,2025021165,2026-03-28,8480947,23,12,3,1.304,-1.696,Kevin Lankinen
20252026,2025021165,2026-03-28,8481692,20,34,3,2.984,-0.016,Dustin Wolf
20252026,2025021165,2026-03-28,8484268,23,11,4,1.103,-2.897,Nikita Tolopilo
20252026,2025021166,2026-03-28,8478499,54,22,4,2.667,-1.333,Adin Hill
20252026,2025021166,2026-03-28,8480313,15,29,4,2.814,-1.186,Logan Thompson
20252026,2025021167,2026-03-29,8475683,13,21,2,1.819,-0.181,Sergei Bobrovsky
20252026,2025021167,2026-03-29,8478048,3,27,1,3.009,2.009,Igor Shesterkin
20252026,2025021168,2026-03-29,8477992,14,31,2,2.58,0.58,Jonas Johansson
20252026,2025021168,2026-03-29,8481020,18,28,3,4.389,1.389,Justus Annunen
20252026,2025021169,2026-03-29,8475883,12,18,3,2.522,-0.478,Frederik Andersen
20252026,2025021169,2026-03-29,8482487,8,35,1,4.04,3.04,Jakub Dobes
20252026,2025021170,2026-03-29,8480280,6,25,3,3.736,0.736,Jeremy Swayman
20252026,2025021170,2026-03-29,8482982,29,39,3,5.14,2.14,Jet Greaves
20252026,2025021171,2026-03-29,8474596,1,31,3,3.582,0.582,Jake Allen
20252026,2025021171,2026-03-29,8481519,16,39,4,4.621,0.621,Spencer Knight
20252026,2025021172,2026-03-29,8479193,25,30,2,3.075,1.075,Casey DeSmith
20252026,2025021172,2026-03-29,8481035,4,18,1,1.757,0.757,Samuel Ersson
20252026,2025021173,2026-03-30,8478009,2,29,7,3.665,-3.335,Ilya Sorokin
20252026,2025021173,2026-03-30,8479496,2,3,1,0.483,-0.517,David Rittich
20252026,2025021173,2026-03-30,8481668,5,23,3,2.103,-0.897,Arturs Silovs
20252026,2025021174,2026-03-30,8475809,21,29,2,3.342,1.342,Scott Wedgewood
20252026,2025021174,2026-03-30,8481692,20,16,4,2.645,-1.355,Dustin Wolf
20252026,2025021174,2026-03-30,8482445,20,33,5,4.03,-0.97,Devin Cooley
20252026,2025021175,2026-03-30,8478499,54,24,2,2.355,0.355,Adin Hill
20252026,2025021175,2026-03-30,8480947,23,33,3,3.521,0.521,Kevin Lankinen
20252026,2025021176,2026-03-30,8476932,10,32,4,3.75,-0.25,Anthony Stolarz
20252026,2025021176,2026-03-30,8478024,24,29,5,4.35,-0.65,Ville Husso
20252026,2025021177,2026-03-30,8480981,19,29,5,3.234,-1.766,Joel Hofer
20252026,2025021177,2026-03-30,8482137,28,26,4,2.039,-1.961,Yaroslav Askarov
20252026,2025021178,2026-03-31,8476914,6,16,3,1.888,-1.112,Joonas Korpisalo
20252026,2025021178,2026-03-31,8479979,25,22,4,2.608,-1.392,Jake Oettinger
20252026,2025021179,2026-03-31,8478009,2,32,3,3.458,0.458,Ilya Sorokin
20252026,2025021179,2026-03-31,8480045,7,28,3,2.369,-0.631,Ukko-Pekka Luukkonen
20252026,2025021180,2026-03-31,8476883,14,21,2,2.49,0.49,Andrei Vasilevskiy
20252026,2025021180,2026-03-31,8482487,8,37,1,3.631,2.631,Jakub Dobes
20252026,2025021181,2026-03-31,8473503,9,13,1,1.465,0.465,James Reimer
20252026,2025021181,2026-03-31,8476999,9,16,5,2.548,-2.452,Linus Ullmark
20252026,2025021181,2026-03-31,8480193,13,26,3,2.755,-0.245,Daniil Tarasov
20252026,2025021182,2026-03-31,8474593,1,23,4,2.943,-1.057,Jacob Markstrom
20252026,2025021182,2026-03-31,8478048,3,23,1,2.248,1.248,Igor Shesterkin
20252026,2025021183,2026-03-31,8475660,17,18,2,2.503,0.503,Cam Talbot
20252026,2025021183,2026-03-31,8476434,17,14,3,1.514,-1.486,John Gibson
20252026,2025021183,2026-03-31,8479973,5,23,1,2.699,1.699,Stuart Skinner
20252026,2025021184,2026-03-31,8478435,4,17,5,2.169,-2.831,Dan Vladar
20252026,2025021184,2026-03-31,8480313,15,24,4,3.404,-0.596,Logan Thompson
20252026,2025021185,2026-03-31,8482982,29,32,4,3.488,-0.512,Jet Greaves
20252026,2025021185,2026-03-31,8483548,12,25,2,2.864,0.864,Brandon Bussi
20252026,2025021186,2026-03-31,8476945,52,21,3,2.016,-0.984,Connor Hellebuyck
20252026,2025021186,2026-03-31,8481519,16,24,4,2.59,-1.41,Spencer Knight
20252026,2025021187,2026-03-31,8475831,55,23,2,2.022,0.022,Philipp Grubauer
20252026,2025021187,2026-03-31,8478971,22,27,0,2.366,2.366,Connor Ingram
20252026,2025021188,2026-04-01,8475809,21,6,1,0.583,-0.417,Scott Wedgewood
20252026,2025021188,2026-04-01,8478406,21,19,6,2.221,-3.779,Mackenzie Blackwood
20252026,2025021188,2026-04-01,8480947,23,30,6,2.841,-3.159,Kevin Lankinen
20252026,2025021189,2026-04-01,8476341,26,24,1,2.471,1.471,Anton Forsberg
20252026,2025021189,2026-04-01,8476412,19,26,2,2.942,0.942,Jordan Binnington
20252026,2025021190,2026-04-01,8480843,24,21,4,3.143,-0.857,Lukas Dostal
20252026,2025021190,2026-04-01,8482137,28,31,3,3.129,0.129,Yaroslav Askarov
20252026,2025021191,2026-04-02,8476999,9,22,1,2.036,1.036,Linus Ullmark
20252026,2025021191,2026-04-02,8480045,7,22,2,2.685,0.685,Ukko-Pekka Luukkonen
20252026,2025021192,2026-04-02,8476883,14,24,3,2.12,-0.88,Andrei Vasilevskiy
20252026,2025021192,2026-04-02,8479973,5,32,5,4.514,-0.486,Stuart Skinner
20252026,2025021193,2026-04-02,8475683,13,29,1,2.936,1.936,Sergei Bobrovsky
20252026,2025021193,2026-04-02,8480280,6,24,2,3.488,1.488,Jeremy Swayman
20252026,2025021194,2026-04-02,8474596,1,32,3,2.674,-0.326,Jake Allen
20252026,2025021194,2026-04-02,8480313,15,29,6,3.384,-2.616,Logan Thompson
20252026,2025021195,2026-04-02,8478048,3,25,3,2.575,-0.425,Igor Shesterkin
20252026,2025021195,2026-04-02,8484170,8,24,2,2.415,0.415,Jacob Fowler
20252026,2025021196,2026-04-02,8476434,17,34,2,3.605,1.605,John Gibson
20252026,2025021196,2026-04-02,8481035,4,19,4,2.351,-1.649,Samuel Ersson
20252026,2025021197,2026-04-02,8475883,12,10,1,1.198,0.198,Frederik Andersen
20252026,2025021197,2026-04-02,8478007,29,21,5,1.743,-3.257,Elvis Merzlikins
20252026,2025021198,2026-04-02,8476945,52,21,3,2.804,-0.196,Connor Hellebuyck
20252026,2025021198,2026-04-02,8479979,25,22,0,2.041,2.041,Jake Oettinger
20252026,2025021199,2026-04-02,8479406,30,33,2,3.156,1.156,Filip Gustavsson
20252026,2025021199,2026-04-02,8484268,23,38,4,3.928,-0.072,Nikita Tolopilo
20252026,2025021200,2026-04-02,8477465,22,18,1,2.817,1.817,Tristan Jarry
20252026,2025021200,2026-04-02,8481519,16,33,1,3.989,2.989,Spencer Knight
20252026,2025021200,2026-04-02,8482821,16,5,1,0.512,-0.488,Arvid Soderblom
20252026,2025021201,2026-04-02,8479394,54,22,3,2.604,-0.396,Carter Hart
20252026,2025021201,2026-04-02,8481692,20,34,6,3.574,-2.426,Dustin Wolf
20252026,2025021202,2026-04-02,8476932,10,24,3,1.918,-1.082,Anthony Stolarz
20252026,2025021202,2026-04-02,8477968,28,20,1,1.488,0.488,Alex Nedeljkovic
20252026,2025021203,2026-04-02,8478872,68,27,2,2.133,0.133,Karel Vejmelka
20252026,2025021203,2026-04-02,8478916,55,31,6,3.653,-2.347,Joey Daccord
20252026,2025021204,2026-04-02,8475311,26,34,4,4.019,0.019,Darcy Kuemper
20252026,2025021204,2026-04-02,8477424,18,33,4,2.903,-1.097,Juuse Saros
20252026,2025021205,2026-04-03,8478009,2,21,4,2.254,-1.746,Ilya Sorokin
20252026,2025021205,2026-04-03,8478435,4,22,1,2.38,1.38,Dan Vladar
20252026,2025021206,2026-04-03,8480843,24,29,6,3.726,-2.274,Lukas Dostal
20252026,2025021206,2026-04-03,8480981,19,27,2,2.878,0.878,Joel Hofer
20252026,2025021207,2026-04-04,8471734,3,33,1,3.542,2.542,Jonathan Quick
20252026,2025021207,2026-04-04,8476434,17,19,3,2.449,-0.551,John Gibson
20252026,2025021208,2026-04-04,8476999,9,23,4,2.257,-1.743,Linus Ullmark
20252026,2025021208,2026-04-04,8482661,30,34,1,2.956,1.956,Jesper Wallstedt
20252026,2025021209,2026-04-04,8475809,21,17,0,1.402,1.402,Scott Wedgewood
20252026,2025021209,2026-04-04,8479193,25,21,1,1.361,0.361,Casey DeSmith
20252026,2025021210,2026-04-04,8476883,14,22,1,1.911,0.911,Andrei Vasilevskiy
20252026,2025021210,2026-04-04,8480280,6,22,2,3.167,1.167,Jeremy Swayman
20252026,2025021211,2026-04-04,8475683,13,19,6,2.762,-3.238,Sergei Bobrovsky
20252026,2025021211,2026-04-04,8480193,13,12,3,1.791,-1.209,Daniil Tarasov
20252026,2025021211,2026-04-04,8481668,5,23,4,1.754,-2.246,Arturs Silovs
20252026,2025021212,2026-04-04,8474596,1,29,3,3.526,0.526,Jake Allen
20252026,2025021212,2026-04-04,8482487,8,38,3,4.594,1.594,Jakub Dobes
20252026,2025021213,2026-04-04,8479312,7,5,3,0.925,-2.075,Alex Lyon
20252026,2025021213,2026-04-04,8480313,15,39,2,3.752,1.752,Logan Thompson
20252026,2025021213,2026-04-04,8481551,7,23,3,1.882,-1.118,Colten Ellis
20252026,2025021214,2026-04-04,8478009,2,40,4,4.237,0.237,Ilya Sorokin
20252026,2025021214,2026-04-04,8483548,12,16,3,1.723,-1.277,Brandon Bussi
20252026,2025021215,2026-04-04,8476945,52,16,1,1.645,0.645,Connor Hellebuyck
20252026,2025021215,2026-04-04,8482982,29,26,2,2.413,0.413,Jet Greaves
20252026,2025021216,2026-04-04,8478872,68,23,4,1.959,-2.041,Karel Vejmelka
20252026,2025021216,2026-04-04,8484268,23,24,6,2.608,-3.392,Nikita Tolopilo
20252026,2025021217,2026-04-04,8475311,26,20,6,2.636,-3.364,Darcy Kuemper
20252026,2025021217,2026-04-04,8479361,10,40,7,4.249,-2.751,Joseph Woll
20252026,2025021218,2026-04-04,8478971,22,33,5,2.887,-2.113,Connor Ingram
20252026,2025021218,2026-04-04,8479394,54,32,1,2.419,1.419,Carter Hart
20252026,2025021219,2026-04-04,8478024,24,19,4,2.426,-1.574,Ville Husso
20252026,2025021219,2026-04-04,8482445,20,39,3,3.385,0.385,Devin Cooley
20252026,2025021220,2026-04-04,8477424,18,27,3,3.149,0.149,Juuse Saros
20252026,2025021220,2026-04-04,8482137,28,33,5,3.577,-1.423,Yaroslav Askarov
20252026,2025021221,2026-04-04,8475831,55,30,3,3.422,0.422,Philipp Grubauer
20252026,2025021221,2026-04-04,8482821,16,27,2,2.314,0.314,Arvid Soderblom
20252026,2025021222,2026-04-05,8475660,17,20,5,1.674,-3.326,Cam Talbot
20252026,2025021222,2026-04-05,8479406,30,24,4,2.507,-1.493,Filip Gustavsson
20252026,2025021223,2026-04-05,8480193,13,23,5,3.347,-1.653,Daniil Tarasov
20252026,2025021223,2026-04-05,8481668,5,31,2,2.919,0.919,Arturs Silovs
20252026,2025021224,2026-04-05,8476914,6,31,2,3.451,1.451,Joonas Korpisalo
20252026,2025021224,2026-04-05,8478435,4,19,1,1.607,0.607,Dan Vladar
20252026,2025021225,2026-04-05,8475883,12,30,5,4.914,-0.086,Frederik Andersen
20252026,2025021225,2026-04-05,8476999,9,28,3,2.853,-0.147,Linus Ullmark
20252026,2025021226,2026-04-05,8474593,1,18,0,2.199,2.199,Jacob Markstrom
20252026,2025021226,2026-04-05,8484170,8,19,2,2.486,0.486,Jacob Fowler
20252026,2025021227,2026-04-05,8478048,3,21,1,1.785,0.785,Igor Shesterkin
20252026,2025021227,2026-04-05,8479292,15,33,8,4.32,-3.68,Charlie Lindgren
20252026,2025021228,2026-04-05,8478406,21,29,3,4.556,1.556,Mackenzie Blackwood
20252026,2025021228,2026-04-05,8480981,19,28,2,2.222,0.222,Joel Hofer
20252026,2025021229,2026-04-06,8476883,14,29,3,3.381,0.381,Andrei Vasilevskiy
20252026,2025021229,2026-04-06,8480045,7,25,2,2.245,0.245,Ukko-Pekka Luukkonen
20252026,2025021230,2026-04-06,8475831,55,18,3,2.654,-0.346,Philipp Grubauer
20252026,2025021230,2026-04-06,8476945,52,24,2,2.388,0.388,Connor Hellebuyck
20252026,2025021230,2026-04-06,8478916,55,12,2,1.278,-0.722,Joey Daccord
20252026,2025021231,2026-04-06,8477968,28,29,2,3.625,1.625,Alex Nedeljkovic
20252026,2025021231,2026-04-06,8481519,16,23,3,2.2,-0.8,Spencer Knight
20252026,2025021232,2026-04-06,8476341,26,31,2,3.751,1.751,Anton Forsberg
20252026,2025021232,2026-04-06,8477424,18,28,2,2.397,0.397,Juuse Saros
20252026,2025021233,2026-04-07,8480193,13,32,3,4.829,1.829,Daniil Tarasov
20252026,2025021233,2026-04-07,8482487,8,33,3,4.722,1.722,Jakub Dobes
20252026,2025021234,2026-04-07,8476999,9,30,2,2.105,0.105,Linus Ullmark
20252026,2025021234,2026-04-07,8477992,14,31,5,3.639,-1.361,Jonas Johansson
20252026,2025021235,2026-04-07,8476434,17,35,3,3.425,0.425,John Gibson
20252026,2025021235,2026-04-07,8482982,29,37,3,4.124,1.124,Jet Greaves
20252026,2025021236,2026-04-07,8474593,1,19,4,2.09,-1.91,Jacob Markstrom
20252026,2025021236,2026-04-07,8478435,4,24,1,2.235,1.235,Dan Vladar
20252026,2025021237,2026-04-07,8476914,6,17,1,2.316,1.316,Joonas Korpisalo
20252026,2025021237,2026-04-07,8480280,6,24,5,2.832,-2.168,Jeremy Swayman
20252026,2025021237,2026-04-07,8483548,12,21,5,2.279,-2.721,Brandon Bussi
20252026,2025021238,2026-04-07,8475809,21,19,1,1.63,0.63,Scott Wedgewood
20252026,2025021238,2026-04-07,8480981,19,37,3,2.98,-0.02,Joel Hofer
20252026,2025021239,2026-04-07,8479979,25,20,3,1.899,-1.101,Jake Oettinger
20252026,2025021239,2026-04-07,8482445,20,25,4,4.508,0.508,Devin Cooley
20252026,2025021240,2026-04-07,8478916,55,28,4,3.169,-0.831,Joey Daccord
20252026,2025021240,2026-04-07,8482661,30,27,2,2.506,0.506,Jesper Wallstedt
20252026,2025021241,2026-04-07,8477465,22,31,6,3.169,-2.831,Tristan Jarry
20252026,2025021241,2026-04-07,8478872,68,26,5,3.219,-1.781,Karel Vejmelka
20252026,2025021242,2026-04-07,8479394,54,11,1,0.834,-0.166,Carter Hart
20252026,2025021242,2026-04-07,8484268,23,29,2,3.874,1.874,Nikita Tolopilo
20252026,2025021243,2026-04-07,8480843,24,25,5,2.92,-2.08,Lukas Dostal
20252026,2025021243,2026-04-07,8481020,18,43,0,5.143,5.143,Justus Annunen
20252026,2025021244,2026-04-08,8478048,3,26,4,3.355,-0.645,Igor Shesterkin
20252026,2025021244,2026-04-08,8480045,7,20,3,2.032,-0.968,Ukko-Pekka Luukkonen
20252026,2025021245,2026-04-08,8476932,10,2,0,0.093,0.093,Anthony Stolarz
20252026,2025021245,2026-04-08,8479361,10,17,3,2.091,-0.909,Joseph Woll
20252026,2025021245,2026-04-08,8480313,15,22,0,1.897,1.897,Logan Thompson
20252026,2025021246,2026-04-08,8477465,22,4,0,0.095,0.095,Tristan Jarry
20252026,2025021246,2026-04-08,8477968,28,26,5,2.407,-2.593,Alex Nedeljkovic
20252026,2025021246,2026-04-08,8478971,22,10,2,1.342,-0.658,Connor Ingram
20252026,2025021247,2026-04-09,8481551,7,37,0,3.958,3.958,Colten Ellis
20252026,2025021247,2026-04-09,8482982,29,23,4,2.237,-1.763,Jet Greaves
20252026,2025021248,2026-04-09,8476883,14,21,2,2.964,0.964,Andrei Vasilevskiy
20252026,2025021248,2026-04-09,8482487,8,18,1,1.685,0.685,Jakub Dobes
20252026,2025021249,2026-04-09,8475683,13,25,4,2.962,-1.038,Sergei Bobrovsky
20252026,2025021249,2026-04-09,8476999,9,23,1,1.664,0.664,Linus Ullmark
20252026,2025021250,2026-04-09,8475660,17,12,1,1.171,0.171,Cam Talbot
20252026,2025021250,2026-04-09,8476434,17,15,2,1.486,-0.514,John Gibson
20252026,2025021250,2026-04-09,8478435,4,8,4,1.458,-2.542,Dan Vladar
20252026,2025021250,2026-04-09,8481035,4,14,2,0.981,-1.019,Samuel Ersson
20252026,2025021251,2026-04-09,8474596,1,29,4,2.994,-1.006,Jake Allen
20252026,2025021251,2026-04-09,8479973,5,21,2,1.948,-0.052,Stuart Skinner
20252026,2025021252,2026-04-09,8478009,2,16,3,1.192,-1.808,Ilya Sorokin
20252026,2025021252,2026-04-09,8482515,10,44,5,6.584,1.584,Artur Akhtyamov
20252026,2025021253,2026-04-09,8476412,19,34,3,3.722,0.722,Jordan Binnington
20252026,2025021253,2026-04-09,8476945,52,22,2,2.6,0.6,Connor Hellebuyck
20252026,2025021254,2026-04-09,8479406,30,20,5,2.361,-2.639,Filip Gustavsson
20252026,2025021254,2026-04-09,8479979,25,31,4,3.78,-0.22,Jake Oettinger
20252026,2025021255,2026-04-09,8475883,12,25,2,2.485,0.485,Frederik Andersen
20252026,2025021255,2026-04-09,8481519,16,22,7,2.39,-4.61,Spencer Knight
20252026,2025021256,2026-04-09,8478406,21,29,1,2.341,1.341,Mackenzie Blackwood
20252026,2025021256,2026-04-09,8481692,20,40,2,5.212,3.212,Dustin Wolf
20252026,2025021257,2026-04-09,8477424,18,27,4,2.952,-1.048,Juuse Saros
20252026,2025021257,2026-04-09,8478872,68,30,1,3.154,2.154,Karel Vejmelka
20252026,2025021258,2026-04-09,8480843,24,19,1,0.908,-0.092,Lukas Dostal
20252026,2025021258,2026-04-09,8482137,28,30,6,3.545,-2.455,Yaroslav Askarov
20252026,2025021259,2026-04-09,8478499,54,33,3,2.396,-0.604,Adin Hill
20252026,2025021259,2026-04-09,8478916,55,35,3,3.706,0.706,Joey Daccord
20252026,2025021260,2026-04-09,8476341,26,25,1,1.818,0.818,Anton Forsberg
20252026,2025021260,2026-04-09,8484268,23,26,4,2.326,-1.674,Nikita Tolopilo
20252026,2025021261,2026-04-11,8476883,14,21,1,2.198,1.198,Andrei Vasilevskiy
20252026,2025021261,2026-04-11,8480280,6,24,2,3.62,1.62,Jeremy Swayman
20252026,2025021262,2026-04-11,8476999,9,23,0,2.758,2.758,Linus Ullmark
20252026,2025021262,2026-04-11,8478009,2,15,2,1.717,-0.283,Ilya Sorokin
20252026,2025021263,2026-04-11,8480313,15,11,3,1.318,-1.682,Logan Thompson
20252026,2025021263,2026-04-11,8481668,5,31,5,3.151,-1.849,Arturs Silovs
20252026,2025021264,2026-04-11,8476341,26,27,0,2.66,2.66,Anton Forsberg
20252026,2025021264,2026-04-11,8478971,22,21,1,1.723,0.723,Connor Ingram
20252026,2025021265,2026-04-11,8474596,1,28,3,2.809,-0.191,Jake Allen
20252026,2025021265,2026-04-11,8476434,17,32,4,3.814,-0.186,John Gibson
20252026,2025021266,2026-04-11,8480981,19,34,3,2.921,-0.079,Joel Hofer
20252026,2025021266,2026-04-11,8482821,16,28,5,2.584,-2.416,Arvid Soderblom
20252026,2025021267,2026-04-11,8481020,18,22,1,2.526,1.526,Justus Annunen
20252026,2025021267,2026-04-11,8482661,30,22,2,2.484,0.484,Jesper Wallstedt
20252026,2025021268,2026-04-11,8478048,3,18,1,2.42,1.42,Igor Shesterkin
20252026,2025021268,2026-04-11,8479979,25,22,0,2.083,2.083,Jake Oettinger
20252026,2025021269,2026-04-11,8475883,12,27,1,2.702,1.702,Frederik Andersen
20252026,2025021269,2026-04-11,8478872,68,28,3,3.376,0.376,Karel Vejmelka
20252026,2025021270,2026-04-11,8479361,10,23,4,1.762,-2.238,Joseph Woll
20252026,2025021270,2026-04-11,8480193,13,19,2,1.959,-0.041,Daniil Tarasov
20252026,2025021271,2026-04-11,8482487,8,33,5,5.815,0.815,Jakub Dobes
20252026,2025021271,2026-04-11,8482982,29,22,2,2.643,0.643,Jet Greaves
20252026,2025021272,2026-04-11,8476945,52,20,5,1.45,-3.55,Connor Hellebuyck
20252026,2025021272,2026-04-11,8477480,52,3,2,0.67,-1.33,Eric Comrie
20252026,2025021272,2026-04-11,8478435,4,28,1,2.581,1.581,Dan Vladar
20252026,2025021273,2026-04-11,8482445,20,20,3,2.833,-0.167,Devin Cooley
20252026,2025021273,2026-04-11,8483668,55,27,1,1.454,0.454,Nikke Kokko
20252026,2025021274,2026-04-11,8478406,21,29,3,2.871,-0.129,Mackenzie Blackwood
20252026,2025021274,2026-04-11,8479394,54,32,2,3.034,1.034,Carter Hart
20252026,2025021275,2026-04-11,8480947,23,32,3,2.88,-0.12,Kevin Lankinen
20252026,2025021275,2026-04-11,8482137,28,41,3,3.697,0.697,Yaroslav Askarov
20252026,2025021276,2026-04-12,8479973,5,26,2,2.421,0.421,Stuart Skinner
20252026,2025021276,2026-04-12,8480313,15,24,0,3.316,3.316,Logan Thompson
20252026,2025021277,2026-04-12,8478009,2,22,4,2.93,-1.07,Ilya Sorokin
20252026,2025021277,2026-04-12,8484170,8,33,1,2.982,1.982,Jacob Fowler
20252026,2025021278,2026-04-12,8476914,6,35,2,2.828,0.828,Joonas Korpisalo
20252026,2025021278,2026-04-12,8482982,29,22,3,2.194,-0.806,Jet Greaves
20252026,2025021279,2026-04-12,8473503,9,30,4,4.588,0.588,James Reimer
20252026,2025021279,2026-04-12,8482076,1,30,3,3.988,0.988,Nico Daws
20252026,2025021280,2026-04-12,8480843,24,26,4,3.676,-0.324,Lukas Dostal
20252026,2025021280,2026-04-12,8484268,23,27,3,4.088,1.088,Nikita Tolopilo
20252026,2025021281,2026-04-12,8477970,68,23,4,2.746,-1.254,Vitek Vanecek
20252026,2025021281,2026-04-12,8481692,20,29,1,2.26,1.26,Dustin Wolf
20252026,2025021282,2026-04-13,8475660,17,22,4,3.136,-0.864,Cam Talbot
20252026,2025021282,2026-04-13,8476883,14,30,3,3.399,0.399,Andrei Vasilevskiy
20252026,2025021283,2026-04-13,8471734,3,16,3,1.374,-1.626,Jonathan Quick
20252026,2025021283,2026-04-13,8480193,13,27,2,3.187,1.187,Daniil Tarasov
20252026,2025021284,2026-04-13,8478435,4,26,2,2.385,0.385,Dan Vladar
20252026,2025021284,2026-04-13,8483548,12,23,2,4.542,2.542,Brandon Bussi
20252026,2025021285,2026-04-13,8479193,25,27,5,2.692,-2.308,Casey DeSmith
20252026,2025021285,2026-04-13,8482515,10,33,6,4.922,-1.078,Artur Akhtyamov
20252026,2025021286,2026-04-13,8479406,30,21,5,2.92,-2.08,Filip Gustavsson
20252026,2025021286,2026-04-13,8480981,19,31,3,3.736,0.736,Joel Hofer
20252026,2025021287,2026-04-13,8477968,28,28,2,3.296,1.296,Alex Nedeljkovic
20252026,2025021287,2026-04-13,8481020,18,22,2,2.358,0.358,Justus Annunen
20252026,2025021288,2026-04-13,8480045,7,16,1,1.573,0.573,Ukko-Pekka Luukkonen
20252026,2025021288,2026-04-13,8481519,16,26,5,3.288,-1.712,Spencer Knight
20252026,2025021289,2026-04-13,8475809,21,31,1,2.739,1.739,Scott Wedgewood
20252026,2025021289,2026-04-13,8478971,22,32,1,4.217,3.217,Connor Ingram
20252026,2025021290,2026-04-13,8476945,52,38,6,4.596,-1.404,Connor Hellebuyck
20252026,2025021290,2026-04-13,8479394,54,23,2,2.708,0.708,Carter Hart
20252026,2025021291,2026-04-13,8476341,26,33,3,2.093,-0.907,Anton Forsberg
20252026,2025021291,2026-04-13,8483668,55,29,4,3.31,-0.69,Nikke Kokko
20252026,2025021292,2026-04-14,8480280,6,21,0,1.594,1.594,Jeremy Swayman
20252026,2025021292,2026-04-14,8482076,1,26,4,3.143,-0.857,Nico Daws
20252026,2025021293,2026-04-14,8479496,2,21,2,1.548,-0.452,David Rittich
20252026,2025021293,2026-04-14,8483548,12,30,1,3.303,2.303,Brandon Bussi
20252026,2025021294,2026-04-14,8481035,4,29,2,2.96,0.96,Samuel Ersson
20252026,2025021294,2026-04-14,8482487,8,25,4,2.695,-1.305,Jakub Dobes
20252026,2025021295,2026-04-14,8482982,29,21,2,3.374,1.374,Jet Greaves
20252026,2025021295,2026-04-14,8483532,15,28,1,2.846,1.846,Clay Stevenson
20252026,2025021296,2026-04-14,8480843,24,20,3,3.482,0.482,Lukas Dostal
20252026,2025021296,2026-04-14,8482661,30,37,2,4.299,2.299,Jesper Wallstedt
20252026,2025021297,2026-04-14,8477480,52,35,4,3.799,-0.201,Eric Comrie
20252026,2025021297,2026-04-14,8478872,68,24,3,2.4,-0.6,Karel Vejmelka
20252026,2025021298,2026-04-14,8478406,21,31,1,3.132,2.132,Mackenzie Blackwood
20252026,2025021298,2026-04-14,8481692,20,37,2,4.796,2.796,Dustin Wolf
20252026,2025021299,2026-04-14,8476412,19,23,5,2.981,-2.019,Jordan Binnington
20252026,2025021299,2026-04-14,8479973,5,21,4,3.24,-0.76,Stuart Skinner
20252026,2025021299,2026-04-14,8481668,5,9,2,1.168,-0.832,Arturs Silovs
20252026,2025021300,2026-04-14,8475311,26,25,4,2.851,-1.149,Darcy Kuemper
20252026,2025021300,2026-04-14,8480947,23,34,3,3.822,0.822,Kevin Lankinen
20252026,2025021301,2026-04-15,8479979,25,24,3,1.965,-1.035,Jake Oettinger
20252026,2025021301,2026-04-15,8481551,7,28,3,2.529,-0.471,Colten Ellis
20252026,2025021302,2026-04-15,8477990,14,21,4,2.741,-1.259,Brandon Halverson
20252026,2025021302,2026-04-15,8482193,3,31,2,4.234,2.234,Dylan Garand
20252026,2025021303,2026-04-15,8475660,17,13,4,1.938,-2.062,Cam Talbot
20252026,2025021303,2026-04-15,8476434,17,15,4,1.454,-2.546,John Gibson
20252026,2025021303,2026-04-15,8480193,13,26,1,2.245,1.245,Daniil Tarasov
20252026,2025021304,2026-04-15,8473503,9,20,1,1.477,0.477,James Reimer
20252026,2025021304,2026-04-15,8483710,10,37,2,3.396,1.396,Dennis Hildeby
20252026,2025021305,2026-04-15,8481519,16,17,2,1.744,-0.256,Spencer Knight
20252026,2025021305,2026-04-15,8482137,28,24,5,2.98,-2.02,Yaroslav Askarov
20252026,2025021306,2026-04-15,8479394,54,23,1,1.849,0.849,Carter Hart
20252026,2025021306,2026-04-15,8483668,55,26,4,2.653,-1.347,Nikke Kokko
20252026,2025021307,2026-04-16,8477424,18,40,5,5.418,0.418,Juuse Saros
20252026,2025021307,2026-04-16,8478024,24,21,4,1.788,-2.212,Ville Husso
20252026,2025021308,2026-04-16,8477480,52,33,6,5.501,-0.499,Eric Comrie
20252026,2025021308,2026-04-16,8477968,28,27,1,2.415,1.415,Alex Nedeljkovic
20252026,2025021309,2026-04-16,8477970,68,10,1,0.767,-0.233,Vitek Vanecek
20252026,2025021309,2026-04-16,8478872,68,18,3,2.055,-0.945,Karel Vejmelka
20252026,2025021309,2026-04-16,8480981,19,23,3,1.993,-1.007,Joel Hofer
20252026,2025021310,2026-04-16,8476341,26,19,2,1.242,-0.758,Anton Forsberg
20252026,2025021310,2026-04-16,8482949,20,28,1,3.541,2.541,Arsenii Sergeev
20252026,2025021311,2026-04-16,8478971,22,12,1,1.434,0.434,Connor Ingram
20252026,2025021311,2026-04-16,8480947,23,35,6,4.296,-1.704,Kevin Lankinen
20252026,2025021312,2026-04-16,8475809,21,22,0,0.983,0.983,Scott Wedgewood
20252026,2025021312,2026-04-16,8484910,55,35,2,3.164,1.164,Victor Ostman
